clause_id,app_name,source_document,source_file,page_start,page_end,section_heading,clause_text,relevance_score,relevance_level
S000001,Google,Google Cloud Acceptable Use Policy,Google Cloud Acceptable Use Policy.docx,1,1,Google Cloud Acceptable Use Policy,"For all Services that are subject to the Cloud Acceptable Use Policy: Use of the Services is subject to this acceptable use policy (""AUP"").",0,low
S000003,Google,Google Cloud Acceptable Use Policy,Google Cloud Acceptable Use Policy.docx,1,1,Google Cloud Acceptable Use Policy,"If not defined here, capitalized terms have the meaning stated in the applicable contract (""Agreement"") between the customer, reseller or other authorized user (""You"") and Google.",0,low
S000004,Google,Google Cloud Acceptable Use Policy,Google Cloud Acceptable Use Policy.docx,1,1,Google Cloud Acceptable Use Policy,"You must not use the Services – and You must not allow any third parties or End Users to use the Services – for any of the following: to violate, or encourage the violation of, the legal rights of others;",0,low
S000006,Google,Google Cloud Acceptable Use Policy,Google Cloud Acceptable Use Policy.docx,1,1,Google Cloud Acceptable Use Policy,"to engage in, promote, or encourage illegal activity, including child sexual exploitation, child abuse, or terrorism or violence that can cause death, serious harm, or injury to individuals or groups of individuals;",1,medium
S000007,Google,Google Cloud Acceptable Use Policy,Google Cloud Acceptable Use Policy.docx,1,1,Google Cloud Acceptable Use Policy,"for any unlawful, invasive, infringing, defamatory, or fraudulent purpose including Non-consensual Explicit Imagery (NCEI), violating intellectual property rights of others, phishing, or creating a pyramid scheme;",0,low
S000008,Google,Google Cloud Acceptable Use Policy,Google Cloud Acceptable Use Policy.docx,1,1,Google Cloud Acceptable Use Policy,"to distribute viruses, worms, Trojan horses, corrupted files, hoaxes or other items of a destructive or deceptive nature;",0,low
S000009,Google,Google Cloud Acceptable Use Policy,Google Cloud Acceptable Use Policy.docx,1,1,Google Cloud Acceptable Use Policy,"to gain unauthorized access to, disrupt, or impair the use of the Services, or the equipment used to provide the Services, by customers, authorized resellers, or other authorized users;",0,low
S000010,Google,Google Cloud Acceptable Use Policy,Google Cloud Acceptable Use Policy.docx,1,1,Google Cloud Acceptable Use Policy,"to alter, disable, interfere with or circumvent any aspect of the Services, Software, or the equipment used to provide the Services;",0,low
S000011,Google,Google Cloud Acceptable Use Policy,Google Cloud Acceptable Use Policy.docx,1,1,Google Cloud Acceptable Use Policy,"to generate, distribute, publish or facilitate unsolicited mass email, promotions, advertisements, or other solicitations (""spam"");",0,low
S000012,Google,Google Cloud Acceptable Use Policy,Google Cloud Acceptable Use Policy.docx,1,1,Google Cloud Acceptable Use Policy,"to test or reverse-engineer the Services in order to find limitations or vulnerabilities, or to evade filtering capabilities, except as expressly permitted in the Agreement; or",0,low
S000013,Google,Google Cloud Acceptable Use Policy,Google Cloud Acceptable Use Policy.docx,1,1,Google Cloud Acceptable Use Policy,"to use the Services, or any interfaces provided with the Services, to access any other Google product or service in a manner that violates the terms of service of such other Google product or service.",0,low
S000014,Google,Google Cloud Acceptable Use Policy,Google Cloud Acceptable Use Policy.docx,1,1,Google Cloud Acceptable Use Policy,"For Google Workspace: In addition to the provisions for ""All Services"" above, if You are using Google Workspace, Google Workspace for Education, or Cloud Identity, You must not use the Services – and You must not allow any third parties or End Users to use the Services – for any of the following:",0,low
S000016,Google,Google Cloud Acceptable Use Policy,Google Cloud Acceptable Use Policy.docx,1,1,Google Cloud Acceptable Use Policy,to grant multiple individuals access to an individual End User Account other than via the delegation features provided within the Services;,0,low
S000017,Google,Google Cloud Acceptable Use Policy,Google Cloud Acceptable Use Policy.docx,1,1,Google Cloud Acceptable Use Policy,to create End User Accounts assigned to business functions rather than to human beings for the purpose of sharing files within or outside of the domain;,0,low
S000018,Google,Google Cloud Acceptable Use Policy,Google Cloud Acceptable Use Policy.docx,1,1,Google Cloud Acceptable Use Policy,"to resell End User Accounts, or parts thereof, as added into a commercial product offered to third parties; or",0,low
S000019,Google,Google Cloud Acceptable Use Policy,Google Cloud Acceptable Use Policy.docx,1,1,Google Cloud Acceptable Use Policy,to record audio or video communications without consent if such consent is required by applicable laws and regulations (You are solely responsible for ensuring compliance with all applicable laws and regulations in the relevant jurisdiction(s)).,2,medium
S000020,Google,Google Cloud Acceptable Use Policy,Google Cloud Acceptable Use Policy.docx,1,1,Google Cloud Acceptable Use Policy,"If You use Google Workspace for Education, You agree to use all Services, Additional Products, and Third-Party Offerings that are accessible with Your Account only (a) for educational purposes, and (b) if You are an End User, as authorized by Your school.",0,low
S000021,Google,Google Cloud Acceptable Use Policy,Google Cloud Acceptable Use Policy.docx,1,1,Google Cloud Acceptable Use Policy,"For Google Maps Platform: In addition to the provisions for ""All Services"" above, if You are using Google Maps Platform, You must not use the Services – and You must not allow any third parties or End Users to use the Services – for any of the following:",0,low
S000023,Google,Google Cloud Acceptable Use Policy,Google Cloud Acceptable Use Policy.docx,1,1,Google Cloud Acceptable Use Policy,"to engage in activities that disparage, discriminate, or harass, or are intended to do so;",0,low
S000024,Google,Google Cloud Acceptable Use Policy,Google Cloud Acceptable Use Policy.docx,1,1,Google Cloud Acceptable Use Policy,to combine any Google data with any personal information held by You to derive additional personal information without user consent;,1,medium
S000025,Google,Google Cloud Acceptable Use Policy,Google Cloud Acceptable Use Policy.docx,1,1,Google Cloud Acceptable Use Policy,"to limit access to ""sensitive consumer opportunities"" based on demographics; or",0,low
S000026,Google,Google Cloud Acceptable Use Policy,Google Cloud Acceptable Use Policy.docx,1,1,Google Cloud Acceptable Use Policy,"to assist in the use of weapons where that use would, or is likely to, violate applicable law or regulations.",0,low
S000027,Google,Google Cloud Acceptable Use Policy,Google Cloud Acceptable Use Policy.docx,1,1,Google Cloud Acceptable Use Policy,"Your failure to comply with the AUP may result in suspension or termination, or both, of the applicable Services pursuant to the Agreement.",0,low
S000028,Google,Google Cloud Terms of Service,Google Cloud Terms of Service.docx,1,1,Google Cloud Terms of Service,New to Google Cloud? A quick overview of Google Cloud’s online contracting can be found here.,0,low
S000029,Google,Google Cloud Terms of Service,Google Cloud Terms of Service.docx,1,1,Google Cloud Terms of Service,"If you are accessing the Services as a customer of an unaffiliated Google Cloud reseller, these terms will apply to you in relation to your use of the Services (subject to the ""Resold Customers"" section of the applicable Service Specific Terms). Notwithstanding the applicability of these terms, if you fall under one of the exempt categories described at https://cloud.google.com/terms/direct-tos-exemptions for the applicable Services, these terms do not apply to you, unless you and Google agree otherwise in writing. If you become exempt from these terms after the Effective Date, this will not affect any liability arising between the parties prior to the date that you become exempt.",0,low
S000030,Google,Google Cloud Terms of Service,Google Cloud Terms of Service.docx,1,1,Google Cloud Terms of Service,"If you signed an offline variant of this Agreement for use of the Google Cloud Platform Services, Google Workspace Services, SecOps Services, Looker (original) Services, or Cloud Identity Services under the same Google Cloud Platform Services, Google Workspace, SecOps Services, Looker (original) Services, or Cloud Identity Services Account, the terms below do not apply to you, and your offline terms govern your use of the applicable Services.",0,low
S000031,Google,Google Cloud Terms of Service,Google Cloud Terms of Service.docx,1,1,Google Cloud Terms of Service,These terms do not apply to use of Starter Tier resources. The Starter Tier Additional Terms of Service govern use of all resources in your Starter Tier project.,0,low
S000032,Google,Google Cloud Terms of Service,Google Cloud Terms of Service.docx,1,1,Google Cloud Terms of Service,"These Google Cloud Terms of Service (together, the ""Agreement"") are entered into by Google and the entity or person agreeing to these terms (""Customer"") and govern Customer's access to and use of the Services. ""Google"" has the meaning given at https://cloud.google.com/terms/google-entity.",0,low
S000033,Google,Google Cloud Terms of Service,Google Cloud Terms of Service.docx,1,1,Google Cloud Terms of Service,"This Agreement is effective when Customer clicks to accept or otherwise agrees to it (the ""Effective Date""). If you are accepting on behalf of Customer, you represent and warrant that (i) you have full legal authority to bind Customer to this Agreement; (ii) you have read and understand this Agreement; and (iii) you agree, on behalf of Customer, to this Agreement.",0,low
S000034,Google,Google Cloud Terms of Service,Google Cloud Terms of Service.docx,1,1,Google Cloud Terms of Service,1. Provision of the Services.,0,low
S000035,Google,Google Cloud Terms of Service,Google Cloud Terms of Service.docx,1,1,Google Cloud Terms of Service,"1.1 Services Use. During the Term, Google will provide the Services in accordance with this Agreement, including the SLAs, and Customer may use the Services, and integrate the GCP Services and Looker (original) Services into any Customer Application that has material value independent of the Services, in accordance with this Agreement. For clarity, Customer may not integrate the Google Workspace Services, SecOps Services, or Cloud Identity Services into Customer Applications or create or host Customer Applications using the Google Workspace Services, SecOps Services, or Cloud Identity Services under this Agreement, and Customer may only integrate Looker (original) Services into a Customer Application as provided in the Service Specific Terms.",0,low
S000036,Google,Google Cloud Terms of Service,Google Cloud Terms of Service.docx,1,1,Google Cloud Terms of Service,"1.2 Admin Console. If applicable, Customer will have access to the Admin Console, through which Customer may manage its use of the Services.",0,low
S000037,Google,Google Cloud Terms of Service,Google Cloud Terms of Service.docx,1,1,Google Cloud Terms of Service,1.3 Accounts; Verification to Use GWS Services or Cloud Identity Services.,0,low
S000038,Google,Google Cloud Terms of Service,Google Cloud Terms of Service.docx,1,1,Google Cloud Terms of Service,"(a) Accounts. Customer must have an Account to use the Services and is responsible for the information it provides to create the Account, the security of its passwords for the Account (including any keys for Google APIs) and for any use of its Account. Google has no obligation to provide multiple accounts to Customer.",0,low
S000039,Google,Google Cloud Terms of Service,Google Cloud Terms of Service.docx,1,1,Google Cloud Terms of Service,"(b) Verification to use GWS Services or Cloud Identity Services. Customer must verify a Domain Email Address or a Domain Name to use GWS Services or Cloud Identity Services. If Customer does not have valid permission to use the Domain Email Address or does not own or control the Domain Name, then Google will have no obligation to provide Customer with GWS Services or Cloud Identity Services and may delete the Account without notice.",0,low
S000040,Google,Google Cloud Terms of Service,Google Cloud Terms of Service.docx,1,1,Google Cloud Terms of Service,1.4 Updates.,0,low
S000041,Google,Google Cloud Terms of Service,Google Cloud Terms of Service.docx,1,1,Google Cloud Terms of Service,(a) To the Services. Google may make commercially reasonable updates to the Services from time to time.,0,low
S000042,Google,Google Cloud Terms of Service,Google Cloud Terms of Service.docx,1,1,Google Cloud Terms of Service,"(b) To this Agreement. Subject to subsections (i) and (ii), Google may make updates to this Agreement from time to time. Google will post any update to this Agreement to https://cloud.google.com/terms/. This subsection 1.4(b) does not apply to updates to the URL Terms, which are governed by subsection 1.4(c) below.",0,low
S000043,Google,Google Cloud Terms of Service,Google Cloud Terms of Service.docx,1,1,Google Cloud Terms of Service,"(i) With respect to GCP Services and their corresponding TSS, unless otherwise noted by Google, material updates to this Agreement will become effective 30 days after they are posted. Notwithstanding the preceding sentence, to the extent any updates apply to new functionality or are required to comply with applicable law, they will be effective immediately. If Customer does not agree to any update to the Agreement regarding GCP or its TSS, Customer may stop using the GCP Services or TSS. Customer may also terminate this Agreement for convenience under Section 8.5 (Termination for Convenience). Customer's continued use of the GCP Services or TSS after a material update will constitute Customer's consent to such update.",2,medium
S000044,Google,Google Cloud Terms of Service,Google Cloud Terms of Service.docx,1,1,Google Cloud Terms of Service,"(ii) With respect to GWS Services, SecOpS Services, Looker (original) Services, and Cloud Identity Services, and their respective corresponding TSS, material updates to this Agreement will only take effect if and when Customer's Order Term renews.",0,low
S000045,Google,Google Cloud Terms of Service,Google Cloud Terms of Service.docx,1,1,Google Cloud Terms of Service,"(c) To the URL Terms. Google may make commercially reasonable updates to the URL Terms from time to time by posting any such update at the relevant URL Term. Unless otherwise noted by Google, material updates to the URL Terms will become effective 30 days after they are posted. Notwithstanding the preceding sentence, to the extent the updates apply to new functionality or the Cloud Data Processing Addendum, or are required by applicable law, they will be effective immediately.",0,low
S000046,Google,Google Cloud Terms of Service,Google Cloud Terms of Service.docx,1,1,Google Cloud Terms of Service,"(d) To the Cloud Data Processing Addendum. Without limiting the generality of Section 1.4(c), Google may only update the Cloud Data Processing Addendum where such update is required to comply with applicable law or expressly permitted by the Cloud Data Processing Addendum, or where such update: (i) is commercially reasonable;",0,low
S000048,Google,Google Cloud Terms of Service,Google Cloud Terms of Service.docx,1,1,Google Cloud Terms of Service,(ii) does not result in a material reduction of the security of the Services;,0,low
S000049,Google,Google Cloud Terms of Service,Google Cloud Terms of Service.docx,1,1,Google Cloud Terms of Service,"(iii) does not expand the scope of or remove any restrictions on Google's processing of ""Customer Personal Data,"" as described in the ""Compliance with Customer’s Instructions"" Section of the Cloud Data Processing Addendum; and",0,low
S000050,Google,Google Cloud Terms of Service,Google Cloud Terms of Service.docx,1,1,Google Cloud Terms of Service,(iv) does not otherwise have a material adverse impact on Customer's rights under the Cloud Data Processing Addendum.,0,low
S000051,Google,Google Cloud Terms of Service,Google Cloud Terms of Service.docx,1,1,Google Cloud Terms of Service,"(e) Discontinuation of Services. Subject to the last sentence in this Section 1.4(e) (Discontinuation of Services), Google will notify Customer at least 12 months before: (i) discontinuing any Service (or associated material functionality) unless Google replaces such discontinued Service or functionality with a materially similar Service or functionality; or (ii) significantly modifying a Customer-facing Google API in a backwards-incompatible manner. Nothing in this Section 1.4(e) (Discontinuation of Services) limits Google's ability to make changes required to comply with applicable law, address a material security risk, or avoid a substantial economic or material technical burden. This Section 1.4(e) (Discontinuation of Services) does not apply to Cloud Identity Services or pre-general availability Services, offerings, or functionality and, for GWS Services, only applies to Core Services (and not Other Services).",0,low
S000052,Google,Google Cloud Terms of Service,Google Cloud Terms of Service.docx,1,1,Google Cloud Terms of Service,"1.5 Software. If Google makes Software available to Customer, including third-party software, Customer's use of any Software is subject to the applicable provisions in the Service Specific Terms.",0,low
S000053,Google,Google Cloud Terms of Service,Google Cloud Terms of Service.docx,1,1,Google Cloud Terms of Service,2. Payment Terms.,0,low
S000054,Google,Google Cloud Terms of Service,Google Cloud Terms of Service.docx,1,1,Google Cloud Terms of Service,2.1 Billing.,0,low
S000055,Google,Google Cloud Terms of Service,Google Cloud Terms of Service.docx,1,1,Google Cloud Terms of Service,(a) Billing Generally.,0,low
S000056,Google,Google Cloud Terms of Service,Google Cloud Terms of Service.docx,1,1,Google Cloud Terms of Service,"Google will issue an electronic bill or invoice to Customer for all Fees, including, if applicable, Fees based on Customer's use of the Services during the applicable Fee Accrual Period and any relevant Fees for TSS. If Google reasonably determines based on objective criteria and Google’s policies that Customer poses a risk of non-payment, bad-faith dealing, dishonesty, or accessing or using the Services in a manner intended to avoid incurring Fees to circumvent Service-specific usage limits or quotes, then, without limiting Google’s other rights or remedies, Google may (i) invoice or charge Customer more frequently or (ii) require Customer to purchase credits to use certain Services. Google may also, regardless of any such risk, require all customers to purchase credits to use certain Services. Any purchases of credits are subject to the ""Paid Credit"" section of the applicable Service Specific Terms (including, for GCP Services, the Supplemental Paid Credit Terms at https://cloud.google.com/terms/supplemental-paid-credit). Customer will pay all Fees in the currency stated in the bill or invoice. If Customer pays by credit card, debit card, or other non-invoiced form of payment, Customer will pay all Fees immediately at the end of the Fee Accrual Period or when otherwise charged by Google.",0,low
S000057,Google,Google Cloud Terms of Service,Google Cloud Terms of Service.docx,1,1,Google Cloud Terms of Service,"If Customer pays by invoice, Customer will pay Google all invoiced amounts by the Payment Due Date. For GCP Services, GWS Services, and Cloud Identity Services, Customer may change its payment method to any other method that Google may enable, subject to acceptance by Customer of any additional terms applicable to that payment method. Unless required by law, Customer's obligation to pay all Fees is non-cancellable. For GCP Services, GWS Services, Looker (original) Services, and Cloud Identity Services, Google's measurement tools will be used to determine Customer's usage of the Services. Google has no obligation to provide multiple bills. Payments made via wire transfer must include the bank information provided by Google.",0,low
S000058,Google,Google Cloud Terms of Service,Google Cloud Terms of Service.docx,1,1,Google Cloud Terms of Service,"(b) Billing Options for GWS Services and Cloud Identity Services. This subsection 2.1(b) applies only to GWS Services and Cloud Identity Services. Customer may elect one of the billing options below or any other option offered by Google when Customer places its order for the Services: (i) Flexible Plan. If Customer selects this option, Customer will not be committed to purchase the Services for a pre-defined term, but will pay Fees based on its daily usage of the Services, billed monthly in arrears. Any partial day of Services usage will be rounded up to a full day of Services usage for the purposes of calculating Fees.",0,low
S000060,Google,Google Cloud Terms of Service,Google Cloud Terms of Service.docx,1,1,Google Cloud Terms of Service,"(ii) Annual/Fixed-Term Plan. If Customer selects this option, Customer will be committed to purchasing the Services for one or more annual terms (as selected by Customer). Google will bill Customer according to the terms associated with Customer's elections on the Order Form.",0,low
S000061,Google,Google Cloud Terms of Service,Google Cloud Terms of Service.docx,1,1,Google Cloud Terms of Service,"Under 2.1(b)(i) (Flexible Plan) and 2.1(b)(ii) (Annual/Fixed-Term Plan), if Google reasonably determines based on objective criteria and Google’s policies in accordance with Section 2.1(a) (Billing Generally) that Customer or any of its End Users engaged in bad-faith dealing or dishonesty or has accessed or used the Services in a manner intended to avoid incurring Fees or to circumvent Service-specific usage limits or quotas (collectively, “Customer Malfeasance”), then, without limiting any of Google’s other rights or remedies, Google may bill Customer for the Fees for the entire month during which the Customer Malfeasance occurs, for the total number of End User Accounts used at any time in that month, regardless of whether Customer has disabled any End User Accounts.",0,low
S000062,Google,Google Cloud Terms of Service,Google Cloud Terms of Service.docx,1,1,Google Cloud Terms of Service,Google may change its offering of billing options (including by limiting or ceasing to offer any billing option) upon 30 days’ notice to Customer and any such change will take effect at the beginning of Customer’s next Order Term. Billing options may not be available to all customers.,0,low
S000063,Google,Google Cloud Terms of Service,Google Cloud Terms of Service.docx,1,1,Google Cloud Terms of Service,2.2 Taxes.,0,low
S000064,Google,Google Cloud Terms of Service,Google Cloud Terms of Service.docx,1,1,Google Cloud Terms of Service,"(a) Customer is responsible for any Taxes, and will pay Google for the Services without any reduction for Taxes. If Google is obligated to collect or pay any Taxes, the Taxes will be invoiced to Customer and Customer will pay such Taxes to Google, unless Customer provides Google with a timely and valid tax exemption certificate in respect of those Taxes.",0,low
S000065,Google,Google Cloud Terms of Service,Google Cloud Terms of Service.docx,1,1,Google Cloud Terms of Service,"(b) Customer will provide Google with any applicable tax identification information that Google may require under applicable law to ensure its compliance with applicable tax regulations and authorities in applicable jurisdictions. Customer will be liable to pay (or reimburse Google for) any taxes, interest, penalties, or fines arising out of any mis-declaration by Customer.",0,low
S000066,Google,Google Cloud Terms of Service,Google Cloud Terms of Service.docx,1,1,Google Cloud Terms of Service,"2.3 Payment Disputes & Refunds. Any payment disputes must be submitted in good faith before the Payment Due Date. If Google, having reviewed the dispute in good faith, determines that certain billing inaccuracies are attributable to Google, Google will not issue a corrected invoice, but will instead issue a credit memo specifying the incorrect amount in the affected invoice. If a disputed invoice has not yet been paid, Google will apply the credit memo amount to a disputed invoice and Customer will be responsible for paying the resulting net balance due on that invoice. Refunds given by Google for billing inaccuracies under this Section will only be in the form of credit for the Services. Nothing in this Agreement obligates Google to extend credit to any party, and Google may revise or revoke any previously-extended credit at any time.",0,low
S000067,Google,Google Cloud Terms of Service,Google Cloud Terms of Service.docx,1,1,Google Cloud Terms of Service,"2.4 Delinquent Payments; Suspension. Late payments (which, for clarity, do not include amounts subject to a good faith payment dispute submitted before the Payment Due Date), may bear interest at the rate of 1.5% per month (or the highest rate permitted by law, if less) from the Payment Due Date until paid in full. Customer will be responsible for all reasonable expenses (including attorneys' fees) incurred by Google in collecting such delinquent amounts. Further, in the event of any late payment for the Services, or if Customer is using a Delayed Authorization Form of Payment and Google reasonably determines that Customer poses a risk of non-payment, Google may Suspend all or part of Customer’s use of the Services.",0,low
S000068,Google,Google Cloud Terms of Service,Google Cloud Terms of Service.docx,1,1,Google Cloud Terms of Service,2.5 No Purchase Order Number Required. Customer is obligated to pay all applicable Fees without any requirement for Google to provide a purchase order number on Google's invoice (or otherwise).,0,low
S000069,Google,Google Cloud Terms of Service,Google Cloud Terms of Service.docx,1,1,Google Cloud Terms of Service,"2.6 Fee Revisions. Google may change the Fees at any time unless otherwise expressly agreed in an addendum or Order Form. For GWS Services, Looker (original) Services, and Cloud Identity Services only, (a) Google will notify Customer at least 30 days in advance of any changes, and (b) Customer's pricing will change if and when Customer's Order Term renews after the 30-day period. If Customer objects to any change in Fees, Customer may terminate this Agreement for convenience under Section 8.5 (Termination for Convenience).",0,low
S000070,Google,Google Cloud Terms of Service,Google Cloud Terms of Service.docx,1,1,Google Cloud Terms of Service,3. Customer Obligations.,0,low
S000071,Google,Google Cloud Terms of Service,Google Cloud Terms of Service.docx,1,1,Google Cloud Terms of Service,"3.1 Compliance. Customer will (a) ensure that Customer and its End Users' use of the Services complies with this Agreement, (b) use commercially reasonable efforts to prevent and terminate any unauthorized use of, or access to, the Services, and (c) promptly notify Google of any unauthorized use of, or access to, the Services, Account, or Customer's password of which Customer becomes aware. Google reserves the right to investigate any potential violation of the AUP by Customer, which may include reviewing Customer Applications, Customer Data, or Projects.",0,low
S000072,Google,Google Cloud Terms of Service,Google Cloud Terms of Service.docx,1,1,Google Cloud Terms of Service,"3.2 Privacy. Customer is responsible for any consents and notices required to permit (a) Customer's use and receipt of the Services and (b) Google's accessing, storing, and processing of data provided by Customer (including Customer Data, if applicable) under this Agreement.",2,medium
S000073,Google,Google Cloud Terms of Service,Google Cloud Terms of Service.docx,1,1,Google Cloud Terms of Service,3.3 Restrictions.,0,low
S000074,Google,Google Cloud Terms of Service,Google Cloud Terms of Service.docx,1,1,Google Cloud Terms of Service,"Customer will not, and will not allow End Users to, (a) copy, modify, or create a derivative work of the Services; (b) reverse engineer, decompile, translate, disassemble, or otherwise attempt to extract any or all of the source code of, the Services (except to the extent such restriction is expressly prohibited by applicable law); (c) sell, resell, sublicense, transfer, or distribute any or all of the Services; or (d) access or use the Services (i) for High Risk Activities; (ii) in violation of the AUP; (iii) in a manner intended to avoid incurring Fees (including creating multiple Customer Applications, Accounts, or Projects to simulate or act as a single Customer Application, Account, or Project (respectively)) or to circumvent Service-specific usage limits or quotas; (iv) to engage in cryptocurrency mining without Google's prior written approval; (v) to operate or enable any telecommunications service or in connection with any Customer Application that allows End Users to place calls or to receive calls from any public switched telephone network, unless otherwise described in the Service Specific Terms; (vi) to place or receive emergency service calls via the GWS Services, unless stated otherwise in the Service Specific Terms; (vii) for materials or activities that are subject to the International Traffic in Arms Regulations (ITAR) maintained by the United States Department of State; (viii) in a manner that breaches, or causes the breach of, Export Control Laws; or (ix) to transmit, store, or process health information subject to United States HIPAA regulations except as permitted by an executed HIPAA BAA.",0,low
S000075,Google,Google Cloud Terms of Service,Google Cloud Terms of Service.docx,1,1,Google Cloud Terms of Service,3.4 Documentation. Google may provide Documentation for Customer's use of the Services.,0,low
S000076,Google,Google Cloud Terms of Service,Google Cloud Terms of Service.docx,1,1,Google Cloud Terms of Service,3.5 Copyright. Google responds to notices of alleged copyright infringement and terminates the Accounts of repeat infringers in appropriate circumstances as required to maintain safe harbor for online service providers under the U.S. Digital Millennium Copyright Act.,0,low
S000077,Google,Google Cloud Terms of Service,Google Cloud Terms of Service.docx,1,1,Google Cloud Terms of Service,"3.6 Third-Party Content Enforcement (for GCP Services). If Customer's primary use of the GCP Services is to host third-party content or facilitate the sale of goods or services between third parties on its platform, Customer will take the following steps to enforce compliance with the AUP: (a) publish policies defining what content is prohibited on its platform (e.g., illegal content); (b) maintain a publicly accessible method (e.g., webform or email alias) to receive notices of violation of that policy (in addition to a monitored communications channel for Google); and (c) promptly review and address any such notices, and remove content where appropriate.",0,low
S000078,Google,Google Cloud Terms of Service,Google Cloud Terms of Service.docx,1,1,Google Cloud Terms of Service,"3.7 Additional Terms for GWS Services and Cloud Identity Services. The following terms apply only to GWS Services and Cloud Identity Services: (a) Additional Products and Third-Party Offerings. Optional Additional Products and Third-Party Offerings may be available for use in conjunction with the Services, and may be enabled or disabled through the Admin Console. Any use of Additional Products is subject to the Additional Product Terms, which are incorporated by reference into the Agreement and which may be updated by Google from time to time. Any use of Third-Party Offerings is subject to separate terms and policies with the relevant service provider.",0,low
S000080,Google,Google Cloud Terms of Service,Google Cloud Terms of Service.docx,1,1,Google Cloud Terms of Service,(b) Administration of GWS Services and Cloud Identity Services. Customer may specify through the Admin Console one or more Administrators who will have the right to access Admin Accounts. Customer is responsible for (i) maintaining the confidentiality and security of the End User Accounts and associated passwords and (ii) any use of the End User Accounts. Customer agrees that Google’s responsibilities do not extend to the internal management or administration of the GWS Services or Cloud Identity Services for Customer or any End Users.,1,medium
S000081,Google,Google Cloud Terms of Service,Google Cloud Terms of Service.docx,1,1,Google Cloud Terms of Service,"(c) Abuse Monitoring. Customer is solely responsible for monitoring, responding to, and otherwise processing emails sent to the ""abuse"" and ""postmaster"" aliases for Customer Domain Names, but Google may monitor emails sent to these aliases to allow Google to identify GWS Services or Cloud Identity Services abuse.",0,low
S000082,Google,Google Cloud Terms of Service,Google Cloud Terms of Service.docx,1,1,Google Cloud Terms of Service,(d) Requesting Additional End User Accounts During Order Term. Customer may purchase additional End User Accounts during an Order Term by means of an additional Order Form or Reseller Order or by ordering via the Admin Console. Such additional End User Accounts will have a pro-rated term ending on the last day of the applicable Order Term.,0,low
S000083,Google,Google Cloud Terms of Service,Google Cloud Terms of Service.docx,1,1,Google Cloud Terms of Service,4. Suspension.,0,low
S000084,Google,Google Cloud Terms of Service,Google Cloud Terms of Service.docx,1,1,Google Cloud Terms of Service,"4.1 AUP Violations. If Google becomes aware that Customer's or any End User's use of the Services violates the AUP, Google will notify Customer and request that Customer correct the violation. If Customer fails to correct the violation within 24 hours of Google's request, then Google may Suspend all or part of Customer's use of the Services until the violation is corrected. For GWS Services, Suspension of the Services may include removal or unsharing of content that violates the AUP.",0,low
S000085,Google,Google Cloud Terms of Service,Google Cloud Terms of Service.docx,1,1,Google Cloud Terms of Service,"4.2 Other Suspension. Notwithstanding Section 4.1 (AUP Violations), Google may immediately Suspend all or part of Customer's use of the Services if (a) Google reasonably believes Suspension is needed to protect the Services, Google’s infrastructure supporting the Services, or any other customer of the Services (or their end users); (b) there is suspected unauthorized third-party access to the Services; (c) Google reasonably believes that immediate Suspension is required to comply with any applicable law; or (d) Customer is in breach of Section 3.3 (Restrictions) or the Service Specific Terms. Google will lift any such Suspension when the circumstances giving rise to the Suspension have been resolved. At Customer's request, Google will, unless prohibited by applicable law, notify Customer of the basis for the Suspension as soon as is reasonably possible. For Suspension of End User Accounts for GWS Services or Cloud Identity Services, Google will provide Customer's Administrator the ability to restore End User Accounts in certain circumstances.",0,low
S000086,Google,Google Cloud Terms of Service,Google Cloud Terms of Service.docx,1,1,Google Cloud Terms of Service,"4.3 Generative AI Safety and Abuse for GCP Services. Google uses automated safety tools to detect abuse of Generative AI Services. Notwithstanding the ""Handling of Prompts and Generated Output"" section in the Service Specific Terms for GCP Services, if these tools detect potential abuse or violations of Google’s AUP or Prohibited Use Policy, Google may log Customer prompts solely for the purpose of reviewing and determining whether a violation has occurred. See the Abuse Monitoring documentation page for more information about how logging prompts impacts Customer’s use of the GCP Services.",0,low
S000087,Google,Google Cloud Terms of Service,Google Cloud Terms of Service.docx,1,1,Google Cloud Terms of Service,5. Intellectual Property Rights; Protection of Customer Data; Feedback; Using Brand Features within the GWS Services or Cloud Identity Services.,0,low
S000088,Google,Google Cloud Terms of Service,Google Cloud Terms of Service.docx,1,1,Google Cloud Terms of Service,"5.1 Intellectual Property Rights. Except as expressly stated in this Agreement, this Agreement does not grant either party any rights, implied or otherwise, to the other's content or any of the other's intellectual property. As between the parties, Customer retains all Intellectual Property Rights in Customer Data and Customer Applications, and Google retains all Intellectual Property Rights in the Services and Software.",0,low
S000089,Google,Google Cloud Terms of Service,Google Cloud Terms of Service.docx,1,1,Google Cloud Terms of Service,"5.2 Protection of Customer Data. Google will only access, use, and otherwise process Customer Data in accordance with the Cloud Data Processing Addendum and will not access, use, or process Customer Data for any other purpose. Google has implemented and will maintain technical, organizational, and physical measures to protect Customer Data, as further described in the Cloud Data Processing Addendum. If you are accessing the Services as a customer of an unaffiliated Google Cloud reseller, this Section 5.2 (Protection of Customer Data) is subject to the ""Resold Customers"" section of the applicable Service Specific Terms.",0,low
S000090,Google,Google Cloud Terms of Service,Google Cloud Terms of Service.docx,1,1,Google Cloud Terms of Service,"5.3 Customer Feedback. At its option, Customer may provide feedback or suggestions about the Services to Google (""Feedback""). If Customer provides Feedback, then Google and its Affiliates may use that Feedback without restriction and without obligation to Customer.",0,low
S000091,Google,Google Cloud Terms of Service,Google Cloud Terms of Service.docx,1,1,Google Cloud Terms of Service,5.4 Using Brand Features Within the GWS Services or Cloud Identity Services. Google will display within the GWS Services or Cloud Identity Services only those Customer Brand Features that Customer authorizes by uploading them into the GWS Services or Cloud Identity Services. Google will display those Customer Brand Features within designated areas of the web pages displaying the Services to Customer or its End Users. Customer may specify details of this use in the Admin Console. Google may also display Google Brand Features on such web pages to indicate that the GWS Services or Cloud Identity Services are provided by Google.,0,low
S000092,Google,Google Cloud Terms of Service,Google Cloud Terms of Service.docx,1,1,Google Cloud Terms of Service,6. Technical Support Services.,0,low
S000093,Google,Google Cloud Terms of Service,Google Cloud Terms of Service.docx,1,1,Google Cloud Terms of Service,6.1 By Customer. Customer is responsible for technical support of its Customer Applications and Projects.,0,low
S000094,Google,Google Cloud Terms of Service,Google Cloud Terms of Service.docx,1,1,Google Cloud Terms of Service,"6.2 By Google. Subject to payment of applicable support Fees, Google will provide TSS to Customer during the Term in accordance with the TSS Guidelines. Certain TSS levels include a minimum recurring Fee as described at (a) for GCP Services, SecOps Services, and Looker (original) Services, https://cloud.google.com/skus, and (b) for GWS Services, at https://workspace.google.com/terms/tssg.html. If Customer downgrades its TSS level during any calendar month, Google may continue to provide TSS at the same level and for the same TSS Fees as applied before the downgrade for the remainder of that month.",0,low
S000095,Google,Google Cloud Terms of Service,Google Cloud Terms of Service.docx,1,1,Google Cloud Terms of Service,7. Confidential Information.,0,low
S000096,Google,Google Cloud Terms of Service,Google Cloud Terms of Service.docx,1,1,Google Cloud Terms of Service,"7.1 Obligations. The recipient will only use the disclosing party's Confidential Information to exercise the recipient's rights and fulfill its obligations under this Agreement, and will use reasonable care to protect against the disclosure of the disclosing party's Confidential Information. The recipient may disclose Confidential Information only to its and its Affiliates' employees, agents, subcontractors, or professional advisors (""Delegates"") who need to know it and who have agreed in writing (or in the case of professional advisors are otherwise bound) to keep it confidential. The recipient will ensure that its Delegates use the received Confidential Information only to exercise rights and fulfill obligations under this Agreement.",0,low
S000097,Google,Google Cloud Terms of Service,Google Cloud Terms of Service.docx,1,1,Google Cloud Terms of Service,"7.2 Required Disclosure. Notwithstanding any provision to the contrary in this Agreement, the recipient or its Affiliate may also disclose Confidential Information to the extent required by applicable Legal Process; provided that the recipient or its Affiliate uses commercially reasonable efforts to (a) promptly notify the other party before any such disclosure of its Confidential Information, and (b) comply with the other party's reasonable requests regarding its efforts to oppose the disclosure. Notwithstanding the foregoing, subsections (a) and (b) above will not apply if the recipient determines that complying with (a) and (b) could (i) result in a violation of Legal Process; (ii) obstruct a governmental investigation; or (iii) lead to death or serious physical harm to an individual.",0,low
S000098,Google,Google Cloud Terms of Service,Google Cloud Terms of Service.docx,1,1,Google Cloud Terms of Service,8. Term and Termination.,0,low
S000099,Google,Google Cloud Terms of Service,Google Cloud Terms of Service.docx,1,1,Google Cloud Terms of Service,"8.1 Agreement Term. The term of this Agreement (the ""Term"") will begin on the Effective Date and continue until this Agreement is terminated as stated in this Section 8 (Term and Termination).",0,low
S000100,Google,Google Cloud Terms of Service,Google Cloud Terms of Service.docx,1,1,Google Cloud Terms of Service,"8.2 GWS Services or Cloud Identity Services Renewal. The following terms apply only to renewals of GWS Services or Cloud Identity Services: (a) With a Flexible Plan. Order Terms for the Flexible Plan are monthly. At the end of each month, the Order Term will automatically renew for another month, unless canceled by Customer via the Admin Console.",0,low
S000102,Google,Google Cloud Terms of Service,Google Cloud Terms of Service.docx,1,1,Google Cloud Terms of Service,"(b) With an Annual/Fixed-Term Plan. At the end of each Order Term for an Annual/Fixed-Term Plan, the GWS Services or Cloud Identity Services will renew consistent with Customer's elections in the Order Form or Admin Console.",0,low
S000103,Google,Google Cloud Terms of Service,Google Cloud Terms of Service.docx,1,1,Google Cloud Terms of Service,"(c) Generally. Customer may use the Admin Console to adjust the number of End User Accounts to be renewed. Customer will continue to pay Google the then-current Fees for each renewed End User Account unless Customer and Google mutually agree otherwise. If either party does not want the GWS Services or Cloud Identity Services to renew, then it must notify the other party to this effect at least 15 days before the end of the then-current Order Term, and this notice of non-renewal will take effect at the end of the then-current Order Term.",0,low
S000104,Google,Google Cloud Terms of Service,Google Cloud Terms of Service.docx,1,1,Google Cloud Terms of Service,8.3 Termination for Breach.,0,low
S000105,Google,Google Cloud Terms of Service,Google Cloud Terms of Service.docx,1,1,Google Cloud Terms of Service,(a) Termination of an Order Form. Either party may terminate an Order Form if the other party is in material breach of this Agreement and fails to cure that breach within 30 days after receipt of written notice.,0,low
S000106,Google,Google Cloud Terms of Service,Google Cloud Terms of Service.docx,1,1,Google Cloud Terms of Service,"(b) Termination of this Agreement. To the extent permitted by applicable law, either party may terminate this Agreement immediately on written notice if the other party is in material breach of this Agreement and (i) fails to cure that breach within 30 days after receipt of written notice of the breach or (ii) in the case of a material breach by Customer, Google reasonably determines that the breach is incapable of being cured.",0,low
S000107,Google,Google Cloud Terms of Service,Google Cloud Terms of Service.docx,1,1,Google Cloud Terms of Service,"8.4 Termination for GCP Services Inactivity. Google reserves the right to terminate the provision of GCP Services to a Project upon 30 days' advance notice if, for a period of 60 days (a) Customer has not accessed the Admin Console or the Project has had no network activity and (b) such Project has not incurred any Fees for such Services.",0,low
S000108,Google,Google Cloud Terms of Service,Google Cloud Terms of Service.docx,1,1,Google Cloud Terms of Service,"8.5 Termination for Convenience. Customer may stop using the Services at any time. Subject to any financial commitments in an Order Form or addendum to this Agreement, Customer may terminate this Agreement for its convenience at any time on prior written notice and, upon termination, must cease use of the applicable Services. For purposes of GCP Services and TSS only, Google may terminate this Agreement or any applicable Order Form for its convenience at any time with 30 days' prior written notice to Customer. For the avoidance of doubt, any termination of this Agreement by Google for its convenience pursuant to the preceding sentence will not impact any active GWS Services, SecOps Services, Looker (original) Services, or Cloud Identity Services Order Forms, and this Agreement will continue to govern such GWS Services, SecOps Services, Looker (original) Services, or Cloud Identity Services Order Forms, as applicable, until their expiration or termination pursuant to this Agreement.",0,low
S000109,Google,Google Cloud Terms of Service,Google Cloud Terms of Service.docx,1,1,Google Cloud Terms of Service,8.6 Termination Due to Applicable Law; Violation of Laws. Google may terminate this Agreement immediately on written notice if Google reasonably believes that (a) continued provision of any Service used by Customer would violate applicable law(s) or (b) Customer has violated or caused Google to violate any Anti-Bribery Laws or Export Control Laws.,0,low
S000110,Google,Google Cloud Terms of Service,Google Cloud Terms of Service.docx,1,1,Google Cloud Terms of Service,"8.7 Effect of Termination or Non-Renewal. Subject to the last sentence of Section 8.5 (Termination for Convenience), if this Agreement terminates, then all Order Forms also terminate. If this Agreement or an Order Form is terminated or not renewed, then (a) all rights and access to the Services (or in the case of termination of an Order Form, the applicable Services) will terminate (including access to Customer Data, if applicable), unless otherwise described in this Agreement or the Order Form, and (b) all Fees owed by Customer to Google under this Agreement or Order Form, as applicable, are immediately due upon Customer’s receipt of the final electronic bill or as stated in the final invoice.",0,low
S000111,Google,Google Cloud Terms of Service,Google Cloud Terms of Service.docx,1,1,Google Cloud Terms of Service,"8.8 No Refunds. Unless expressly stated otherwise in this Agreement or required by law, termination or non-renewal under any section of this Agreement (including the Cloud Data Processing Addendum or any Order Form) will not oblige Google to refund any Fees.",0,low
S000112,Google,Google Cloud Terms of Service,Google Cloud Terms of Service.docx,1,1,Google Cloud Terms of Service,"9. Publicity. Neither party may use the other party’s Brand Features or issue, publish, or present a press release, blog post, speech, social media post, or investor relations call or announcement discussing Customer’s use of the Services or this Agreement without the written consent of the other party, except as expressly permitted in this Agreement. Subject to the preceding sentence, Customer may state publicly that it is a Google Cloud customer and display Brand Features in accordance with the Branding Guidelines. Google may use Customer's name and Brand Features in online or offline promotional materials of the Services. Any use of a party’s Brand Features will inure to the benefit of the party holding Intellectual Property Rights to those Brand Features.",1,medium
S000113,Google,Google Cloud Terms of Service,Google Cloud Terms of Service.docx,1,1,Google Cloud Terms of Service,"10. Representations and Warranties. Each party represents and warrants that (a) it has full power and authority to enter into this Agreement, and (b) it will comply with all laws applicable to its provision, receipt, or use of the Services, as applicable.",0,low
S000114,Google,Google Cloud Terms of Service,Google Cloud Terms of Service.docx,1,1,Google Cloud Terms of Service,"11. Disclaimer. Except as expressly provided for in this Agreement, Google does not make and expressly disclaims to the fullest extent permitted by applicable law (a) any warranties of any kind, whether express, implied, statutory, or otherwise, including warranties of merchantability, fitness for a particular use, title, noninfringement, or error-free or uninterrupted use of the Services or Software; and (b) any representations about content or information accessible through the Services.",0,low
S000115,Google,Google Cloud Terms of Service,Google Cloud Terms of Service.docx,1,1,Google Cloud Terms of Service,12. Limitation of Liability.,0,low
S000116,Google,Google Cloud Terms of Service,Google Cloud Terms of Service.docx,1,1,Google Cloud Terms of Service,"12.1 Limitation on Indirect Liability. To the extent permitted by applicable law and subject to Section 12.3 (Unlimited Liabilities), neither party will have any Liability arising out of or relating to this Agreement for any (a) indirect, consequential, special, incidental, or punitive damages or (b) lost revenues, profits, savings, or goodwill.",0,low
S000117,Google,Google Cloud Terms of Service,Google Cloud Terms of Service.docx,1,1,Google Cloud Terms of Service,"12.2 Limitation on Amount of Liability. Each party's total aggregate Liability for damages arising out of or relating to this Agreement in connection with the GCP Services, GWS Services, SecOps Services, Looker (original) Services, or Cloud Identity Services, as applicable, is limited to the Fees Customer paid for such Services during the 12 month period before the event giving rise to Liability, except Google’s total aggregate Liability for damages arising out of or related to Services or Software provided free of charge is limited to $5,000.",0,low
S000118,Google,Google Cloud Terms of Service,Google Cloud Terms of Service.docx,1,1,Google Cloud Terms of Service,12.3 Unlimited Liabilities. Nothing in this Agreement excludes or limits either party's Liability for: (a) its fraud or fraudulent misrepresentation;,0,low
S000120,Google,Google Cloud Terms of Service,Google Cloud Terms of Service.docx,1,1,Google Cloud Terms of Service,(b) its obligations under Section 13 (Indemnification);,0,low
S000121,Google,Google Cloud Terms of Service,Google Cloud Terms of Service.docx,1,1,Google Cloud Terms of Service,(c) its infringement of the other party's Intellectual Property Rights;,0,low
S000122,Google,Google Cloud Terms of Service,Google Cloud Terms of Service.docx,1,1,Google Cloud Terms of Service,(d) its payment obligations under this Agreement; or,0,low
S000123,Google,Google Cloud Terms of Service,Google Cloud Terms of Service.docx,1,1,Google Cloud Terms of Service,(e) matters for which liability cannot be excluded or limited under applicable law.,0,low
S000124,Google,Google Cloud Terms of Service,Google Cloud Terms of Service.docx,1,1,Google Cloud Terms of Service,13. Indemnification.,0,low
S000125,Google,Google Cloud Terms of Service,Google Cloud Terms of Service.docx,1,1,Google Cloud Terms of Service,"13.1 Google Indemnification Obligations. Google will defend Customer and its Affiliates using the Services under Customer’s Account and indemnify them against Indemnified Liabilities in any Third-Party Legal Proceeding to the extent arising from an allegation that any Service or any Google Brand Feature, in each case used in accordance with this Agreement, infringes the third party's Intellectual Property Rights.",0,low
S000126,Google,Google Cloud Terms of Service,Google Cloud Terms of Service.docx,1,1,Google Cloud Terms of Service,"13.2 Customer Indemnification Obligations. Customer will defend Google and its Affiliates providing the Services and indemnify them against Indemnified Liabilities in any Third-Party Legal Proceeding to the extent arising from (a) any Customer Application, Project, Customer Data, or Customer Brand Features; or (b) Customer's or an End User's use of the Services in breach of the AUP or Section 3.3 (Restrictions).",0,low
S000127,Google,Google Cloud Terms of Service,Google Cloud Terms of Service.docx,1,1,Google Cloud Terms of Service,"13.3 Exclusions. Sections 13.1 (Google Indemnification Obligations) and 13.2 (Customer Indemnification Obligations) will not apply to the extent the underlying allegation arises from (a) the indemnified party's breach of this Agreement, (b) a combination of the indemnifying party's technology or Brand Features with materials not provided by the indemnifying party under this Agreement, unless the combination is required by this Agreement, or (c) in the case of Google or any of its Affiliates as the indemnifying party, any Services provided to Customer free of charge.",0,low
S000128,Google,Google Cloud Terms of Service,Google Cloud Terms of Service.docx,1,1,Google Cloud Terms of Service,"13.4 Conditions. Sections 13.1 (Google Indemnification Obligations) and 13.2 (Customer Indemnification Obligations) are conditioned on the following: (a) Any indemnified party must promptly notify the indemnifying party in writing of any allegation(s) that preceded the Third-Party Legal Proceeding and cooperate reasonably with the indemnifying party to resolve the allegation(s) and Third-Party Legal Proceeding. If breach of this Section 13.4(a) prejudices the defense of the Third-Party Legal Proceeding, the indemnifying party's obligations under Section 13.1 (Google Indemnification Obligations) or 13.2 (Customer Indemnification Obligations) (as applicable) will be reduced in proportion to the prejudice.",0,low
S000130,Google,Google Cloud Terms of Service,Google Cloud Terms of Service.docx,1,1,Google Cloud Terms of Service,"(b) Any indemnified party must tender sole control of the indemnified portion of the Third-Party Legal Proceeding to the indemnifying party, subject to the following: (i) the indemnified party may appoint its own non-controlling counsel, at its own expense; and (ii) any settlement requiring the indemnified party to admit liability, pay money, or take (or refrain from taking) any action, will require the indemnified party's prior written consent, not to be unreasonably withheld, conditioned, or delayed.",2,medium
S000131,Google,Google Cloud Terms of Service,Google Cloud Terms of Service.docx,1,1,Google Cloud Terms of Service,13.5 Remedies.,0,low
S000132,Google,Google Cloud Terms of Service,Google Cloud Terms of Service.docx,1,1,Google Cloud Terms of Service,"(a) If Google reasonably believes the Services might infringe a third party's Intellectual Property Rights, then Google may, at its sole option and expense (i) procure the right for Customer to continue using the Services; (ii) modify the Services to make them non-infringing without materially reducing their functionality; or (iii) replace the Services with a non-infringing alternative that has materially equivalent functionality.",0,low
S000133,Google,Google Cloud Terms of Service,Google Cloud Terms of Service.docx,1,1,Google Cloud Terms of Service,"(b) If Google does not believe the remedies in Section 13.5(a) are commercially reasonable, then Google may Suspend or terminate Customer's use of the impacted Services. If Google terminates the impacted Services, then upon Customer request Google will refund to Customer any unused prepaid Fees that Customer paid to Google for use of the terminated Services.",0,low
S000134,Google,Google Cloud Terms of Service,Google Cloud Terms of Service.docx,1,1,Google Cloud Terms of Service,"13.6 Sole Rights and Obligations. Without affecting either party's termination rights and to the extent permitted by applicable law, this Section 13 (Indemnification) states the parties' sole and exclusive remedy under this Agreement for any third-party allegations of Intellectual Property Rights infringement covered by this Section 13 (Indemnification).",0,low
S000135,Google,Google Cloud Terms of Service,Google Cloud Terms of Service.docx,1,1,Google Cloud Terms of Service,14. Miscellaneous.,0,low
S000136,Google,Google Cloud Terms of Service,Google Cloud Terms of Service.docx,1,1,Google Cloud Terms of Service,"14.1 Notices. Under this Agreement, notices to Customer must be sent to the Notification Email Address and notices to Google must be sent to legal-notices@google.com. Notice will be treated as received when the email is sent. Customer is responsible for keeping its Notification Email Address current throughout the Term.",0,low
S000137,Google,Google Cloud Terms of Service,Google Cloud Terms of Service.docx,1,1,Google Cloud Terms of Service,14.2 Emails. The parties may use emails to satisfy written approval and consent requirements under this Agreement.,1,medium
S000138,Google,Google Cloud Terms of Service,Google Cloud Terms of Service.docx,1,1,Google Cloud Terms of Service,"14.3 Assignment. Neither party may assign any part of this Agreement without the written consent of the other, except to an Affiliate where (a) the assignee has agreed in writing to be bound by the terms of this Agreement, and (b) the assigning party has notified the other party of the assignment. Any other attempt to assign is void. If Customer assigns this Agreement to an Affiliate in another jurisdiction such that there is a change in the Google contracting entity as defined at https://cloud.google.com/terms/google-entity this Agreement is automatically assigned to the new Google contracting entity.",1,medium
S000139,Google,Google Cloud Terms of Service,Google Cloud Terms of Service.docx,1,1,Google Cloud Terms of Service,"14.4 Change of Control. If a party experiences a change of Control other than as part of an internal restructuring or reorganization (for example, through a stock purchase or sale, merger, or other form of corporate transaction), that party will give written notice to the other party within 30 days after the change of Control.",0,low
S000140,Google,Google Cloud Terms of Service,Google Cloud Terms of Service.docx,1,1,Google Cloud Terms of Service,"14.5 Force Majeure. Neither party will be liable for failure or delay in performance to the extent caused by circumstances beyond its reasonable control, including acts of God, natural disasters, terrorism, riots, or war.",0,low
S000141,Google,Google Cloud Terms of Service,Google Cloud Terms of Service.docx,1,1,Google Cloud Terms of Service,14.6 Subcontracting. Google may subcontract obligations under this Agreement but will remain liable to Customer for any subcontracted obligations.,0,low
S000142,Google,Google Cloud Terms of Service,Google Cloud Terms of Service.docx,1,1,Google Cloud Terms of Service,"14.7 No Agency. This Agreement does not create any agency, partnership, or joint venture between the parties.",0,low
S000143,Google,Google Cloud Terms of Service,Google Cloud Terms of Service.docx,1,1,Google Cloud Terms of Service,14.8 No Waiver. Neither party will be treated as having waived any rights by not exercising (or delaying the exercise of) any rights under this Agreement.,0,low
S000144,Google,Google Cloud Terms of Service,Google Cloud Terms of Service.docx,1,1,Google Cloud Terms of Service,"14.9 Severability. If any part of this Agreement is invalid, illegal, or unenforceable, the rest of this Agreement will remain in effect.",0,low
S000145,Google,Google Cloud Terms of Service,Google Cloud Terms of Service.docx,1,1,Google Cloud Terms of Service,14.10 No Third-Party Beneficiaries. This Agreement does not confer any benefits on any third party unless it expressly states that it does.,0,low
S000146,Google,Google Cloud Terms of Service,Google Cloud Terms of Service.docx,1,1,Google Cloud Terms of Service,14.11 Equitable Relief. Nothing in this Agreement will limit either party's ability to seek equitable relief.,0,low
S000147,Google,Google Cloud Terms of Service,Google Cloud Terms of Service.docx,1,1,Google Cloud Terms of Service,14.12 U.S. Governing Law.,0,low
S000148,Google,Google Cloud Terms of Service,Google Cloud Terms of Service.docx,1,1,Google Cloud Terms of Service,"(a) For U.S. City, County, and State Government Entities. If Customer is a U.S. city, county, or state government entity, then this Agreement will be silent regarding governing law and venue.",0,low
S000149,Google,Google Cloud Terms of Service,Google Cloud Terms of Service.docx,1,1,Google Cloud Terms of Service,"(b) For U.S. Federal Government Entities. If Customer is a U.S. federal government entity, then the following applies: ALL CLAIMS ARISING OUT OF OR RELATING TO THIS AGREEMENT OR THE SERVICES WILL BE GOVERNED BY THE LAWS OF THE UNITED STATES OF AMERICA, EXCLUDING ITS CONFLICT OF LAWS RULES. SOLELY TO THE EXTENT PERMITTED BY FEDERAL LAW, (I) THE LAWS OF THE STATE OF CALIFORNIA (EXCLUDING CALIFORNIA'S CONFLICT OF LAWS RULES) WILL APPLY IN THE ABSENCE OF APPLICABLE FEDERAL LAW; AND (II) FOR ALL CLAIMS ARISING OUT OF OR RELATING TO THIS AGREEMENT OR THE SERVICES, THE PARTIES CONSENT TO PERSONAL JURISDICTION IN, AND THE EXCLUSIVE VENUE OF, THE COURTS IN SANTA CLARA COUNTY, CALIFORNIA.",1,medium
S000150,Google,Google Cloud Terms of Service,Google Cloud Terms of Service.docx,1,1,Google Cloud Terms of Service,"(c) For All Other Entities. If Customer is any entity not identified in Section 14.12(a) (U.S. Governing Law for U.S. City, County, and State Government Entities) or (b) (U.S. Governing Law for Federal Government Entities), then the following applies: ALL CLAIMS ARISING OUT OF OR RELATING TO THIS AGREEMENT OR THE SERVICES WILL BE GOVERNED BY CALIFORNIA LAW, EXCLUDING THAT STATE'S CONFLICT OF LAWS RULES, AND WILL BE LITIGATED EXCLUSIVELY IN THE FEDERAL OR STATE COURTS OF SANTA CLARA COUNTY, CALIFORNIA, USA; THE PARTIES CONSENT TO PERSONAL JURISDICTION IN THOSE COURTS.",1,medium
S000151,Google,Google Cloud Terms of Service,Google Cloud Terms of Service.docx,1,1,Google Cloud Terms of Service,"14.13 Amendments. Except as stated in Sections 1.4(b) (Updates: To this Agreement); 1.4(c) (Updates: To the URL Terms) or (d) (Updates: To the Cloud Data Processing Addendum), any amendment must be in writing, signed by both parties, and expressly state that it is amending this Agreement.",0,low
S000152,Google,Google Cloud Terms of Service,Google Cloud Terms of Service.docx,1,1,Google Cloud Terms of Service,"14.14 Survival. The following Sections will survive expiration or termination of this Agreement: Section 2 (Payment Terms), Section 5 (Intellectual Property Rights; Protection of Customer Data; Feedback; Using Brand Features within the GWS Services or Cloud Identity Services), Section 7 (Confidential Information), Section 8.7 (Effect of Termination or Non-Renewal), Section 11 (Disclaimer), Section 12 (Limitation of Liability), Section 13 (Indemnification), and Section 14 (Miscellaneous).",0,low
S000153,Google,Google Cloud Terms of Service,Google Cloud Terms of Service.docx,1,1,Google Cloud Terms of Service,"14.15 Entire Agreement. This Agreement sets out all terms agreed between the parties and supersedes all other agreements between the parties relating to its subject matter. In entering into this Agreement, neither party has relied on, and neither party will have any right or remedy based on, any statement, representation, or warranty (whether made negligently or innocently), except those expressly stated in this Agreement. The URL Terms are incorporated by reference into this Agreement. After the Effective Date, Google may provide an updated URL in place of any URL in this Agreement.",0,low
S000154,Google,Google Cloud Terms of Service,Google Cloud Terms of Service.docx,1,1,Google Cloud Terms of Service,"14.16 Conflicting Terms. If there is a conflict between the documents that make up this Agreement, the documents will control in the following order (of decreasing precedence): the Cloud Data Processing Addendum, any applicable Order Form, the remainder of this Agreement (excluding the URL Terms), and the URL Terms (excluding the Cloud Data Processing Addendum).",0,low
S000155,Google,Google Cloud Terms of Service,Google Cloud Terms of Service.docx,1,1,Google Cloud Terms of Service,14.17 Headers. Headings and captions used in this Agreement are for reference purposes only and will not have any effect on the interpretation of this Agreement.,0,low
S000156,Google,Google Cloud Terms of Service,Google Cloud Terms of Service.docx,1,1,Google Cloud Terms of Service,"14.18 Conflicting Languages. If this Agreement is translated into any language other than English, and there is a discrepancy between the English text and the translated text, the English text will govern unless expressly stated otherwise in the translation. Unless otherwise specified, all references to ""$"" in this Agreement refer to United States dollars.",0,low
S000157,Google,Google Cloud Terms of Service,Google Cloud Terms of Service.docx,1,1,Google Cloud Terms of Service,14.19 Definitions.,0,low
S000158,Google,Google Cloud Terms of Service,Google Cloud Terms of Service.docx,1,1,Google Cloud Terms of Service,"""Account"" means Customer's Google Cloud Platform, GWS Services, SecOps Services, Looker (original) Services, or Cloud Identity Services account, as applicable.",0,low
S000159,Google,Google Cloud Terms of Service,Google Cloud Terms of Service.docx,1,1,Google Cloud Terms of Service,"""Additional Products"" means products, services, or applications offered by Google or its Affiliates that are not incorporated into the GWS Services or Cloud Identity Services but that may be accessible for use in conjunction with the GWS Services or Cloud Identity Services.",0,low
S000160,Google,Google Cloud Terms of Service,Google Cloud Terms of Service.docx,1,1,Google Cloud Terms of Service,"""Additional Product Terms"" means, for GWS Services and Cloud Identity Services only, the then-current terms stated at https://workspace.google.com/terms/additional_services.",0,low
S000161,Google,Google Cloud Terms of Service,Google Cloud Terms of Service.docx,1,1,Google Cloud Terms of Service,"""Admin Account"" means a type of End User Account that Customer (or Reseller, if applicable) may use to administer the GWS Services or Cloud Identity Services, as applicable.",0,low
S000162,Google,Google Cloud Terms of Service,Google Cloud Terms of Service.docx,1,1,Google Cloud Terms of Service,"""Admin Console"" means the online console(s) or dashboard provided by Google to Customer for administering the applicable Services.",0,low
S000163,Google,Google Cloud Terms of Service,Google Cloud Terms of Service.docx,1,1,Google Cloud Terms of Service,"""Administrators"" means the Customer-designated personnel who administer the GWS Services or Cloud Identity Services, as applicable, to End Users on Customer’s behalf, and have the ability to access Customer Data and End User Accounts. Such access includes the ability to access, monitor, use, modify, withhold, or disclose any data available to End Users associated with their End User Accounts.",0,low
S000164,Google,Google Cloud Terms of Service,Google Cloud Terms of Service.docx,1,1,Google Cloud Terms of Service,"""Affiliate"" means any entity that directly or indirectly Controls, is Controlled by, or is under common Control with a party.",0,low
S000165,Google,Google Cloud Terms of Service,Google Cloud Terms of Service.docx,1,1,Google Cloud Terms of Service,"""Anti-Bribery Laws"" means all applicable commercial and public anti-bribery laws, including the U.S. Foreign Corrupt Practices Act of 1977 and the UK Bribery Act 2010, that prohibit corrupt offers of anything of value, either directly or indirectly, to anyone, including government officials, to obtain or keep business or to secure any other improper commercial advantage. Government officials include: any government employees, candidates for public office, members of royal families, and employees of government-owned or government-controlled companies, public international organizations, and political parties.",0,low
S000166,Google,Google Cloud Terms of Service,Google Cloud Terms of Service.docx,1,1,Google Cloud Terms of Service,"""AUP"" means the then-current acceptable use policy for the Services stated at https://cloud.google.com/terms/aup.",0,low
S000167,Google,Google Cloud Terms of Service,Google Cloud Terms of Service.docx,1,1,Google Cloud Terms of Service,"""BAA"" or ""Business Associate Agreement"" is an amendment to this Agreement covering the handling of Protected Health Information (as defined in HIPAA).",0,low
S000168,Google,Google Cloud Terms of Service,Google Cloud Terms of Service.docx,1,1,Google Cloud Terms of Service,"""Brand Features"" means the trade names, trademarks, service marks, logos, domain names, and other distinctive brand features of each party, respectively, as secured by such party from time to time.",0,low
S000169,Google,Google Cloud Terms of Service,Google Cloud Terms of Service.docx,1,1,Google Cloud Terms of Service,"""Branding Guidelines"" means Google’s then-current Google branding guidelines at https://services.google.com/fh/files/misc/external_customer_co_branding_eligibility.pdf, as may be updated by Google from time to time.",0,low
S000170,Google,Google Cloud Terms of Service,Google Cloud Terms of Service.docx,1,1,Google Cloud Terms of Service,"""Cloud Data Processing Addendum"" means the then-current terms describing data processing and security obligations with respect to Customer Data, as described at https://cloud.google.com/terms/data-processing-addendum.",0,low
S000171,Google,Google Cloud Terms of Service,Google Cloud Terms of Service.docx,1,1,Google Cloud Terms of Service,"""Cloud Identity Services"" means the then-current services described at https://cloud.google.com/terms/identity/user-features.html, when purchased on a standalone basis (and not as a GCP Service or GWS Service).",0,low
S000172,Google,Google Cloud Terms of Service,Google Cloud Terms of Service.docx,1,1,Google Cloud Terms of Service,"""Confidential Information"" means information that one party (or an Affiliate) discloses to the other party under or in connection with this Agreement, and which is marked as confidential or would normally under the circumstances be considered confidential information. It does not include information that is independently developed by the recipient, is rightfully given to the recipient by a third party without confidentiality obligations, or becomes public through no fault of the recipient. Subject to the preceding sentence, Customer Data is considered Customer's Confidential Information.",0,low
S000173,Google,Google Cloud Terms of Service,Google Cloud Terms of Service.docx,1,1,Google Cloud Terms of Service,"""Control"" means control of greater than 50 percent of the voting rights or equity interests of a party.",0,low
S000174,Google,Google Cloud Terms of Service,Google Cloud Terms of Service.docx,1,1,Google Cloud Terms of Service,"""Core Services"" means, for GWS Services only, the then-current ""Core Services"" as described at https://workspace.google.com/intl/en/terms/user_features/, excluding any Third-Party Offerings.",0,low
S000175,Google,Google Cloud Terms of Service,Google Cloud Terms of Service.docx,1,1,Google Cloud Terms of Service,"""Customer Application"" means a software program that Customer creates or hosts using the GCP Services or Looker (original) Services, as applicable.",0,low
S000176,Google,Google Cloud Terms of Service,Google Cloud Terms of Service.docx,1,1,Google Cloud Terms of Service,"""Customer Data"" means (a) for GCP Services, Looker (original) Services, and SecOps Services, data provided to Google by Customer or End Users through the Services under the Account, and data that Customer or End Users derive from that data through their use of the Services; and (b) for GWS Services or Cloud Identity Services, data submitted, stored, sent or received via the Services by Customer or its End Users.",0,low
S000177,Google,Google Cloud Terms of Service,Google Cloud Terms of Service.docx,1,1,Google Cloud Terms of Service,"""Delayed Authorization Form of Payment"" means a form of payment where the transaction authorization does not happen at the time the payment is initiated, such as bank account transfers.",0,low
S000178,Google,Google Cloud Terms of Service,Google Cloud Terms of Service.docx,1,1,Google Cloud Terms of Service,"""Documentation"" means the Google documentation (as may be updated from time to time) in the form generally made available by Google to its customers for use with the Services, including at https://cloud.google.com/docs/ and any Looker (original) user guides and manuals Google provides Customer for its internal use.",0,low
S000179,Google,Google Cloud Terms of Service,Google Cloud Terms of Service.docx,1,1,Google Cloud Terms of Service,"""Domain Email Address"" means the email address on the Domain Name for use in connection with the GWS Services or Cloud Identity Services, as applicable.",0,low
S000180,Google,Google Cloud Terms of Service,Google Cloud Terms of Service.docx,1,1,Google Cloud Terms of Service,"""Domain Name"" means the domain name specified in the Order Form to be used in connection with the GWS Services or Cloud Identity Services, as applicable.",0,low
S000181,Google,Google Cloud Terms of Service,Google Cloud Terms of Service.docx,1,1,Google Cloud Terms of Service,"""End Users"" means the individuals who are permitted by Customer to use the Services. For clarity, End Users may include employees of Customer Affiliates and other authorized third parties.",0,low
S000182,Google,Google Cloud Terms of Service,Google Cloud Terms of Service.docx,1,1,Google Cloud Terms of Service,"""End User Account"" means a Google-hosted account established by Customer through the GWS Services or Cloud Identity Services in order for an End User to use the GWS Services or Cloud Identity Services.",0,low
S000183,Google,Google Cloud Terms of Service,Google Cloud Terms of Service.docx,1,1,Google Cloud Terms of Service,"""Export Control Laws"" means all applicable export and re-export control laws and regulations, including (a) the Export Administration Regulations (""EAR"") maintained by the U.S. Department of Commerce, (b) trade and economic sanctions maintained by the U.S. Treasury Department’s Office of Foreign Assets Control, and (c) the International Traffic in Arms Regulations (""ITAR"") maintained by the U.S. Department of State.",0,low
S000184,Google,Google Cloud Terms of Service,Google Cloud Terms of Service.docx,1,1,Google Cloud Terms of Service,"""Fee Accrual Period"" means (a) a calendar month or other period or billing frequency (b) for GCP Services and GWS Services only, a period in which Customer reaches a designated spend threshold, in each case specified by Google in the Admin Console or in an Order Form.",0,low
S000185,Google,Google Cloud Terms of Service,Google Cloud Terms of Service.docx,1,1,Google Cloud Terms of Service,"""Fees"" means the applicable fees for each Service, Software, TSS, and Third-Party Offerings, plus any applicable Taxes. The Fees for each (a) GCP Service are stated at https://cloud.google.com/skus/, (b) GWS Service are stated at https://workspace.google.com/pricing.html, and (c) Cloud Identity Service are stated at https://support.google.com/cloudidentity/answer/7666159 (in each case, incorporated into this Agreement by this reference). The Fees for SecOps Services and Looker (original) Services are stated in an Order Form or amendment to this Agreement.",0,low
S000186,Google,Google Cloud Terms of Service,Google Cloud Terms of Service.docx,1,1,Google Cloud Terms of Service,"""GCP Services"" or ""Google Cloud Platform Services"" means the then-current services described at https://cloud.google.com/terms/services.",0,low
S000187,Google,Google Cloud Terms of Service,Google Cloud Terms of Service.docx,1,1,Google Cloud Terms of Service,"""Google API"" means any application programming interface provided by Google as part of the Services.",0,low
S000188,Google,Google Cloud Terms of Service,Google Cloud Terms of Service.docx,1,1,Google Cloud Terms of Service,"""GWS Services"" or ""Google Workspace Services"" means the then-current Core Services and Other Services. For the avoidance of doubt, GWS Services do not include Google Workspace for Education, which is not governed by this Agreement.",0,low
S000189,Google,Google Cloud Terms of Service,Google Cloud Terms of Service.docx,1,1,Google Cloud Terms of Service,"""High Risk Activities"" means activities where the use or failure of the Services would reasonably be expected to lead to death, personal injury, or environmental or property damage (such as the creation or operation of nuclear facilities, air traffic control, life support systems, or weaponry).",0,low
S000190,Google,Google Cloud Terms of Service,Google Cloud Terms of Service.docx,1,1,Google Cloud Terms of Service,"""HIPAA"" means the Health Insurance Portability and Accountability Act of 1996 as it may be amended from time to time, and any regulations issued under it.",0,low
S000191,Google,Google Cloud Terms of Service,Google Cloud Terms of Service.docx,1,1,Google Cloud Terms of Service,"""including"" means including but not limited to.",0,low
S000192,Google,Google Cloud Terms of Service,Google Cloud Terms of Service.docx,1,1,Google Cloud Terms of Service,"""Indemnified Liabilities"" means any (i) settlement amounts approved by the indemnifying party, and (ii) damages and costs finally awarded against the indemnified party by a court of competent jurisdiction.",0,low
S000193,Google,Google Cloud Terms of Service,Google Cloud Terms of Service.docx,1,1,Google Cloud Terms of Service,"""Intellectual Property Rights"" means current and future worldwide rights under patent, copyright, trade secret, trademark, and moral rights laws, and other similar rights.",0,low
S000194,Google,Google Cloud Terms of Service,Google Cloud Terms of Service.docx,1,1,Google Cloud Terms of Service,"""Legal Process"" means an information disclosure request made under law, governmental regulation, court order, subpoena, warrant, or other valid legal authority, legal procedure, or similar process.",1,medium
S000195,Google,Google Cloud Terms of Service,Google Cloud Terms of Service.docx,1,1,Google Cloud Terms of Service,"""Liability"" means any liability, whether under contract, tort (including negligence), or otherwise, regardless of whether foreseeable or contemplated by the parties.",0,low
S000196,Google,Google Cloud Terms of Service,Google Cloud Terms of Service.docx,1,1,Google Cloud Terms of Service,"""Looker (original) Services"" means the integrated business intelligence and embedded analytics platform (including the software components that connect to APIs) provided as either a deployment hosted by Google or a deployment hosted by Customer, as specified in the applicable Order Form. For clarity, Data Studio (formerly Looker Studio) and Looker (Google Cloud core) are GCP Services and are not Looker (original) Services.",0,low
S000197,Google,Google Cloud Terms of Service,Google Cloud Terms of Service.docx,1,1,Google Cloud Terms of Service,"""Notification Email Address"" means the email address(es) designated by Customer in the Admin Console, or if none exists, the applicable Order Form.",0,low
S000198,Google,Google Cloud Terms of Service,Google Cloud Terms of Service.docx,1,1,Google Cloud Terms of Service,"""Order Form"" means (a) an order form, statement of work, or other ordering document issued by Google under this Agreement and executed by Customer and Google; or (b) an order placed by Customer via a Google website or the Services, in each case specifying the Services Google will provide to Customer.",0,low
S000199,Google,Google Cloud Terms of Service,Google Cloud Terms of Service.docx,1,1,Google Cloud Terms of Service,"""Order Term"" means the period of time starting on the Services Start Date for the Services and continuing for the period indicated on the Order Form unless terminated in accordance with this Agreement.",0,low
S000200,Google,Google Cloud Terms of Service,Google Cloud Terms of Service.docx,1,1,Google Cloud Terms of Service,"""Other Services"" means, for GWS Services only, the then-current ""Other Services"" as described at https://workspace.google.com/intl/en/terms/user_features/, excluding any Third-Party Offerings.",0,low
S000201,Google,Google Cloud Terms of Service,Google Cloud Terms of Service.docx,1,1,Google Cloud Terms of Service,"""Payment Due Date"" means the payment due date set out in the applicable Order Form, or if not specified, 30 days from the invoice date.",0,low
S000202,Google,Google Cloud Terms of Service,Google Cloud Terms of Service.docx,1,1,Google Cloud Terms of Service,"""Project"" means, as applicable: (i) a collection of Google Cloud Platform resources configured by Customer via the GCP Services; or",0,low
S000204,Google,Google Cloud Terms of Service,Google Cloud Terms of Service.docx,1,1,Google Cloud Terms of Service,(ii) an instance of the SecOps Services configured and used by Customer.,0,low
S000205,Google,Google Cloud Terms of Service,Google Cloud Terms of Service.docx,1,1,Google Cloud Terms of Service,"""SecOps Services"" means the then-current services described at https://cloud.google.com/terms/secops/services.",0,low
S000206,Google,Google Cloud Terms of Service,Google Cloud Terms of Service.docx,1,1,Google Cloud Terms of Service,"""Service Specific Terms"" means, as applicable: (i) For GCP Services, the then-current terms specific to one or more Services stated at cloud.google.com/terms/service-terms;",0,low
S000208,Google,Google Cloud Terms of Service,Google Cloud Terms of Service.docx,1,1,Google Cloud Terms of Service,"(ii) For GWS Services, the then-current terms specific to one or more services stated at https://workspace.google.com/terms/service-terms/;",0,low
S000209,Google,Google Cloud Terms of Service,Google Cloud Terms of Service.docx,1,1,Google Cloud Terms of Service,"(iii) For SecOps Services, the then-current terms specific to one or more Services stated at https://cloud.google.com/terms/secops/service-terms;",0,low
S000210,Google,Google Cloud Terms of Service,Google Cloud Terms of Service.docx,1,1,Google Cloud Terms of Service,"(iv) For Looker (original) Services, the then-current terms specific to one or more Services stated at https://cloud.google.com/terms/looker/legal/customers/service-terms; and",0,low
S000211,Google,Google Cloud Terms of Service,Google Cloud Terms of Service.docx,1,1,Google Cloud Terms of Service,"(v) For Cloud Identity Services, then-current terms specific to one or more Services stated at https://cloud.google.com/terms/identity/service-terms.",0,low
S000212,Google,Google Cloud Terms of Service,Google Cloud Terms of Service.docx,1,1,Google Cloud Terms of Service,"""Services"" means the GCP Services, GWS Services, SecOps Services, Looker (original) Services, or Cloud Identity Services, as applicable. In each case, Services exclude any Third-Party Offerings.",0,low
S000213,Google,Google Cloud Terms of Service,Google Cloud Terms of Service.docx,1,1,Google Cloud Terms of Service,"""Services Start Date"" means either the start date described in the Order Form or, in the absence of any such date, the date Google makes the Services available to Customer.",0,low
S000214,Google,Google Cloud Terms of Service,Google Cloud Terms of Service.docx,1,1,Google Cloud Terms of Service,"""SLA"" means, as applicable: (i) For GCP Services, each of the then-current service level agreements at https://cloud.google.com/terms/sla;",0,low
S000216,Google,Google Cloud Terms of Service,Google Cloud Terms of Service.docx,1,1,Google Cloud Terms of Service,"(ii) For GWS Services, the then-current service level agreement at https://workspace.google.com/terms/sla/;",0,low
S000217,Google,Google Cloud Terms of Service,Google Cloud Terms of Service.docx,1,1,Google Cloud Terms of Service,"(iii) For SecOps Services, each of the then-current service level agreements at https://cloud.google.com/terms/secops/sla;",0,low
S000218,Google,Google Cloud Terms of Service,Google Cloud Terms of Service.docx,1,1,Google Cloud Terms of Service,"(iv) For Looker (original) Services, each of the then-current service level agreements at https://cloud.google.com/terms/looker/legal/customers/sla; and",0,low
S000219,Google,Google Cloud Terms of Service,Google Cloud Terms of Service.docx,1,1,Google Cloud Terms of Service,"(v) For Cloud Identity Services, the then-current service level agreement at https://cloud.google.com/terms/identity/sla.",0,low
S000220,Google,Google Cloud Terms of Service,Google Cloud Terms of Service.docx,1,1,Google Cloud Terms of Service,"""Software"" means any downloadable tools, software development kits, or other such computer software provided by Google in connection with the applicable Services, and any updates Google may make to such Software from time to time, excluding any Third-Party Offerings.",0,low
S000221,Google,Google Cloud Terms of Service,Google Cloud Terms of Service.docx,1,1,Google Cloud Terms of Service,"""Suspend"" or ""Suspension"" means disabling or limiting access to or use of the Services or components of the Services.",0,low
S000222,Google,Google Cloud Terms of Service,Google Cloud Terms of Service.docx,1,1,Google Cloud Terms of Service,"""Taxes"" means all government-imposed taxes, except for taxes based on Google's net income, net worth, asset value, property value, or employment.",0,low
S000223,Google,Google Cloud Terms of Service,Google Cloud Terms of Service.docx,1,1,Google Cloud Terms of Service,"""Term"" has the meaning stated in Section 8.1 (Agreement Term) of this Agreement.",0,low
S000224,Google,Google Cloud Terms of Service,Google Cloud Terms of Service.docx,1,1,Google Cloud Terms of Service,"""Third-Party Offerings"" means (a) third-party services, software, products, and other offerings that are not incorporated into the Services or Software, (b) offerings identified in the ""Third-Party Terms"" section of the applicable Service Specific Terms, and (c) third-party operating systems.",0,low
S000225,Google,Google Cloud Terms of Service,Google Cloud Terms of Service.docx,1,1,Google Cloud Terms of Service,"""Third-Party Legal Proceeding"" means any formal legal proceeding filed by an unaffiliated third party before a court or government tribunal (including any appellate proceeding).",1,medium
S000226,Google,Google Cloud Terms of Service,Google Cloud Terms of Service.docx,1,1,Google Cloud Terms of Service,"""TSS"" means the then-current technical support service provided by Google to Customer under the TSS Guidelines.",0,low
S000227,Google,Google Cloud Terms of Service,Google Cloud Terms of Service.docx,1,1,Google Cloud Terms of Service,"""TSS Guidelines"" means Google's technical support services guidelines then in effect for the Services. TSS Guidelines are available at, as applicable: 15. Regional Modifications. Customer agrees that the modifications described at https://cloud.google.com/terms/regional-modifications, or a successor URL, as may be updated from time to time, apply to the Agreement if Customer’s billing address is in the applicable region and will govern to the extent of any conflict with the remainder of the Agreement.",0,low
S000229,Google,Google Play Terms of Service,Google Play Terms of Service.docx,1,1,1. Introduction,"Applicable Terms. Thanks for using Google Play. Google Play is a service provided by Google LLC (“Google”, “we” or “us”), located at 1600 Amphitheatre Parkway, Mountain View, California 94043, USA. Your use of Google Play and the apps (including Android Instant Apps), system services, games, movies, books, magazines, or other digital content or services (referred to as ""Content"") available through it is subject to these Google Play Terms of Service (“Play ToS”) and the Google Terms of Service (""Google ToS"") (together referred to as the “Terms”). Google Play is a “service” as described in the Google ToS. If there is any conflict between the Play ToS and the Google ToS, the Play ToS shall prevail.",0,low
S000230,Google,Google Play Terms of Service,Google Play Terms of Service.docx,1,1,2. Your Use of Google Play,"Access to and Use of Content. You may use Google Play to browse, locate, view, stream, or download Content for your mobile, computer, tv, watch, or other supported device (“Device”). To use Google Play, you will need a Device that meets the system and compatibility requirements for the relevant Content, working Internet access, and compatible software. The availability of Content and features will vary between countries and not all Content or features may be available in your country. Some Content may be available to share with family members. Content may be offered by Google or made available by third-parties not affiliated with Google. Google is not responsible for and does not endorse any Content made available through Google Play that originates from a source other than Google.",0,low
S000231,Google,Google Play Terms of Service,Google Play Terms of Service.docx,1,1,2. Your Use of Google Play,"Age Restrictions. In order to use Google Play, you must have a valid Google account (“Google Account”), subject to the following age restrictions. If you are considered a minor in your country, you must have your parent or legal guardian’s permission to use Google Play and to accept the Terms. You must comply with any additional age restrictions that might apply for the use of specific Content or features on Google Play. Family managers and family members must meet these additional requirements as well.",2,medium
S000232,Google,Google Play Terms of Service,Google Play Terms of Service.docx,1,1,2. Your Use of Google Play,Third-Party Fees. You are responsible for any access or data fees incurred from third parties (such as your Internet provider or mobile carrier) in connection with your use and viewing of Content and Google Play.,0,low
S000233,Google,Google Play Terms of Service,Google Play Terms of Service.docx,1,1,2. Your Use of Google Play,"Updates. Google Play, related support libraries, or Content may need to be updated, for example, for bug fixes, enhanced functions, missing plug-ins and new versions (collectively, “Updates”). Such Updates may be necessary in order for you to use Google Play or to access, download, or use Content. By agreeing to these Terms and using Google Play, you agree to receive such Updates automatically. You may be able to manage Updates to certain Content via Settings in Google Play. If it is determined, however, that the Update will fix a critical security vulnerability or critical operability issue related to the Content, or will prevent abuse, the Update may be completed irrespective of your Update settings in Google Play or your Device. If another app store attempts to update Content that was initially downloaded from Google Play, you may receive a warning or such updates may be prevented entirely.",0,low
S000234,Google,Google Play Terms of Service,Google Play Terms of Service.docx,1,1,2. Your Use of Google Play,"Information about You. Google’s Privacy Policy explains how we treat your personal data and protect your privacy when using Google Play. Google may need to provide your personal information, such as your name and email address, to Providers for the purposes of processing your transactions or provisioning Content to you. Providers agree to use this information in accordance with their privacy policies.",0,low
S000235,Google,Google Play Terms of Service,Google Play Terms of Service.docx,1,1,2. Your Use of Google Play,"If you are part of a family group on Google Play, your family members in the family group will be able to see certain information about you. If you are the family manager of a family group on Google Play, family members you invite to join the family group will see your name, photo, and e-mail address. If you join a family group as a family member, other family members will be able to see your name, photo, and e-mail address. Your family manager may also see your age and will see a record of all purchases you make using the designated family payment method, including a description of the Content purchased. If Content is available for family sharing and you share it with your family group, then all family members will be able to access the Content and see that you purchased it.",0,low
S000236,Google,Google Play Terms of Service,Google Play Terms of Service.docx,1,1,2. Your Use of Google Play,"Unauthorized Access to Accounts. You must keep your account details secure and must not share them with anyone else. You must not collect or harvest any personal data of any user of Google Play or of any user of other Google Services via Google Play, including account names.",0,low
S000237,Google,Google Play Terms of Service,Google Play Terms of Service.docx,1,1,2. Your Use of Google Play,"Disabled Accounts. If Google disables access to your account in accordance with the Terms (for example if you violate the Terms), you may be prevented from accessing Google Play, your account details or any files or other Content that is stored with your account. See the Help Center for more information. If you are the family manager of a family on Google Play and Google disables access to your account, your family members may lose access to family features requiring a family group, such as a family payment method, family subscriptions, or Content shared by family members. If you are a family member of a family on Google Play and Google disables your account, your family members will lose access to Content you have shared with them.",0,low
S000238,Google,Google Play Terms of Service,Google Play Terms of Service.docx,1,1,2. Your Use of Google Play,"Malware protection. To protect you against malicious third party software, URLs, and other security issues, Google may receive information about your Device’s network connections, potentially harmful URLs, the operating system, and apps installed on your Device through Google Play or from other sources. Google may warn you if it considers an app or URL to be unsafe, or Google may remove or block its installation on your Device if it is known to be harmful to devices, data or users. You can choose to disable some of these protections in the settings on your Device, however, Google may continue to receive information about apps installed through Google Play, and apps installed on your Device from other sources may continue to be analyzed for security issues without sending information to Google.",0,low
S000239,Google,Google Play Terms of Service,Google Play Terms of Service.docx,1,1,2. Your Use of Google Play,"Android Instant Apps. When you click on a link on your Device, Google Play may check if an applicable instant app exists and, if so, open the link within the instant app. Any code needed to run the portions of the instant app you access will be downloaded to your Device and kept on it temporarily. App details for an instant app can be found in the Google Play store. Android Instant Apps data and settings are synced to devices signed in with your Google account. You can choose to disable Android Instant Apps in the settings on your Device.",0,low
S000240,Google,Google Play Terms of Service,Google Play Terms of Service.docx,1,1,2. Your Use of Google Play,"Changes to these Terms.If the Play ToS change, you will be given at least 30 days notice, and the new Play ToS will be effective after such notice period. Your continued use of Google Play following such notice period will indicate your acceptance of the new Play ToS. The new Play ToS will apply to your use of all Content (including Content you have installed or purchased in the past) and all subsequent installs or purchases. If you do not agree with such changes, you will be given the opportunity to download the Content you previously purchased or installed and terminate your use of the Google Play. You may continue to view that copy of the Content on your Devices in accordance with the last version of the Play ToS that you accepted.",0,low
S000241,Google,Google Play Terms of Service,Google Play Terms of Service.docx,1,1,3. Purchases and Payments,"Free Content. Google may allow you to download, view or use Content free of charge on Google Play. Additional limitations may apply to your access and use of certain free Content.",0,low
S000242,Google,Google Play Terms of Service,Google Play Terms of Service.docx,1,1,3. Purchases and Payments,Purchase of Content. When you buy Content on or using Google Play you will enter into a separate sale contract based on these Terms (as applicable) with the seller which will be either: (a) Google Ireland Limited; or,0,low
S000244,Google,Google Play Terms of Service,Google Play Terms of Service.docx,1,1,3. Purchases and Payments,"(b) provider of the Content (the ""Provider""), including where Google Ireland Limited is acting as an agent for the Provider.",0,low
S000245,Google,Google Play Terms of Service,Google Play Terms of Service.docx,1,1,3. Purchases and Payments,The separate sale contract is in addition to these Terms.,0,low
S000246,Google,Google Play Terms of Service,Google Play Terms of Service.docx,1,1,3. Purchases and Payments,"For sales where Google is acting as an agent for the Provider, the statement, in the Google ToS, that the Google ToS “do not create any third party beneficiary rights”, does not apply to your use of Google Play.",0,low
S000247,Google,Google Play Terms of Service,Google Play Terms of Service.docx,1,1,3. Purchases and Payments,"Your contract for the purchase and use of Content is completed once you receive the email from Google confirming your purchase of that Content, and performance of this contract begins as soon as the purchase is complete.",0,low
S000248,Google,Google Play Terms of Service,Google Play Terms of Service.docx,1,1,3. Purchases and Payments,"Pre-orders. When you place a pre-order for Content, your contract for the purchase and use of that item is completed when the Content is made available to you, and you will be charged for the purchase at that time. You can cancel your pre-order at any time up to the point at which the Content becomes available to you. We will need to cancel your pre-order if the Content is withdrawn from sale through Google Play before it is made available and we reserve the right to cancel your order in the event the price changes before your order is fulfilled.",0,low
S000249,Google,Google Play Terms of Service,Google Play Terms of Service.docx,1,1,3. Purchases and Payments,"Family Payment Method. If you are the family manager of a family group on Google Play, you will be required to set up a valid family payment method for your family members to use to purchase Content on Google Play and within apps. You will be responsible for all of your family members’ purchases of Content using the family payment method. If a family group is deleted, or a family member leaves the family group, you may be charged for pending purchases made by family members using the family payment method.",0,low
S000250,Google,Google Play Terms of Service,Google Play Terms of Service.docx,1,1,3. Purchases and Payments,"Google Payments. In order to purchase Content through Google Play, you must have a Google Payments account and agree to the Google Payments Terms of Service.The Google Payments Privacy Notice applies whenever you purchase Content using a Google Payments account. You are responsible for all amounts payable associated with purchases made through Google Play on your Google Payments account.",0,low
S000251,Google,Google Play Terms of Service,Google Play Terms of Service.docx,1,1,3. Purchases and Payments,"Other Payment Processing Methods. Google may make available to you various payment processing methods in addition to Google Payments to facilitate the purchase of Content through Google Play. You must abide by any relevant terms and conditions or other legal agreement, whether with Google or a third party, that governs your use of a given payment processing method. Google may add or remove payment processing methods at its sole discretion. You are solely responsible for all amounts payable associated with purchases you make on Google Play.",0,low
S000252,Google,Google Play Terms of Service,Google Play Terms of Service.docx,1,1,3. Purchases and Payments,"Eligibility for Carrier Billing. In order to determine your eligibility to have purchases of Content that you make through your Devices billed to your network provider’s account, when you create a Google Play account on a Device, we will send identifiers of your Device, e.g., subscriber ID and SIM card serial number, to your network provider. To permit this you will need to accept the network provider’s terms of service. The network provider may send us your billing address information. We will hold and use this information in accordance with Google’s Privacy Policies and Google Payments Privacy Notice.",0,low
S000253,Google,Google Play Terms of Service,Google Play Terms of Service.docx,1,1,3. Purchases and Payments,Pricing. Pricing and availability of all Content displayed through Google Play are subject to change at any time prior to purchase.,0,low
S000254,Google,Google Play Terms of Service,Google Play Terms of Service.docx,1,1,3. Purchases and Payments,"Taxes.""Taxes"" means any duties, customs fees, levies or taxes (other than income tax) associated with the sale of Content, including any related penalties or interest. You are responsible for any Taxes and must pay for Content without any reduction for Taxes. If the seller of Content or Google is obligated to collect or pay Taxes, the Taxes will be charged to you. You must comply with any and all applicable tax laws, including the reporting and payment of any Taxes arising in connection with your use of Google Play or the purchase of Content on or through Google Play. The reporting and payment of any such applicable Taxes are your responsibility.",0,low
S000255,Google,Google Play Terms of Service,Google Play Terms of Service.docx,1,1,3. Purchases and Payments,"All Sales Final. See Google Play’s Refund Policy for more information about your rights to withdraw, cancel, or return purchases for a refund. Except as expressly set out in the Google ToS, Google Play’s Refund Policy or the refund policies of the Provider, all sales are final, and no returns, replacements or refunds are permitted. If a replacement, return or refund is granted for any transaction, the transaction may be reversed, and you may no longer be able to access the Content that you acquired through that transaction.",0,low
S000256,Google,Google Play Terms of Service,Google Play Terms of Service.docx,1,1,3. Purchases and Payments,"Subscriptions. Subscriptions are automatically charged each billing period (whether weekly, monthly, annually, or another period), and you may be charged no earlier than 24 hours before the beginning of each billing period.",0,low
S000257,Google,Google Play Terms of Service,Google Play Terms of Service.docx,1,1,3. Purchases and Payments,"(a)Trials Periods. When you subscribe to Content for a price, you may receive access to the subscription benefits at no charge for a specified trial period, after which you will be charged until you cancel your subscription. To avoid being charged, you must cancel before the end of the trial period. Once you cancel your trial, you will immediately lose access to the Content and any subscription privileges unless otherwise specified. Access to such trial periods may be limited to a certain number of trials for each user during a given period, or other restrictions.",0,low
S000258,Google,Google Play Terms of Service,Google Play Terms of Service.docx,1,1,3. Purchases and Payments,"(b)Cancellations. You may cancel a subscription at any time before the end of the applicable billing period as described in the Help Center, and the cancellation will apply to the next period. For example, if you purchase a monthly subscription, you may cancel that subscription at any time during any month of the subscription, and the subscription will be cancelled at the end of your then-current billing period. You will not receive a refund for the current billing period, except as otherwise provided in Google Play’s Refund Policy (for example where Content is defective).",0,low
S000259,Google,Google Play Terms of Service,Google Play Terms of Service.docx,1,1,3. Purchases and Payments,"(c)Reductions for Print Subscribers. Some Providers of periodicals may allow you to purchase a subscription of periodical Content on Google Play at a reduced rate if you are already a print subscriber. If you cancel your print subscription of that periodical or your print subscription expires and you do not renew it, your reduced subscription rate of that Content on Google Play will be cancelled automatically.",0,low
S000260,Google,Google Play Terms of Service,Google Play Terms of Service.docx,1,1,3. Purchases and Payments,"(d)Price Increases. When you purchase a subscription, you will initially be charged at the rate applicable at the time of your agreement to subscribe. If the price of the subscription increases later, Google will notify you. The increase will apply to the next payment due from you after the notice, provided that you have been given at least 30 days' prior notice before the charge is made. If you are given less than 30 days' prior notice, the price increase will not apply until the payment after the next payment due. If you do not wish to pay the increased price for a subscription, you may cancel the subscription as described in the Cancellations section of these Terms, and you will not be charged further amounts for the subscription, provided you have notified us before the end of the current billing period. Where the Provider increases the price of a subscription and consent is required, Google may cancel your subscription unless you agree to the new price. If your subscription is cancelled and you later decide to re-subscribe, you will be charged at the then current subscription rate.",2,medium
S000261,Google,Google Play Terms of Service,Google Play Terms of Service.docx,1,1,4. Rights and Restrictions,"License to Use Content. After completing a transaction or paying the applicable fees for Content, you will have the non-exclusive right, solely as expressly permitted in these Terms and associated policies, to store, access, view, use, and display copies of the applicable Content on your Devices or as otherwise authorized for your personal, non-commercial use only. All rights, title and interest in Google Play and Content not expressly granted to you in the Terms are reserved. Your use of apps and games may be governed by the additional terms and conditions of the end user license agreement between you and the Provider.",0,low
S000262,Google,Google Play Terms of Service,Google Play Terms of Service.docx,1,1,4. Rights and Restrictions,"Violation of License Terms. If you violate any of the Terms, your rights under this license will immediately terminate, and Google may terminate your access to Google Play, the Content or your Google Account without refund to you.",0,low
S000263,Google,Google Play Terms of Service,Google Play Terms of Service.docx,1,1,4. Rights and Restrictions,Restrictions: You may not: display (in part or in whole) the Content as part of any public performance or display even if no fee is charged except (a) where such use would not constitute a copyright infringement or violate any other applicable right or (b) as specifically permitted and only in the exact manner provided.,0,low
S000265,Google,Google Play Terms of Service,Google Play Terms of Service.docx,1,1,4. Rights and Restrictions,"sell, rent, lease, redistribute, broadcast, transmit, communicate, modify, sublicense, transfer, assign any Content to any third party including with regard to any downloads of Content that you may obtain through Google Play except as specifically permitted and only in the exact manner provided.",0,low
S000266,Google,Google Play Terms of Service,Google Play Terms of Service.docx,1,1,4. Rights and Restrictions,"use Google Play or any Content in conjunction with any stream-ripping, stream capture or similar software to record or create a copy of any Content that is presented to you in streaming format.",0,low
S000267,Google,Google Play Terms of Service,Google Play Terms of Service.docx,1,1,4. Rights and Restrictions,"use Content as part of any service for sharing, lending or multi-person use, or for the purpose of any other institution, except as specifically permitted and only in the exact manner provided.",0,low
S000268,Google,Google Play Terms of Service,Google Play Terms of Service.docx,1,1,4. Rights and Restrictions,"attempt to, or assist, authorize or encourage others to circumvent, disable or defeat any of the security features or components that protect, obfuscate or otherwise restrict access to any Content or Google Play.",0,low
S000269,Google,Google Play Terms of Service,Google Play Terms of Service.docx,1,1,4. Rights and Restrictions,"remove any watermarks, labels or other legal or proprietary notices included in any Content, or attempt to modify any Content obtained through Google Play, including any modification for the purpose of disguising or changing any indications of the ownership or source of Content.",0,low
S000270,Google,Google Play Terms of Service,Google Play Terms of Service.docx,1,1,4. Rights and Restrictions,"Third-Party Provisions. Notwithstanding anything to the contrary in these Terms, the third parties who license their Content to Google are intended third party beneficiaries under these Terms solely with respect to the specific provisions of these Terms that directly concern their Content (“Third-Party Provisions”), and solely for the purpose of enabling such third parties to enforce their rights in such Content. For the avoidance of doubt, nothing in these Terms confers a third-party beneficiary right upon any party, with respect to any provision that falls outside the Third Party Provisions, which includes but is not limited to any provisions or agreements incorporated by reference, or that may be referenced without incorporation, in these Terms.",0,low
S000271,Google,Google Play Terms of Service,Google Play Terms of Service.docx,1,1,4. Rights and Restrictions,"Play Policies. Posting reviews on Google Play is subject to the following policies. If you want to report abuse or other content violations, click here.",0,low
S000272,Google,Google Play Terms of Service,Google Play Terms of Service.docx,1,1,4. Rights and Restrictions,"Defective Content. Once Content is available to you through your account, you should check the Content as soon as reasonably possible to ensure that it functions and performs as stated, and notify us or Provider as soon as reasonably possible if you find any errors or defect. See the Google Play Refund Policy for more information.",0,low
S000273,Google,Google Play Terms of Service,Google Play Terms of Service.docx,1,1,4. Rights and Restrictions,"Removal or Unavailability of Content. Subject to the Terms, Content that you purchase or install will be available to you through Google Play for the period selected by you, in the case of a purchase for a rental period, and in other cases as long as Google has the right to make such Content available to you. In certain cases (for example if Google loses the relevant rights, a service or Content is discontinued, there are critical security issues, or there are breaches of applicable terms or the law), Google may remove from your Device or cease providing you with access to certain Content that you have purchased. For Content sold by Google Ireland Limited, you may be given notice of any such removal or cessation, when possible. If you are not able to download a copy of the Content before such removal or cessation, Google may offer you either (a) a replacement of the Content if possible or (b) a full or partial refund of the price of the Content. If Google issues you a refund, the refund shall be your sole remedy.",0,low
S000274,Google,Google Play Terms of Service,Google Play Terms of Service.docx,1,1,4. Rights and Restrictions,"Multiple Accounts. If you have multiple Google Accounts with different user names, in some cases you may transfer Content out of an account and into another account, provided you are the owner of each such account and provided Google has enabled a feature of the relevant service allowing such transfers.",0,low
S000275,Google,Google Play Terms of Service,Google Play Terms of Service.docx,1,1,4. Rights and Restrictions,Limits on access on Devices. Google may from time to time place limits on the number of Devices or software applications you may use to access Content. Please visit the Google Play Movies & TV/Google TV Usages Rules for more information about these limits for Google Play Movies & TV/Google TV.,0,low
S000276,Google,Google Play Terms of Service,Google Play Terms of Service.docx,1,1,4. Rights and Restrictions,"Dangerous Activities. None of the Services or Content are intended for use in the operation of nuclear facilities, life support systems, emergency communications, aircraft navigation or communication systems, air traffic control systems, or any other such activities in which case the failure of the Services or Content could lead to death, personal injury, or severe physical or environmental damage.",0,low
S000277,Google,Google Play Terms of Service,Google Play Terms of Service.docx,1,1,4. Rights and Restrictions,"Google Play Movies & TV/Google TV. For additional details and restrictions regarding your access and use of Google Play Movies & TV/Google TV, see the Google Play Movies & TV/Google TV Usage Rules.",0,low
S000278,Google,Google Privacy Policy,Google Privacy Policy.docx,1,1,Google Privacy Policy,"When you use our services, you’re trusting us with your information. We understand this is a big responsibility and work hard to protect your information and put you in control.",0,low
S000279,Google,Google Privacy Policy,Google Privacy Policy.docx,1,1,Google Privacy Policy,"This Privacy Policy is meant to help you understand what information we collect, why we collect it, and how you can update, manage, export, and delete your information.",1,medium
S000280,Google,Google Privacy Policy,Google Privacy Policy.docx,1,1,Google Privacy Policy,"We build a range of services that help millions of people daily to explore and interact with the world in new ways. Our services include: Products that are integrated into third-party apps and sites, like ads, analytics, and embedded Google Maps",0,low
S000282,Google,Google Privacy Policy,Google Privacy Policy.docx,1,1,Platforms like the Chrome browser and Android operating system,"You can use our services in a variety of ways to manage your privacy. For example, you can sign up for a Google Account if you want to create and manage content like emails and photos, or see more relevant search results. And you can use many Google services when you’re signed out or without creating an account at all, like searching on Google or watching YouTube videos. You can also choose to browse the web in a private mode, like Chrome Incognito mode, which helps keep your browsing private from other people who use your device. And across our services, you can adjust your privacy settings (like history and personalization controls) to make choices about whether we save some types of data to your Google account and how we use it.",0,low
S000283,Google,Google Privacy Policy,Google Privacy Policy.docx,1,1,Platforms like the Chrome browser and Android operating system,"To help explain things as clearly as possible, we’ve added examples, explanatory videos, and definitions for key terms. And if you have any questions about this Privacy Policy, you can contact us.",0,low
S000284,Google,Google Privacy Policy,Google Privacy Policy.docx,1,1,We want you to understand the types of information we collect as you use our services,"We collect information to provide better services to all our users — from figuring out basic stuff like which language you speak, to more complex things like which ads you’ll find most useful, the people who matter most to you online, or which YouTube videos you might like. The information Google collects, and how that information is used, depends on how you use our services and how you manage your privacy controls.",0,low
S000285,Google,Google Privacy Policy,Google Privacy Policy.docx,1,1,We want you to understand the types of information we collect as you use our services,"Google also collects and uses data that is not associated with your account. For example, when you’re not signed in to a Google Account, we store the information we collect with unique identifiers tied to the browser, application, or device you’re using. This allows us to do things like maintain your preferences across browsing sessions, such as your preferred language or whether to show you more relevant search results or ads based on your activity.",0,low
S000286,Google,Google Privacy Policy,Google Privacy Policy.docx,1,1,We want you to understand the types of information we collect as you use our services,"When you’re signed in, we also collect information that we store with your Google Account, which we treat as personal information.",0,low
S000287,Google,Google Privacy Policy,Google Privacy Policy.docx,1,1,Things you create or provide to us,"When you create a Google Account, you provide us with personal information that includes your name and a password. You can also choose to add a phone number or payment information to your account. Even if you aren’t signed in to a Google Account, you might choose to provide us with information — like an email address to communicate with Google or receive updates about our services.",0,low
S000288,Google,Google Privacy Policy,Google Privacy Policy.docx,1,1,Things you create or provide to us,"We also collect the content you create, upload, or receive from others when using our services. This includes things like email you write and receive, photos and videos you save, docs and spreadsheets you create, and comments you make on YouTube videos.",0,low
S000289,Google,Google Privacy Policy,Google Privacy Policy.docx,1,1,"Your apps, browsers & devices","We collect information about the apps, browsers, and devices you use to access Google services, which helps us provide features like automatic product updates and dimming your screen if your battery runs low.",0,low
S000290,Google,Google Privacy Policy,Google Privacy Policy.docx,1,1,"Your apps, browsers & devices","The information we collect includes unique identifiers, browser type and settings, device type and settings, operating system, mobile network information including carrier name and phone number, and application version number. We also collect information about the interaction of your apps, browsers, and devices with our services, including IP address, crash reports, system activity, and the date, time, and referrer URL of your request.",0,low
S000291,Google,Google Privacy Policy,Google Privacy Policy.docx,1,1,"Your apps, browsers & devices","We collect this information when a Google service on your device contacts our servers — for example, when you install an app from the Play Store or when a service checks for automatic updates. If you’re using an Android device with Google apps, your device periodically contacts Google servers to provide information about your device and connection to our services. This information includes things like your device type and carrier name, crash reports, which apps you've installed, and, depending on your device settings, other information about how you’re using your Android device.",0,low
S000292,Google,Google Privacy Policy,Google Privacy Policy.docx,1,1,"Your apps, browsers & devices","We collect information about your activity in our services, which we use to do things like recommend a YouTube video you might like. The activity information we collect may include: Chrome browsing history you’ve synced with your Google Account",0,low
S000294,Google,Google Privacy Policy,Google Privacy Policy.docx,1,1,Activity on third-party sites and apps that use our services,"If you use our services to make and receive calls or send and receive messages, we may collect call and message log information like your phone number, calling-party number, receiving-party number, forwarding numbers, sender and recipient email address, time and date of calls and messages, duration of calls, routing information, and types and volumes of calls and messages.",0,low
S000295,Google,Google Privacy Policy,Google Privacy Policy.docx,1,1,Activity on third-party sites and apps that use our services,You can visit your Google Account to find and manage activity information that’s saved in your history.,0,low
S000296,Google,Google Privacy Policy,Google Privacy Policy.docx,1,1,Activity on third-party sites and apps that use our services,"We collect location information when you use our services, which helps us offer features like driving directions, search results for things near you, and ads based on your location.",0,low
S000297,Google,Google Privacy Policy,Google Privacy Policy.docx,1,1,Activity on third-party sites and apps that use our services,"Depending on the products you’re using and settings you choose, Google may use different types of location information to help make some services and products you use more helpful. These include: Information about things near your device, such as Wi-Fi access points, cell towers, and Bluetooth-enabled devices",0,low
S000299,Google,Google Privacy Policy,Google Privacy Policy.docx,1,1,"Activity on Google services, such as from your searches or places you label like home or work","The types of location data we collect and how long we store it depend in part on your device and account settings. For example, you can turn your Android device’s location on or off using the device’s settings app. You can also turn on Timeline if you want to create a private map of where you go with your signed-in devices. Depending on your settings, your searches and other activity from Google services, which may also include location information, are saved as history to your Google Account. For example, activity from services like Search, Maps, and Shopping is saved to Search Services History, and your activity on some other Google sites and apps is saved to Web & App Activity. Learn more about how we use location information.",0,low
S000300,Google,Google Privacy Policy,Google Privacy Policy.docx,1,1,"Activity on Google services, such as from your searches or places you label like home or work","In some circumstances, Google also collects information about you from publicly accessible sources. For example, if your name appears in your local newspaper, Google’s Search engine may index that article and display it to other people if they search for your name. We may also collect information about you from trusted partners, such as directory services who provide us with business information to be displayed on Google’s services, marketing partners who provide us with information about potential customers of our business services, and security partners who provide us with information to protect against abuse. We also receive information from partners to provide advertising and research services on their behalf.",0,low
S000301,Google,Google Privacy Policy,Google Privacy Policy.docx,1,1,"Activity on Google services, such as from your searches or places you label like home or work","We use various technologies to collect and store information, including cookies, pixel tags, local storage, such as browser web storage or application data caches, databases, and server logs.",0,low
S000302,Google,Google Privacy Policy,Google Privacy Policy.docx,1,1,We use data to build better services,"We use the information we collect from all our services for the following purposes: We use your information to deliver our services, like processing the terms you search for in order to return results or helping you share content by suggesting recipients from your contacts.",0,low
S000304,Google,Google Privacy Policy,Google Privacy Policy.docx,1,1,Provide our services,"We also use your information to ensure our services are working as intended, such as tracking outages or troubleshooting issues that you report to us. And we use your information to make improvements to our services — for example, understanding which search terms are most frequently misspelled helps us improve spell-check features used across our services.",0,low
S000305,Google,Google Privacy Policy,Google Privacy Policy.docx,1,1,Provide our services,"We use the information we collect in existing services to help us develop new ones. For example, understanding how people organized their photos in Picasa, Google’s first photos app, helped us design and launch Google Photos.We use the information we collect to tailor our services for you, including providing customized and personalized experiences and recommendations, including things like content, and search results. For example, Security Checkup provides security tips adapted to how you use Google products. And, depending on your available settings, Google Play could use information like apps you’ve already installed and videos you’ve watched on YouTube to suggest new apps you might like.",0,low
S000306,Google,Google Privacy Policy,Google Privacy Policy.docx,1,1,Provide our services,"Depending on your settings, we may also show you personalized ads based on your interests and activity across Google services. For example, if you search for “mountain bikes,” you may see ads for sports equipment on YouTube. You can control what information we use to show you ads by visiting your ad settings in My Ad Center.",0,low
S000307,Google,Google Privacy Policy,Google Privacy Policy.docx,1,1,Provide our services,"We don’t show you personalized ads based on sensitive categories, such as race, religion, sexual orientation, or health.",0,low
S000308,Google,Google Privacy Policy,Google Privacy Policy.docx,1,1,Provide our services,"We don’t show you personalized ads based on your content from Drive, Gmail, or Photos.",0,low
S000309,Google,Google Privacy Policy,Google Privacy Policy.docx,1,1,Provide our services,"We don’t share information that personally identifies you with advertisers, such as your name or email, unless you ask us to. For example, if you see an ad for a nearby flower shop and select the “tap to call” button, we’ll connect your call and may share your phone number with the flower shop.",0,low
S000310,Google,Google Privacy Policy,Google Privacy Policy.docx,1,1,Provide our services,"We use data for analytics and measurement to understand how our services are used. For example, we analyze data about your visits to our sites to do things like optimize product design. And we also use data about the ads you interact with, including your related Google Search activity, to help advertisers understand the performance of their ad campaigns. We use a variety of tools to do this, including ad and analytics services. When you visit sites or use apps that use Google’s ad or analytics services, those services may link information about your activity from that site or app with activity from other sites or apps that use our services.",0,low
S000311,Google,Google Privacy Policy,Google Privacy Policy.docx,1,1,Provide our services,"We use information we collect, like your email address, to interact with you directly. For example, we may send you a notification if we detect suspicious activity, like an attempt to sign in to your Google Account from an unusual location. Or we may let you know about upcoming changes or improvements to our services. And if you contact Google, we’ll keep a record of your request in order to help solve any issues you might be facing.",0,low
S000312,Google,Google Privacy Policy,Google Privacy Policy.docx,1,1,"Protect Google, our users, and the public","We use information to help improve the safety and reliability of our services. This includes detecting, preventing, and responding to fraud, abuse, security risks, and technical issues that could harm Google, our users, or the public.",0,low
S000313,Google,Google Privacy Policy,Google Privacy Policy.docx,1,1,"Protect Google, our users, and the public","We use different technologies to process your information for these purposes. We use automated systems that analyze your content to provide you with things like tailored search results, personalized ads, or other features tailored to how you use our services. And we analyze your content to help us detect abuse such as spam, malware, and illegal content. We also use algorithms to recognize patterns in data. For example, Google Translate helps people communicate across languages by detecting common language patterns in phrases you ask it to translate.",0,low
S000314,Google,Google Privacy Policy,Google Privacy Policy.docx,1,1,"Protect Google, our users, and the public","We may use the information we collect across our services and across your devices for the purposes described above. For example, depending on your available settings, if you watch videos of guitar players on YouTube, you might see an ad for guitar lessons on a site that uses our ad products. Depending on your account settings, your activity on other sites and apps may be associated with your personal information in order to improve Google’s services and the ads delivered by Google.",0,low
S000315,Google,Google Privacy Policy,Google Privacy Policy.docx,1,1,"Protect Google, our users, and the public","If other users already have your email address or other information that identifies you, we may show them your publicly visible Google Account information, such as your name and photo. This helps people identify an email coming from you, for example.",0,low
S000316,Google,Google Privacy Policy,Google Privacy Policy.docx,1,1,"Protect Google, our users, and the public","We’ll ask for your consent before using your information for a purpose that isn’t covered in this Privacy Policy.This section describes key controls for managing your privacy across our services. You can also visit the Privacy Checkup, which provides an opportunity to review and adjust important privacy settings. In addition to these tools, we also offer specific privacy settings in our products — you can learn more in our Product Privacy Guide.",1,medium
S000317,Google,Google Privacy Policy,Google Privacy Policy.docx,1,1,"Managing, reviewing, and updating your information","When you’re signed in, you can always review and update information by visiting the services you use. For example, Photos and Drive are both designed to help you manage specific types of content you’ve saved with Google.",0,low
S000318,Google,Google Privacy Policy,Google Privacy Policy.docx,1,1,"Managing, reviewing, and updating your information","We also built a place for you to review and control information saved in your Google Account. Your Google Account includes: Across many of our services, you can adjust history and personalization controls to make choices about whether we save some types of data in your Google Account and how we use it to personalize your experience. For example, if you have YouTube History turned on, the videos you watch and the things you search for are saved in your account so you can get better recommendations and remember where you left off. Saving activity from services like Search, Maps, and Shopping to your Search Services History lets you do things like resume an AI Mode interaction where you left off or see past searches as Autocomplete suggestions. When Personalized Recommendations in Search services is on, these services can provide results, curated feeds, and AI responses that are personalized to you based on info in your Google Account, including Search Services History. And if you have Web & App Activity turned on, your activity from some other Google services are saved in your account so you can get more personalized experiences. Web & App Activity also has a subsetting that lets you control whether some information about your activity on other sites, apps, and devices that use Google services is saved with Web & App Activity in your Google Account and used to improve Google services.",0,low
S000320,Google,Google Privacy Policy,Google Privacy Policy.docx,1,1,Ad settings,"Manage your preferences about the ads shown to you on Google and on sites and apps that partner with Google to show ads. You can modify your interests, choose whether your personal information is used to make ads more relevant to you, and turn on or off certain advertising services.",0,low
S000321,Google,Google Privacy Policy,Google Privacy Policy.docx,1,1,About you,Manage personal info in your Google Account and control who can see it across Google services.,0,low
S000322,Google,Google Privacy Policy,Google Privacy Policy.docx,1,1,Shared endorsements,"Choose whether your name and photo appear next to your activity, like reviews and recommendations, that appear in ads.",0,low
S000323,Google,Google Privacy Policy,Google Privacy Policy.docx,1,1,Sites and apps that use Google services,"Manage information that websites and apps using Google services, like Google Analytics, may share with Google when you visit or interact with their services.",0,low
S000324,Google,Google Privacy Policy,Google Privacy Policy.docx,1,1,My Activity,"My Activity allows you to review and control data that’s saved to your Google Account when you’re signed in and using Google services, like searches you’ve done or your visits to Google Play. You can browse by date and by topic, and delete part or all of your activity.",0,low
S000325,Google,Google Privacy Policy,Google Privacy Policy.docx,1,1,Google Dashboard,Google Dashboard allows you to manage information associated with specific products.,0,low
S000326,Google,Google Privacy Policy,Google Privacy Policy.docx,1,1,Your personal information,"Manage your contact information, such as your name, email, and phone number.",0,low
S000327,Google,Google Privacy Policy,Google Privacy Policy.docx,1,1,Your personal information,"When you’re signed out, you can manage information associated with your browser or device, including: Signed-out search customization: Choose whether your search activity is used to offer you more relevant results and recommendations.",0,low
S000329,Google,Google Privacy Policy,Google Privacy Policy.docx,1,1,Your personal information,YouTube settings: Pause and delete your YouTube Search History and your YouTube Watch History.,0,low
S000330,Google,Google Privacy Policy,Google Privacy Policy.docx,1,1,Your personal information,Ad Settings: Manage your preferences about the ads shown to you on Google and on sites and apps that partner with Google to show ads.,0,low
S000331,Google,Google Privacy Policy,Google Privacy Policy.docx,1,1,"Exporting, removing & deleting your information",You can export a copy of content in your Google Account if you want to back it up or use it with a service outside of Google.,0,low
S000332,Google,Google Privacy Policy,Google Privacy Policy.docx,1,1,Export your data,"To delete your information, you can: Inactive Account Manager allows you to give someone else access to parts of your Google Account in case you’re unexpectedly unable to use your account.",1,medium
S000334,Google,Google Privacy Policy,Google Privacy Policy.docx,1,1,Delete your information,"And finally, you can also request to remove content from specific Google services based on applicable law and our policies.",1,medium
S000335,Google,Google Privacy Policy,Google Privacy Policy.docx,1,1,Delete your information,"There are other ways to control the information Google collects whether or not you’re signed in to a Google Account, including: Browser settings: For example, you can configure your browser to indicate when Google has set a cookie in your browser. You can also configure your browser to block all cookies from a specific domain or all domains. But remember that our services rely on cookies to function properly, for things like remembering your language preferences.",1,medium
S000337,Google,Google Privacy Policy,Google Privacy Policy.docx,1,1,Delete your information,"Device-level settings: Your device may have controls that determine what information we collect. For example, you can modify location settings on your Android device.",1,medium
S000338,Google,Google Privacy Policy,Google Privacy Policy.docx,1,1,When you share your information,"Many of our services let you share information with other people, and you have control over how you share. For example, you can share videos on YouTube publicly or you can decide to keep your videos private. Remember, when you share information publicly, your content may become accessible through search engines, including Google Search.",0,low
S000339,Google,Google Privacy Policy,Google Privacy Policy.docx,1,1,When you share your information,"When you’re signed in and interact with some Google services, like leaving comments on a YouTube video or reviewing an app in Play, your name and photo appear next to your activity. We may also display this information in ads depending on your Shared endorsements setting.",0,low
S000340,Google,Google Privacy Policy,Google Privacy Policy.docx,1,1,When Google shares your information,"We do not share your personal information with companies, organizations, or individuals outside of Google except in the following cases: We’ll share personal information outside of Google when we have your consent. For example, if you use Google Home to make a reservation through a booking service, we’ll get your permission before sharing your name or phone number with the restaurant. We also provide you with controls to review and manage third party apps and sites you have given access to data in your Google Account. We’ll ask for your explicit consent to share any sensitive personal information.",1,medium
S000342,Google,Google Privacy Policy,Google Privacy Policy.docx,1,1,With domain administrators,"If you’re a student or work for an organization that uses Google services, your domain administrator and resellers who manage your account will have access to your Google Account. They may be able to: Receive your account information in order to satisfy applicable law, regulation, legal process, or enforceable governmental request",0,low
S000344,Google,Google Privacy Policy,Google Privacy Policy.docx,1,1,For external processing,"We provide personal information to our affiliates and other trusted businesses or persons to process it for us, based on our instructions and in compliance with our Privacy Policy and any other appropriate confidentiality and security measures. For example, we use service providers to help operate our data centers, deliver our products and services, improve our internal business processes, and offer additional support to customers and users. We also use service providers to help review YouTube video content for public safety and analyze and listen to samples of saved user audio to help improve Google’s audio recognition technologies.",1,medium
S000345,Google,Google Privacy Policy,Google Privacy Policy.docx,1,1,For legal reasons,"We will share personal information outside of Google if we have a good-faith belief that disclosure of the information is reasonably necessary to: Respond to any applicable law, regulation,legal process, or enforceable governmental request. We share information about the number and type of requests we receive from governments in our Transparency Report.",0,low
S000347,Google,Google Privacy Policy,Google Privacy Policy.docx,1,1,For legal reasons,"Enforce applicable Terms of Service, including investigation of potential violations.",0,low
S000348,Google,Google Privacy Policy,Google Privacy Policy.docx,1,1,For legal reasons,"Detect, prevent, or otherwise address fraud, security, or technical issues.",0,low
S000349,Google,Google Privacy Policy,Google Privacy Policy.docx,1,1,For legal reasons,"Protect against harm to the rights, property or safety of Google, our users, or the public.",0,low
S000350,Google,Google Privacy Policy,Google Privacy Policy.docx,1,1,For legal reasons,"We may share non-personally identifiable information publicly and with our partners — like publishers, advertisers, developers, or rights holders. For example, we share information publicly to show trends about the general use of our services. We also allow specific partners to collect information from your browser or device for advertising and measurement purposes using their own cookies or similar technologies.",0,low
S000351,Google,Google Privacy Policy,Google Privacy Policy.docx,1,1,For legal reasons,"If Google is involved in a merger, acquisition, or sale of assets, we’ll continue to ensure the confidentiality of your personal information and give affected users notice before personal information is transferred or becomes subject to a different privacy policy.",0,low
S000352,Google,Google Privacy Policy,Google Privacy Policy.docx,1,1,We build security into our services to protect your information,"All Google products are built with strong security features that continuously protect your information. The insights we gain from maintaining our services help us detect and automatically block security threats from ever reaching you. And if we do detect something risky that we think you should know about, we’ll notify you and help guide you through steps to stay better protected.",0,low
S000353,Google,Google Privacy Policy,Google Privacy Policy.docx,1,1,We build security into our services to protect your information,"We work hard to protect you and Google from unauthorized access, alteration, disclosure, or destruction of information we hold, including: We offer a range of security features, like Safe Browsing, Security Checkup, and 2 Step Verification to help you protect your account",0,low
S000355,Google,Google Privacy Policy,Google Privacy Policy.docx,1,1,We use encryption to keep your data private while in transit,"We review our information collection, storage, and processing practices, including physical security measures, to prevent unauthorized access to our systems",1,medium
S000356,Google,Google Privacy Policy,Google Privacy Policy.docx,1,1,We use encryption to keep your data private while in transit,"We restrict access to personal information to Google employees, contractors, and agents who need that information in order to process it. Anyone with this access is subject to strict contractual confidentiality obligations and may be disciplined or terminated if they fail to meet these obligations.",1,medium
S000357,Google,Google Privacy Policy,Google Privacy Policy.docx,1,1,You can export a copy of your information or delete it from your Google Account at any time,You can export a copy of content in your Google Account if you want to back it up or use it with a service outside of Google.,0,low
S000358,Google,Google Privacy Policy,Google Privacy Policy.docx,1,1,Export your data,"To delete your information, you can: We retain the data we collect for different periods of time depending on what it is, how we use it, and how you configure your settings:",1,medium
S000360,Google,Google Privacy Policy,Google Privacy Policy.docx,1,1,Retaining your information,"Some data you can delete whenever you like, such as your personal info or the content you create or upload, like photos and documents. You can also delete activity information saved in your account, or choose to have it deleted automatically after a set period of time. We’ll keep this data in your Google Account until you remove it or choose to have it removed.",0,low
S000361,Google,Google Privacy Policy,Google Privacy Policy.docx,1,1,Retaining your information,"Other data is deleted or anonymized automatically after a set period of time, such as advertising data in server logs.",0,low
S000362,Google,Google Privacy Policy,Google Privacy Policy.docx,1,1,Retaining your information,"We keep some data until you delete your Google Account, such as information about how often you use our services.",0,low
S000363,Google,Google Privacy Policy,Google Privacy Policy.docx,1,1,Retaining your information,"And some data we retain for longer periods of time when necessary for legitimate business or legal purposes, such as security, fraud and abuse prevention, or financial record-keeping.",0,low
S000364,Google,Google Privacy Policy,Google Privacy Policy.docx,1,1,Retaining your information,"When you delete data, we follow a deletion process to make sure that your data is safely and completely removed from our servers or retained only in anonymized form. We try to ensure that our services protect information from accidental or malicious deletion. Because of this, there may be delays between when you delete something and when copies are deleted from our active and backup systems.",0,low
S000365,Google,Google Privacy Policy,Google Privacy Policy.docx,1,1,Retaining your information,"You can read more about Google’s data retention periods, including how long it takes us to delete your information.",1,medium
S000366,Google,Google Privacy Policy,Google Privacy Policy.docx,1,1,Compliance & cooperation with regulators,We regularly review this Privacy Policy and make sure that we process your information in ways that comply with it.,0,low
S000367,Google,Google Privacy Policy,Google Privacy Policy.docx,1,1,Data transfers,"We maintain servers around the world and your information may be processed on servers located outside of the country where you live. Data protection laws vary among countries, with some providing more protection than others. Regardless of where your information is processed, we apply the same protections described in this policy. We also comply with certain legal frameworks relating to the transfer of data.",0,low
S000368,Google,Google Privacy Policy,Google Privacy Policy.docx,1,1,Data transfers,"When we receive formal written complaints, we respond by contacting the person who made the complaint. We work with the appropriate regulatory authorities, including local data protection authorities, to resolve any complaints regarding the transfer of your data that we cannot resolve with you directly.",1,medium
S000369,Google,Google Privacy Policy,Google Privacy Policy.docx,1,1,When this policy applies,"This Privacy Policy applies to all of the services offered by Google LLC and its affiliates, including YouTube, Android, and services offered on third-party sites, such as advertising services. This Privacy Policy doesn’t apply to services that have separate privacy policies that do not incorporate this Privacy Policy.",0,low
S000370,Google,Google Privacy Policy,Google Privacy Policy.docx,1,1,When this policy applies,"This Privacy Policy doesn’t apply to: Services offered by other companies or individuals, including products or sites they offer that may include Google services to which the policy applies, or products or sites displayed to you in search results, or linked from our services",0,low
S000372,Google,Google Privacy Policy,Google Privacy Policy.docx,1,1,Changes to this policy,"We change this Privacy Policy from time to time. We will not reduce your rights under this Privacy Policy without your explicit consent. We always indicate the date the last changes were published and we offer access to archived versions for your review. If changes are significant, we’ll provide a more prominent notice (including, for certain services, email notification of Privacy Policy changes).",2,medium
S000373,Google,Google_Terms_of_Service,Google_Terms_of_Service.docx,1,1,Age requirements,"If you’re under the age required to manage your own Google Account, you must have your parent or legal guardian’s permission to use a Google Account. Please have your parent or legal guardian read these terms with you.",0,low
S000374,Google,Google_Terms_of_Service,Google_Terms_of_Service.docx,1,1,Age requirements,"If you’re a parent or legal guardian, and you allow your child to use the services, then these terms apply to you and you’re responsible for your child’s activity on the services.",1,medium
S000375,Google,Google_Terms_of_Service,Google_Terms_of_Service.docx,1,1,Your relationship with Google,"These terms help define the relationship between you and Google. When we speak of “Google,” “we,” “us,” and “our,” we mean Google LLC and its affiliates, excluding any local entities based in India. Broadly speaking, we give you permission to access and use our services if you agree to follow these terms, which reflect how Google’s business works and how we earn money.",0,low
S000376,Google,Google_Terms_of_Service,Google_Terms_of_Service.docx,1,1,Provide a broad range of useful services,"We provide a broad range of services that are subject to these terms, including: apps and sites (like Search and Maps)",0,low
S000378,Google,Google_Terms_of_Service,Google_Terms_of_Service.docx,1,1,Provide a broad range of useful services,platforms (like Google Shopping),0,low
S000379,Google,Google_Terms_of_Service,Google_Terms_of_Service.docx,1,1,Provide a broad range of useful services,integrated services (like Maps embedded in other companies’ apps or sites),0,low
S000380,Google,Google_Terms_of_Service,Google_Terms_of_Service.docx,1,1,Provide a broad range of useful services,devices (like Google Nest and Pixel),0,low
S000381,Google,Google_Terms_of_Service,Google_Terms_of_Service.docx,1,1,Provide a broad range of useful services,Many of these services also include content that you can stream or interact with.,0,low
S000382,Google,Google_Terms_of_Service,Google_Terms_of_Service.docx,1,1,Provide a broad range of useful services,"Our services are designed to work together, making it easier for you to move from one activity to the next. For example, if your Calendar event includes an address, you can click on that address and Maps can show you how to get there.",0,low
S000383,Google,Google_Terms_of_Service,Google_Terms_of_Service.docx,1,1,"Develop, improve, and update Google services","We’re constantly developing new technologies and features to improve our services. For example, we use artificial intelligence and machine learning to provide you with simultaneous translations, and to better detect and block spam and malware. As part of this continual improvement, we sometimes add or remove features and functionalities, increase or decrease limits to our services, and start offering new services or stop offering old ones. When a service requires or includes downloadable or preloaded software, that software sometimes updates automatically on your device once a new version or feature is available. Some services let you adjust your automatic update settings.",0,low
S000384,Google,Google_Terms_of_Service,Google_Terms_of_Service.docx,1,1,"Develop, improve, and update Google services","If we make material changes that negatively impact your use of our services or if we stop offering a service, we’ll provide you with reasonable advance notice, except in urgent situations such as preventing abuse, responding to legal requirements, or addressing security and operability issues. We’ll also provide you with an opportunity to export your content from your Google Account using Google Takeout, subject to applicable law and policies.",0,low
S000385,Google,Google_Terms_of_Service,Google_Terms_of_Service.docx,1,1,Follow these terms and service-specific additional terms,The permission we give you to access and use our services continues as long as you comply with: these terms,0,low
S000387,Google,Google_Terms_of_Service,Google_Terms_of_Service.docx,1,1,Follow these terms and service-specific additional terms,"service-specific additional terms, which could, for example, include things like additional age requirements",0,low
S000388,Google,Google_Terms_of_Service,Google_Terms_of_Service.docx,1,1,Follow these terms and service-specific additional terms,"We also make various policies, help centers, and other resources available to you to answer common questions and to set expectations about using our services. These resources include our Privacy Policy, Copyright Help Center, Safety Center, Transparency Center, and other pages accessible from our policies site. Finally, we may provide specific instructions and warnings within our services – such as dialog boxes that alert you to important information.",0,low
S000389,Google,Google_Terms_of_Service,Google_Terms_of_Service.docx,1,1,Follow these terms and service-specific additional terms,"Although we give you permission to use our services, we retain any intellectual property rights we have in the services.",0,low
S000390,Google,Google_Terms_of_Service,Google_Terms_of_Service.docx,1,1,Follow these terms and service-specific additional terms,"We want to maintain a respectful environment for everyone, which means you must follow these basic rules of conduct: comply with applicable laws, including export control, sanctions, money laundering, and human trafficking laws",0,low
S000392,Google,Google_Terms_of_Service,Google_Terms_of_Service.docx,1,1,Follow these terms and service-specific additional terms,"respect the rights of others, including privacy and intellectual property rights",0,low
S000393,Google,Google_Terms_of_Service,Google_Terms_of_Service.docx,1,1,Follow these terms and service-specific additional terms,"don’t abuse or harm others or yourself (or threaten or encourage such abuse or harm) including against children — for example, by misleading, defrauding, illegally impersonating, defaming, bullying, harassing, or stalking others; hosting or publishing any obscene content; or inciting the violation of applicable laws",1,medium
S000394,Google,Google_Terms_of_Service,Google_Terms_of_Service.docx,1,1,Follow these terms and service-specific additional terms,"Our service-specific additional terms and policies, such as our Generative AI Prohibited Use Policy, provide additional details about appropriate conduct that everyone using those services must follow. If you find that others aren’t following these rules, many of our services allow you to report abuse. If we act on a report of abuse, we also provide the process described in the Taking action in case of problems section.",0,low
S000395,Google,Google_Terms_of_Service,Google_Terms_of_Service.docx,1,1,Follow these terms and service-specific additional terms,Don’t abuse our services,0,low
S000396,Google,Google_Terms_of_Service,Google_Terms_of_Service.docx,1,1,Follow these terms and service-specific additional terms,"Most people who access or use our services understand the general rules that keep the internet safe and open. Unfortunately, a small number of people don’t respect those rules, so we’re describing them here to protect our services and users from abuse. In that spirit: You must not abuse, harm, interfere with, or disrupt our services or systems — for example, by:",0,low
S000398,Google,Google_Terms_of_Service,Google_Terms_of_Service.docx,1,1,Follow these terms and service-specific additional terms,introducing malware,0,low
S000399,Google,Google_Terms_of_Service,Google_Terms_of_Service.docx,1,1,Follow these terms and service-specific additional terms,"spamming, hacking, or bypassing our systems or protective measures",0,low
S000400,Google,Google_Terms_of_Service,Google_Terms_of_Service.docx,1,1,Follow these terms and service-specific additional terms,"jailbreaking, adversarial prompting, or prompt injection, except as part of our safety and bug testing programs",0,low
S000401,Google,Google_Terms_of_Service,Google_Terms_of_Service.docx,1,1,Follow these terms and service-specific additional terms,"accessing or using our services or content in fraudulent or deceptive ways, such as: phishing",0,low
S000403,Google,Google_Terms_of_Service,Google_Terms_of_Service.docx,1,1,Follow these terms and service-specific additional terms,"creating fake accounts or content, including fake reviews",0,low
S000404,Google,Google_Terms_of_Service,Google_Terms_of_Service.docx,1,1,Follow these terms and service-specific additional terms,misleading others into thinking that generative AI content was created by a human,0,low
S000405,Google,Google_Terms_of_Service,Google_Terms_of_Service.docx,1,1,Follow these terms and service-specific additional terms,providing services that appear to originate from you (or someone else) when they actually originate from us,0,low
S000406,Google,Google_Terms_of_Service,Google_Terms_of_Service.docx,1,1,Follow these terms and service-specific additional terms,providing services that appear to originate from us when they do not,0,low
S000407,Google,Google_Terms_of_Service,Google_Terms_of_Service.docx,1,1,Follow these terms and service-specific additional terms,"using our services (including the content they provide) to violate anyone’s legal rights, such as intellectual property or privacy rights",0,low
S000408,Google,Google_Terms_of_Service,Google_Terms_of_Service.docx,1,1,Follow these terms and service-specific additional terms,"reverse engineering our services or underlying technology, such as our machine learning models, to extract trade secrets or other proprietary information, except as allowed by applicable law",0,low
S000409,Google,Google_Terms_of_Service,Google_Terms_of_Service.docx,1,1,Follow these terms and service-specific additional terms,"using automated means to access content from any of our services in violation of the machine-readable instructions on our web pages (for example, robots.txt files that disallow crawling, training, or other activities)",0,low
S000410,Google,Google_Terms_of_Service,Google_Terms_of_Service.docx,1,1,Follow these terms and service-specific additional terms,using AI-generated content from our services to develop machine learning models or related AI technology,0,low
S000411,Google,Google_Terms_of_Service,Google_Terms_of_Service.docx,1,1,Follow these terms and service-specific additional terms,hiding or misrepresenting who you are in order to violate these terms,0,low
S000412,Google,Google_Terms_of_Service,Google_Terms_of_Service.docx,1,1,Follow these terms and service-specific additional terms,providing services that encourage others to violate these terms,0,low
S000413,Google,Google_Terms_of_Service,Google_Terms_of_Service.docx,1,1,Permission to use your content,"Some of our services are designed to let you upload, submit, store, send, receive, or share your content. You have no obligation to provide any content to our services and you’re free to choose the content that you want to provide. If you choose to upload or share content, please make sure you have the necessary rights to do so and that the content is lawful.",0,low
S000414,Google,Google_Terms_of_Service,Google_Terms_of_Service.docx,1,1,License,"Your content remains yours, which means that you retain any intellectual property rights that you have in your content. For example, you have intellectual property rights in the creative content you make, such as reviews you write. Or you may have the right to share someone else’s creative content if they’ve given you their permission.",0,low
S000415,Google,Google_Terms_of_Service,Google_Terms_of_Service.docx,1,1,License,We need your permission if your intellectual property rights restrict our use of your content. You provide Google with that permission through this license.,0,low
S000416,Google,Google_Terms_of_Service,Google_Terms_of_Service.docx,1,1,License,What’s covered,0,low
S000417,Google,Google_Terms_of_Service,Google_Terms_of_Service.docx,1,1,License,This license covers your content if that content is protected by intellectual property rights.,0,low
S000418,Google,Google_Terms_of_Service,Google_Terms_of_Service.docx,1,1,License,What’s not covered,0,low
S000419,Google,Google_Terms_of_Service,Google_Terms_of_Service.docx,1,1,License,This license doesn’t affect your privacy rights — it’s only about your intellectual property rights,0,low
S000420,Google,Google_Terms_of_Service,Google_Terms_of_Service.docx,1,1,License,"This license doesn’t cover these types of content: publicly-available factual information that you provide, such as corrections to the address of a local business. That information doesn’t require a license because it’s considered common knowledge that everyone’s free to use.",0,low
S000422,Google,Google_Terms_of_Service,Google_Terms_of_Service.docx,1,1,License,"feedback that you offer, such as suggestions to improve our services. Feedback is covered in the Service-related communications section below.",0,low
S000423,Google,Google_Terms_of_Service,Google_Terms_of_Service.docx,1,1,Scope,"This license is: worldwide, which means it’s valid anywhere in the world",0,low
S000425,Google,Google_Terms_of_Service,Google_Terms_of_Service.docx,1,1,Scope,"non-exclusive, which means you can license your content to others",0,low
S000426,Google,Google_Terms_of_Service,Google_Terms_of_Service.docx,1,1,Scope,"royalty-free, which means there are no monetary fees for this license",0,low
S000427,Google,Google_Terms_of_Service,Google_Terms_of_Service.docx,1,1,Rights,"This license allows Google to: host, reproduce, distribute, communicate, and use your content — for example, to save your content on our systems and make it accessible from anywhere you go",0,low
S000429,Google,Google_Terms_of_Service,Google_Terms_of_Service.docx,1,1,Rights,"publish, publicly perform, or publicly display your content, if you’ve made it visible to others",0,low
S000430,Google,Google_Terms_of_Service,Google_Terms_of_Service.docx,1,1,Rights,"modify and create derivative works based on your content, such as reformatting or translating it",0,low
S000431,Google,Google_Terms_of_Service,Google_Terms_of_Service.docx,1,1,Rights,"sublicense these rights to: other users to allow the services to work as designed, such as enabling you to share photos with people you choose",0,low
S000433,Google,Google_Terms_of_Service,Google_Terms_of_Service.docx,1,1,Rights,"our contractors who’ve signed agreements with us that are consistent with these terms, only for the limited purposes described in the Purpose section below",0,low
S000434,Google,Google_Terms_of_Service,Google_Terms_of_Service.docx,1,1,Purpose,"This license is for the limited purpose of: operating and improving the services, which means allowing the services to work as designed and creating new features and functionalities. This includes using automated systems and algorithms to analyze your content:",0,low
S000436,Google,Google_Terms_of_Service,Google_Terms_of_Service.docx,1,1,Purpose,for spam and malware,0,low
S000437,Google,Google_Terms_of_Service,Google_Terms_of_Service.docx,1,1,Purpose,"to recognize patterns in data, such as determining when to suggest a new album in Google Photos to keep related photos together",0,low
S000438,Google,Google_Terms_of_Service,Google_Terms_of_Service.docx,1,1,Purpose,"to customize our services for you, such as providing recommendations and personalized search results, content, and ads (which you can change or turn off in Ads Settings)",0,low
S000439,Google,Google_Terms_of_Service,Google_Terms_of_Service.docx,1,1,Purpose,"This analysis occurs as the content is sent, received, and when it is stored.",0,low
S000440,Google,Google_Terms_of_Service,Google_Terms_of_Service.docx,1,1,Purpose,"using content you’ve shared publicly to promote the services. For example, to promote a Google app, we might quote a review you wrote. Or to promote Google Play, we might show a screenshot of the app you offer in the Play Store.",0,low
S000441,Google,Google_Terms_of_Service,Google_Terms_of_Service.docx,1,1,Purpose,developing new technologies and services for Google consistent with these terms,0,low
S000442,Google,Google_Terms_of_Service,Google_Terms_of_Service.docx,1,1,Duration,This license lasts for as long as your content is protected by intellectual property rights.,0,low
S000443,Google,Google_Terms_of_Service,Google_Terms_of_Service.docx,1,1,Duration,"If you remove from our services any content that’s covered by this license, then our systems will stop making that content publicly available in a reasonable amount of time. There are two exceptions: If you already shared your content with others before removing it. For example, if you shared a photo with a friend who then made a copy of it, or shared it again, then that photo may continue to appear in your friend’s Google Account even after you remove it from your Google Account.",0,low
S000445,Google,Google_Terms_of_Service,Google_Terms_of_Service.docx,1,1,Duration,"If you make your content available through other companies’ services, it’s possible that search engines, including Google Search, will continue to find and display your content as part of their search results.",0,low
S000446,Google,Google_Terms_of_Service,Google_Terms_of_Service.docx,1,1,Your Google Account,"If you meet these age requirements you can create a Google Account for your convenience. Some services require that you have a Google Account in order to work — for example, to use Gmail, you need a Google Account so that you have a place to send and receive your email.",0,low
S000447,Google,Google_Terms_of_Service,Google_Terms_of_Service.docx,1,1,Your Google Account,"You’re responsible for what you do with your Google Account, including taking reasonable steps to keep your Google Account secure, and we encourage you to regularly use the Security Checkup.",0,low
S000448,Google,Google_Terms_of_Service,Google_Terms_of_Service.docx,1,1,Using Google services on behalf of an organization or business,"Many organizations, such as businesses, non-profits, and schools, take advantage of our services. To use our services on behalf of an organization: an authorized representative of that organization must agree to these terms",0,low
S000450,Google,Google_Terms_of_Service,Google_Terms_of_Service.docx,1,1,Using Google services on behalf of an organization or business,your organization’s administrator may assign a Google Account to you. That administrator might require you to follow additional rules and may be able to access or disable your Google Account.,0,low
S000451,Google,Google_Terms_of_Service,Google_Terms_of_Service.docx,1,1,Service-related communications,"To provide you with our services, we sometimes send you service announcements and other information. To learn more about how we communicate with you, see Google’s Privacy Policy.",0,low
S000452,Google,Google_Terms_of_Service,Google_Terms_of_Service.docx,1,1,Service-related communications,"If you choose to give us feedback, such as suggestions to improve our services, we may act on your feedback without obligation to you.",0,low
S000453,Google,Google_Terms_of_Service,Google_Terms_of_Service.docx,1,1,"Cellular, Wi-Fi, and other Network Connection Costs","Google services may frequently use the Internet when you're not actively engaged with the services or your device. Google uses the Internet in this way for a wide variety of purposes — for example, to provide software updates and to improve Google's services, security, user experience, and/or Google’s operations, including advertising. These uses rely on your cellular, Wi-Fi, and/or other network connections and may count against your data allowance with your cellular or internet service providers. You're responsible for all of these network usages and associated costs. You may wish to check your cellular or internet service plan, and your device and network settings.",0,low
S000454,Google,Google_Terms_of_Service,Google_Terms_of_Service.docx,1,1,Your content,Some of our services allow you to generate original content. Google won’t claim ownership over that content. Some content may not be suitable for everyone.,0,low
S000455,Google,Google_Terms_of_Service,Google_Terms_of_Service.docx,1,1,Your content,"Some of our services give you the opportunity to make your content publicly available — for example, you might post a product or restaurant review that you wrote, or you might upload a blog post that you created.",0,low
S000456,Google,Google_Terms_of_Service,Google_Terms_of_Service.docx,1,1,Your content,"See the Permission to use your content section for more about your rights in your content, and how your content is used in our services",0,low
S000457,Google,Google_Terms_of_Service,Google_Terms_of_Service.docx,1,1,Your content,See the Removing your content section to learn why and how we might remove user-generated content from our services,0,low
S000458,Google,Google_Terms_of_Service,Google_Terms_of_Service.docx,1,1,Your content,"If you think someone is infringing your intellectual property rights, you can send us notice of the infringement and we’ll take appropriate action. For example, we suspend or close the Google Accounts of repeat copyright infringers as described in our Copyright Help Center.",0,low
S000459,Google,Google_Terms_of_Service,Google_Terms_of_Service.docx,1,1,Google content,"Some of our services include content that belongs to Google — for example, many of the visual illustrations you see in Google Maps. You may use Google’s content as allowed by these terms and any service-specific additional terms, but we retain any intellectual property rights that we have in our content. Don’t remove, obscure, or alter any of our branding, logos, or legal notices. If you want to use our branding or logos, please see the Google Brand Permissions page.",0,low
S000460,Google,Google_Terms_of_Service,Google_Terms_of_Service.docx,1,1,Other content,"Finally, some of our services give you access to content that belongs to other people or organizations — for example, a store owner’s description of their own business, or a newspaper article displayed in Google News. You may not use this content without that person or organization’s permission, or as otherwise allowed by law. The views expressed in other people or organizations’ content are theirs, and don’t necessarily reflect Google’s views.",0,low
S000461,Google,Google_Terms_of_Service,Google_Terms_of_Service.docx,1,1,Software in Google services,Some of our services include downloadable or preloaded software. We give you permission to use that software as part of the services.,0,low
S000462,Google,Google_Terms_of_Service,Google_Terms_of_Service.docx,1,1,Software in Google services,"The license we give you is: worldwide, which means it’s valid anywhere in the world",0,low
S000464,Google,Google_Terms_of_Service,Google_Terms_of_Service.docx,1,1,Software in Google services,"non-exclusive, which means that we can license the software to others",0,low
S000465,Google,Google_Terms_of_Service,Google_Terms_of_Service.docx,1,1,Software in Google services,"royalty-free, which means there are no monetary fees for this license",0,low
S000466,Google,Google_Terms_of_Service,Google_Terms_of_Service.docx,1,1,Software in Google services,"personal, which means it doesn’t extend to anyone else",0,low
S000467,Google,Google_Terms_of_Service,Google_Terms_of_Service.docx,1,1,Software in Google services,"non-assignable, which means you’re not allowed to assign the license to anyone else",0,low
S000468,Google,Google_Terms_of_Service,Google_Terms_of_Service.docx,1,1,Software in Google services,"Some of our services include software that’s offered under open source license terms that we make available to you. Sometimes there are provisions in the open source license that explicitly override parts of these terms, so please be sure to read those licenses.",0,low
S000469,Google,Google_Terms_of_Service,Google_Terms_of_Service.docx,1,1,Software in Google services,"You may not copy, modify, distribute, sell, or lease any part of our services or software.",0,low
S000470,Google,Google_Terms_of_Service,Google_Terms_of_Service.docx,1,1,In case of problems or disagreements,"Both the law and these terms give you the right to (1) a certain quality of service, and (2) ways to fix problems if things go wrong.",0,low
S000471,Google,Google_Terms_of_Service,Google_Terms_of_Service.docx,1,1,Warranty,"We provide our services using reasonable skill and care. If we don’t meet the quality level described in this warranty, you agree to tell us and we’ll work with you to try to resolve the issue.",0,low
S000472,Google,Google_Terms_of_Service,Google_Terms_of_Service.docx,1,1,Disclaimers,"The only commitments we make about our services (including the content in the services, the specific functions of our services, or their reliability, availability, or ability to meet your needs) are provided in (1) the Warranty section; (2) the service-specific additional terms; and (3) laws that can’t be limited by these terms.",0,low
S000473,Google,Google_Terms_of_Service,Google_Terms_of_Service.docx,1,1,Disclaimers,"Unless explicitly permitted by service-specific additional terms, don’t rely on the services for medical, legal, financial, or other professional advice. Any content regarding those topics is provided for informational purposes only, does not constitute medical diagnosis or treatment, and is not a substitute for advice from a qualified professional.",0,low
S000474,Google,Google_Terms_of_Service,Google_Terms_of_Service.docx,1,1,For all users,Both the law and these terms try to strike a balance as to what you or Google can claim from the other in case of problems. That’s why the law requires everyone to be responsible for certain liabilities — but not others — under these terms.,0,low
S000475,Google,Google_Terms_of_Service,Google_Terms_of_Service.docx,1,1,For all users,These terms only limit our responsibilities as allowed by applicable law. These terms don’t limit liability for: fraud or fraudulent misrepresentation,0,low
S000477,Google,Google_Terms_of_Service,Google_Terms_of_Service.docx,1,1,For all users,death or personal injury caused by negligence,0,low
S000478,Google,Google_Terms_of_Service,Google_Terms_of_Service.docx,1,1,For all users,gross negligence,0,low
S000479,Google,Google_Terms_of_Service,Google_Terms_of_Service.docx,1,1,For all users,willful misconduct,0,low
S000480,Google,Google_Terms_of_Service,Google_Terms_of_Service.docx,1,1,For all users,"Other than the liabilities described above, Google is liable only for its breaches of these terms or applicable service-specific additional terms, subject to applicable law.",0,low
S000481,Google,Google_Terms_of_Service,Google_Terms_of_Service.docx,1,1,For business users and organizations only,"If you’re a business user or organization: To the extent allowed by applicable law, you’ll indemnify Google and its directors, officers, employees, and contractors for any third-party legal proceedings (including actions by government authorities) arising out of or relating to your unlawful use of the services or violation of these terms or service-specific additional terms. This indemnity covers any liability or expense arising from claims, losses, damages, judgments, fines, litigation costs, and legal fees, except to the extent a liability or expense is caused by Google's breach, negligence, or willful misconduct.",0,low
S000483,Google,Google_Terms_of_Service,Google_Terms_of_Service.docx,1,1,For business users and organizations only,"If you’re legally exempt from certain responsibilities, including indemnification, then those responsibilities don’t apply to you under these terms. For example, the United Nations enjoys certain immunities from legal obligations and these terms don’t override those immunities.",0,low
S000484,Google,Google_Terms_of_Service,Google_Terms_of_Service.docx,1,1,For business users and organizations only,"Except as stated in the For all users section above, Google won’t be responsible for the following liabilities: loss of profits, revenues, business opportunities, goodwill, or anticipated savings",0,low
S000486,Google,Google_Terms_of_Service,Google_Terms_of_Service.docx,1,1,For business users and organizations only,indirect or consequential loss,0,low
S000487,Google,Google_Terms_of_Service,Google_Terms_of_Service.docx,1,1,For business users and organizations only,"Except as stated in the For all users section above, Google’s total liability arising out of or relating to these terms is limited to the greater of (1) US$500 or (2) 125% of the fees that you paid to use the relevant services in the 12 months before the breach.",0,low
S000488,Google,Google_Terms_of_Service,Google_Terms_of_Service.docx,1,1,Taking action in case of problems,"Before taking action as described below, we’ll provide you with advance notice when reasonably possible, describe the reason for our action, and give you an opportunity to clarify the issue and address it, unless we reasonably believe that doing so would: cause harm or liability to a user, third party, or Google",0,low
S000490,Google,Google_Terms_of_Service,Google_Terms_of_Service.docx,1,1,Taking action in case of problems,violate the law or a legal enforcement authority’s order,0,low
S000491,Google,Google_Terms_of_Service,Google_Terms_of_Service.docx,1,1,Taking action in case of problems,compromise an investigation,0,low
S000492,Google,Google_Terms_of_Service,Google_Terms_of_Service.docx,1,1,Taking action in case of problems,"compromise the operation, integrity, or security of our services",0,low
S000493,Google,Google_Terms_of_Service,Google_Terms_of_Service.docx,1,1,Removing your content,"If we reasonably believe that any of your content (1) breaches these terms, service-specific additional terms, or policies, (2) violates applicable law, or (3) could harm our users, third parties, or Google, then we reserve the right to take down some or all of that content in accordance with applicable law. Examples include child pornography, content that facilitates human trafficking or harassment, terrorist content, and content that infringes someone else’s intellectual property rights.",2,medium
S000494,Google,Google_Terms_of_Service,Google_Terms_of_Service.docx,1,1,Suspending or terminating your access to Google services,"Without limiting any of our other rights, Google may suspend or terminate your access to the services or delete your Google Account if any of these things happen: you materially or repeatedly breach these terms, service-specific additional terms, or policies",0,low
S000496,Google,Google_Terms_of_Service,Google_Terms_of_Service.docx,1,1,Suspending or terminating your access to Google services,we’re required to do so to comply with a legal requirement or a court order,2,medium
S000497,Google,Google_Terms_of_Service,Google_Terms_of_Service.docx,1,1,Suspending or terminating your access to Google services,"we reasonably believe that your conduct causes harm or liability to a user, third party, or Google — for example, by hacking, phishing, harassing, spamming, misleading others, or scraping content that doesn’t belong to you",0,low
S000498,Google,Google_Terms_of_Service,Google_Terms_of_Service.docx,1,1,Suspending or terminating your access to Google services,"For more information about why we disable accounts and what happens when we do, see this Help Center page. If you believe your Google Account has been suspended or terminated in error, you can appeal.",0,low
S000499,Google,Google_Terms_of_Service,Google_Terms_of_Service.docx,1,1,Suspending or terminating your access to Google services,"If you violate applicable law, then: in addition to removing content and suspending or terminating your access to the services or your Google Account, we may also report certain offences to the authorities",0,low
S000501,Google,Google_Terms_of_Service,Google_Terms_of_Service.docx,1,1,Suspending or terminating your access to Google services,"you may be subject to penalties or punishment under applicable law, and your identity may be disclosed to the victims.",0,low
S000502,Google,Google_Terms_of_Service,Google_Terms_of_Service.docx,1,1,Suspending or terminating your access to Google services,"Of course, you’re always free to stop using our services at any time. If you do stop using a service, we’d appreciate knowing why so that we can continue improving our services.",0,low
S000503,Google,Google_Terms_of_Service,Google_Terms_of_Service.docx,1,1,"Settling disputes, governing law, and courts","For information about how to contact Google, please visit our contact page.",0,low
S000504,Google,Google_Terms_of_Service,Google_Terms_of_Service.docx,1,1,"Settling disputes, governing law, and courts","California law will govern these terms and all disputes arising out of or relating to these terms, service-specific additional terms, or any related services, regardless of any conflict of laws rules. These disputes will be resolved exclusively in the federal or state courts of Santa Clara County, California, USA, and you and Google consent to personal jurisdiction in those courts.",1,medium
S000505,Google,Google_Terms_of_Service,Google_Terms_of_Service.docx,1,1,"Settling disputes, governing law, and courts","To the extent that applicable local law prevents certain disputes from being resolved in a California court, then you can file those disputes in your local courts. Likewise, if applicable local law prevents your local court from applying California law to resolve these disputes, then these disputes will be governed by the applicable local laws of your country, state, or other place of residence.",0,low
S000506,Google,Google_Terms_of_Service,Google_Terms_of_Service.docx,1,1,About these terms,"By law, you have certain rights that can’t be limited by a contract like these terms of service. These terms are in no way intended to restrict those rights.",0,low
S000507,Google,Google_Terms_of_Service,Google_Terms_of_Service.docx,1,1,About these terms,"These terms describe the relationship between you and Google. They don’t create any legal rights for other people or organizations, even if others benefit from that relationship under these terms.",0,low
S000508,Google,Google_Terms_of_Service,Google_Terms_of_Service.docx,1,1,About these terms,"We want to make these terms easy to understand, so we’ve used examples from our services. But not all services mentioned may be available in your country.",0,low
S000509,Google,Google_Terms_of_Service,Google_Terms_of_Service.docx,1,1,About these terms,"If these terms conflict with the service-specific additional terms, the additional terms will govern for that service.",0,low
S000510,Google,Google_Terms_of_Service,Google_Terms_of_Service.docx,1,1,About these terms,"If it turns out that a particular term is not valid or enforceable, this will not affect any other terms.",0,low
S000511,Google,Google_Terms_of_Service,Google_Terms_of_Service.docx,1,1,About these terms,"If you don’t follow these terms or the service-specific additional terms, and we don’t take action right away, that doesn’t mean we’re giving up any rights that we may have, such as taking action in the future.",0,low
S000512,Google,Google_Terms_of_Service,Google_Terms_of_Service.docx,1,1,About these terms,"We may update these terms and service-specific additional terms (1) to reflect changes in our services or how we do business — for example, when we add new services, features, technologies, pricing, or benefits (or remove old ones), (2) for legal, regulatory, or security reasons, or (3) to prevent abuse or harm.",0,low
S000513,Google,Google_Terms_of_Service,Google_Terms_of_Service.docx,1,1,About these terms,"If we materially change these terms or service-specific additional terms, we’ll provide you with reasonable advance notice and the opportunity to review the changes, except (1) when we launch a new service or feature, or (2) in urgent situations, such as preventing ongoing abuse or responding to legal requirements. If you don’t agree to the new terms, you should remove your content and stop using the services. You can also end your relationship with us at any time by closing your Google Account.",0,low
S000514,Meta,Meta_Advertising_Standards,Meta_Advertising_Standards.docx,1,1,Understanding our Advertising Standards,"Our Advertising Standards provide policy detail and guidance on the types of ad content we allow, and the types of ad content we prohibit. When advertisers place an order, each ad is reviewed against our policies. Our Advertising Standards also provide guidance on advertiser behavior that may result in advertising restrictions being placed on a Business Account or its assets (an ad account, Page or user account).",0,low
S000515,Meta,Meta_Advertising_Standards,Meta_Advertising_Standards.docx,1,1,Understanding our Advertising Standards,"If you think your ad was mistakenly rejected, or if you think your Business Account or its assets were mistakenly restricted, you can request a review of either decision in Account Quality.",0,low
S000516,Meta,Meta_Advertising_Standards,Meta_Advertising_Standards.docx,1,1,Common points of confusion,"To help you build a compliant and user-friendly ads experience, we've highlighted some common areas of confusion. Click the links below to learn more about: Advertisers contribute to the Meta community in many ways, including highlighting new products and services or drawing attention to events and issues. To help keep both businesses and organizations who use our ad tools safe, and create a welcoming environment for everyone who uses our products and services, we have put in place our Advertising Standards to guide what is allowed across Meta technologies.",0,low
S000518,Meta,Meta_Advertising_Standards,Meta_Advertising_Standards.docx,1,1,2. Meta advertising policy principles,Advertisers running ads across Meta technologies must follow our Community Standards and our Advertising Standards.,0,low
S000519,Meta,Meta_Advertising_Standards,Meta_Advertising_Standards.docx,1,1,Our advertising policy principles,"Our policies are guided by our company’s core values and the following principles: Our policies require all advertisers to comply with the laws in their jurisdiction, not engage in discriminatory practices, and not sell illegal or unsafe substances.",0,low
S000521,Meta,Meta_Advertising_Standards,Meta_Advertising_Standards.docx,1,1,PROTECTING PEOPLE FROM FRAUD OR SCAMS,"Our policies prohibit ads promoting products, services, schemes or offers using deceptive or misleading practices, including those meant to scam people out of money or personal information.",0,low
S000522,Meta,Meta_Advertising_Standards,Meta_Advertising_Standards.docx,1,1,PROMOTING POSITIVE USER EXPERIENCES,"Because ads may be delivered to people in their Feed from Pages or accounts they don’t follow, we want to help ensure that the ads don’t detract from the overall experience across our technologies. For that reason, we prohibit ads containing shocking, sensational, or excessively violent content, certain adult content and profanity. We also prohibit other objectionable material, such as content implying or attempting to generate negative self-perception in order to promote diet, weight loss or other health related products.",0,low
S000523,Meta,Meta_Advertising_Standards,Meta_Advertising_Standards.docx,1,1,PROMOTING TRANSPARENCY,"We strive to make advertising more transparent and to give people more information about the ads they see. Our Ad Library offers a view of all ads currently running across our apps and services. It also offers additional information on ads about social issues, elections or politics, including range of spend, who saw the ad and the entities responsible for those ads. Ads about these topics are visible whether they're active or inactive and are stored in the Ad Library for 7 years. We also have an Info and Ads section on all Facebook Pages where people are able to click to see active ads a Page is running to help keep advertisers accountable.",0,low
S000524,Meta,Meta_Advertising_Standards,Meta_Advertising_Standards.docx,1,1,Enforcement of our policies,"We use automated and, in some instances, manual review to enforce our policies. Beyond reviewing individual ads, we also monitor and investigate advertiser behavior, and may restrict advertiser accounts that don't follow our Advertising Standards, Community Standards or other Meta policies and terms. Our review process may not detect all policy violations, and ads remain subject to review and re-review and may be rejected for violating our policies at any time. It is an advertiser’s responsibility to understand and comply with our policies outlined in Meta’s Advertising Standards, our Terms of Service and any other applicable terms and guidelines, in addition to all local laws, regulations and, where applicable, self-regulatory advertising codes. Advertisers whose ads are rejected will typically be provided an opportunity to edit their ads in order to bring them into compliance and can request another review if they believe their ad was incorrectly rejected.",0,low
S000525,Meta,Meta_Advertising_Standards,Meta_Advertising_Standards.docx,1,1,Enforcement of our policies,"People can report ads if they believe they violate our policies. They can also see the details on why a certain ad appeared in their Feed, and they can control the ads they see in their Feed through our Ad Preferences tool.",0,low
S000526,Meta,Meta_Advertising_Standards,Meta_Advertising_Standards.docx,1,1,3. The ad review process,"Our ad review system relies primarily on automated tools to check ads and business assets against our policies. Our ad review process starts automatically before ads begin running, and is typically completed within 24 hours, although it may take longer in some cases. During this review, the status of the ad will be “In review.” Additionally, ads may be reviewed again, including after they are live. You can find more information in our Business Help Center.",0,low
S000527,Meta,Meta_Advertising_Standards,Meta_Advertising_Standards.docx,1,1,What is reviewed,"The ad review system reviews ads for violations of our policies. This review process may include the specific components of an ad, such as images, video, text and targeting information, as well as an ad’s associated landing page or other destinations, among other information.",0,low
S000528,Meta,Meta_Advertising_Standards,Meta_Advertising_Standards.docx,1,1,Business asset review,"We also review and take action on an advertiser’s Business Account or its assets (ad accounts, Pages and user accounts). As part of our review, we assess whether the account or its assets have violated our policies.",0,low
S000529,Meta,Meta_Advertising_Standards,Meta_Advertising_Standards.docx,1,1,Outcome of review,"If a violation is found at any point in the review process, the ad will be rejected, and the Business Account or its assets may be restricted. Lower quality ads which do not necessarily violate our policies may experience impacted performance. You can find more information about how quality may affect your ad in our Business Help Center.",0,low
S000530,Meta,Meta_Advertising_Standards,Meta_Advertising_Standards.docx,1,1,Outcome of review,"If a Business Account or its assets (ad account, Page or user account) is restricted, that account or asset can’t be used to advertise across our technologies. If a user account is restricted from advertising on a Business Account or ad account, other members of those accounts may still be able to advertise.",0,low
S000531,Meta,Meta_Advertising_Standards,Meta_Advertising_Standards.docx,1,1,Re-review of ads,"Ads remain subject to review and re-review at all times, and may be rejected or restricted for violation of our policies at any time. It is your responsibility to understand and comply with our policies.",0,low
S000532,Meta,Meta_Advertising_Standards,Meta_Advertising_Standards.docx,1,1,Create a new ad or edit your ad,You may create a new ad or edit your ad to comply with our policies. These ads will be treated as new ads and reviewed by our ad review system. Check this page for editing steps.,0,low
S000533,Meta,Meta_Advertising_Standards,Meta_Advertising_Standards.docx,1,1,Request another review,"If you believe the ad, ad account, user account, Page or Business Account was incorrectly rejected or restricted, you can request a review of the decision in Account Quality.",0,low
S000534,Meta,Meta_Advertising_Standards,Meta_Advertising_Standards.docx,1,1,Community Standards,The Community Standards outline what is not allowed across Meta technologies.,0,low
S000535,Meta,Meta_Advertising_Standards,Meta_Advertising_Standards.docx,1,1,Unacceptable content,Content that is illegal or otherwise considered unacceptable to people who use our technologies.,0,low
S000536,Meta,Meta_Advertising_Standards,Meta_Advertising_Standards.docx,1,1,"Child Sexual Exploitation, Abuse, and Nudity","Ads must not contain content that sexually exploits or endangers children. When we become aware of apparent child exploitation, we report it to the National Center for Missing and Exploited Children (NCMEC), in compliance with applicable law.",2,medium
S000537,Meta,Meta_Advertising_Standards,Meta_Advertising_Standards.docx,1,1,Coordinating Harm and Promoting Crime,"Ads must not facilitate, organize, promote or admit to certain criminal or harmful activities targeted at people, businesses, property or animals.",0,low
S000538,Meta,Meta_Advertising_Standards,Meta_Advertising_Standards.docx,1,1,Dangerous Organizations and Individuals,"Ads must not contain praise, support or representation of individuals or groups designated by Meta as Dangerous Organizations and Individuals.",0,low
S000539,Meta,Meta_Advertising_Standards,Meta_Advertising_Standards.docx,1,1,Discriminatory Practices,"Ads must not discriminate or encourage discrimination against people based on personal attributes such as race, ethnicity, color, national origin, religion, age, sex, sexual orientation, gender identity, family status, disability, medical or genetic condition.",0,low
S000540,Meta,Meta_Advertising_Standards,Meta_Advertising_Standards.docx,1,1,Discriminatory Practices,"Meta prohibits advertisers from using our ads products to discriminate against people. This means that advertisers may not (1) use our audience selection tools to (a) wrongfully target specific groups of people for advertising (see advertising policy on Targeting), or (b) wrongfully exclude specific groups of people from seeing their ads; or (2) include discriminatory content in their ads. Advertisers are also required to comply with applicable laws that prohibit discrimination (see advertising policy on Illegal Products or Services). These include laws that prohibit discriminating against groups of people in connection with, for example, offers of housing, employment, and financial products and services.",0,low
S000541,Meta,Meta_Advertising_Standards,Meta_Advertising_Standards.docx,1,1,Discriminatory Practices,"Any United States advertiser or advertiser targeting the United States, Canada or certain parts of Europe that is running financial products and services, housing or employment ads, must self identify as a Special Ad Category, as it becomes available, and run such ads with approved targeting options.",0,low
S000542,Meta,Meta_Advertising_Standards,Meta_Advertising_Standards.docx,1,1,Discriminatory Practices,Additional information and resources on United States non-discrimination laws: U.S. Department of Housing and Urban Development,0,low
S000544,Meta,Meta_Advertising_Standards,Meta_Advertising_Standards.docx,1,1,Discriminatory Practices,U.S. Equal Employment Opportunity Commission,0,low
S000545,Meta,Meta_Advertising_Standards,Meta_Advertising_Standards.docx,1,1,National Fair Housing Alliance,Disclaimer: This guide is not a substitute for legal advice. Consult a legal professional for specific advice about your situation.,0,low
S000546,Meta,Meta_Advertising_Standards,Meta_Advertising_Standards.docx,1,1,Hateful Conduct,"Ads must not attack people on the basis of what we call protected characteristics: race, ethnicity, national origin, disability, religious affiliation, caste, sexual orientation, sex, gender identity and serious disease.",0,low
S000547,Meta,Meta_Advertising_Standards,Meta_Advertising_Standards.docx,1,1,Human Exploitation,"Ads must not contain content that facilitates or coordinates the exploitation of humans, including human trafficking.",0,low
S000548,Meta,Meta_Advertising_Standards,Meta_Advertising_Standards.docx,1,1,"Locally Illegal Content, Products or Services","Ads that are reported by a government, a court order, non-governmental organizations or members of the public as violating local law may be removed.",1,medium
S000549,Meta,Meta_Advertising_Standards,Meta_Advertising_Standards.docx,1,1,Misinformation,Ads Must Comply with the Community Standard on Misinformation.,0,low
S000550,Meta,Meta_Advertising_Standards,Meta_Advertising_Standards.docx,1,1,Misinformation,Meta prohibits ads that include content debunked by third-party fact checkers. Advertisers that repeatedly post information deemed to be false may have restrictions placed on their ability to advertise across Meta technologies. Find out more about our fact-checking program.,0,low
S000551,Meta,Meta_Advertising_Standards,Meta_Advertising_Standards.docx,1,1,Misinformation,Meta also prohibits ads that include misinformation that violates our Community Standards.,0,low
S000552,Meta,Meta_Advertising_Standards,Meta_Advertising_Standards.docx,1,1,Vaccine Discouragement,Ads must not discourage people from vaccination or advocate against vaccines.,0,low
S000553,Meta,Meta_Advertising_Standards,Meta_Advertising_Standards.docx,1,1,Prohibited Commercial Practices,Content that may deceive or mislead people.,0,low
S000554,Meta,Meta_Advertising_Standards,Meta_Advertising_Standards.docx,1,1,Prohibited Commercial Practices,Ads Must Comply with the Community Standard on Prohibited Commercial Practices.,0,low
S000555,Meta,Meta_Advertising_Standards,Meta_Advertising_Standards.docx,1,1,Restricted goods and services,Content that may negatively impact people's health and safety.,0,low
S000556,Meta,Meta_Advertising_Standards,Meta_Advertising_Standards.docx,1,1,Alcohol,"Ads that promote or reference alcohol must comply with all applicable local laws, required or established industry codes, guidelines, licenses and approvals, and include age and country targeting criteria consistent with Meta's targeting requirements and applicable local laws. Note that our policies prohibit ads promoting or referencing alcohol in some countries, based on local law.",0,low
S000557,Meta,Meta_Advertising_Standards,Meta_Advertising_Standards.docx,1,1,Alcohol,"Advertisers must follow all applicable laws, including targeting their ads in accordance with legal requirements. At a minimum, ads may not be targeted to people under 18 years of age.L",2,medium
S000558,Meta,Meta_Advertising_Standards,Meta_Advertising_Standards.docx,1,1,Commercial Exploitation of Crises and Controversial Events,Ads must not contain content that exploits crises or controversial events for commercial purposes.,0,low
S000559,Meta,Meta_Advertising_Standards,Meta_Advertising_Standards.docx,1,1,Dating Ads,"Ads for dating services are only allowed with prior written permission. These must adhere to the dating targeting requirements and our dating ad guidelines. Details on the requirements for permission can be found here. In order to seek permission, please fill out this form to begin your application process.",0,low
S000560,Meta,Meta_Advertising_Standards,Meta_Advertising_Standards.docx,1,1,Hazardous Goods and Materials,"Ads must not promote the sale of hazardous goods and materials. Advertisers must follow our Community Standards, in addition to our Advertising Standards.",0,low
S000561,Meta,Meta_Advertising_Standards,Meta_Advertising_Standards.docx,1,1,Health and Wellness,This policy covers two categories of ads: Adult Products and Reproductive Health.,0,low
S000562,Meta,Meta_Advertising_Standards,Meta_Advertising_Standards.docx,1,1,Health and Wellbeing,"Ads promoting or marketing dietary, health or weight loss or weight gain products and services must be targeted to people at least 18 years or older.",0,low
S000563,Meta,Meta_Advertising_Standards,Meta_Advertising_Standards.docx,1,1,Health and Wellbeing,"Ads promoting or marketing cosmetic products, procedures or surgeries, must be targeted to people at least 18 years or older.",0,low
S000564,Meta,Meta_Advertising_Standards,Meta_Advertising_Standards.docx,1,1,Health and Wellbeing,"Ads must not contain certain claims prohibited by our policy, as outlined below.",0,low
S000565,Meta,Meta_Advertising_Standards,Meta_Advertising_Standards.docx,1,1,Historical Artifacts,Ads must not promote the sale of historic artifacts.,0,low
S000566,Meta,Meta_Advertising_Standards,Meta_Advertising_Standards.docx,1,1,Historical Artifacts,"Advertisers must follow our Community Standards, in addition to our Advertising Standards.",0,low
S000567,Meta,Meta_Advertising_Standards,Meta_Advertising_Standards.docx,1,1,Sale of Human Body Parts and Bodily Fluids,Ads must not promote the sale of human body parts or fluids.,0,low
S000568,Meta,Meta_Advertising_Standards,Meta_Advertising_Standards.docx,1,1,Sale of Human Body Parts and Bodily Fluids,"Advertisers must follow our Community Standards, in addition to our Advertising Standards.",0,low
S000569,Meta,Meta_Advertising_Standards,Meta_Advertising_Standards.docx,1,1,Sale of Non-Endangered Animals and Endangered Species,"Ads must not promote, donate, or gift products derived from threatened or extinct or endangered species. This includes both wildlife and plants.",0,low
S000570,Meta,Meta_Advertising_Standards,Meta_Advertising_Standards.docx,1,1,Sale of Non-Endangered Animals and Endangered Species,"Ads must not promote peer-to-peer sales or trade of live non-endangered animals, including ambiguous contexts where the nature of the sale or trade is unclear.",0,low
S000571,Meta,Meta_Advertising_Standards,Meta_Advertising_Standards.docx,1,1,Sale of Non-Endangered Animals and Endangered Species,"Ads may offer live non-endangered animals solely within the context of donations, rehoming, or adoptions.",0,low
S000572,Meta,Meta_Advertising_Standards,Meta_Advertising_Standards.docx,1,1,Sale of Non-Endangered Animals and Endangered Species,"Ads must not promote the sale or use of tobacco or nicotine products and related paraphernalia. Ads must not promote Electronic Nicotine delivery devices, such as electronic cigarettes, vaporizers, or any other products that simulate smoking or are otherwise designed for use with tobacco or nicotine products. Ads may only promote cessation products approved by either the World Health Organization or the U.S. Food and Drug Administration, and must comply with all applicable local laws, required or established industry codes and guidelines.",0,low
S000573,Meta,Meta_Advertising_Standards,Meta_Advertising_Standards.docx,1,1,Sale of Non-Endangered Animals and Endangered Species,"Ads must not promote the sale or use of weapons, ammunition or explosives. This includes ads for weapon modification accessories.",0,low
S000574,Meta,Meta_Advertising_Standards,Meta_Advertising_Standards.docx,1,1,Sale of Non-Endangered Animals and Endangered Species,"Advertisers can’t run ads that promote the sale or use of illicit or recreational drugs, or other unsafe substances, products or supplements, as determined by Meta at its sole discretion. Ads promoting prescription drugs, over-the-counter medicines, and cannabis derived products must follow specific requirements outlined in the policy below.",0,low
S000575,Meta,Meta_Advertising_Standards,Meta_Advertising_Standards.docx,1,1,Sale of Non-Endangered Animals and Endangered Species,"Advertisers running ads across Meta technologies must follow our Community Standards, in addition to our Advertising Standards.",0,low
S000576,Meta,Meta_Advertising_Standards,Meta_Advertising_Standards.docx,1,1,Sale of Non-Endangered Animals and Endangered Species,Meta requires advertisers who wish to run addiction treatment ads targeting people in the United States to be certified with LegitScript and apply to Meta for permission to advertise.,0,low
S000577,Meta,Meta_Advertising_Standards,Meta_Advertising_Standards.docx,1,1,Sale of Non-Endangered Animals and Endangered Species,Advertisers can apply for certification with LegitScript here.,0,low
S000578,Meta,Meta_Advertising_Standards,Meta_Advertising_Standards.docx,1,1,Sale of Non-Endangered Animals and Endangered Species,"Ads promoting credit cards, loans or insurance services must be targeted to people 18 years or older and must not directly request the input of any personally identifiable information or certain types of financial information .",0,low
S000579,Meta,Meta_Advertising_Standards,Meta_Advertising_Standards.docx,1,1,Sale of Non-Endangered Animals and Endangered Species,"Advertisers promoting financial products and services may be required to verify their business and/or individual identity and demonstrate that they are authorised by the relevant regulatory authorities where this is a requirement, and any such authorisation may be subject to review by Meta. Advertisers are also required to comply with disclosure requirements set by law.",0,low
S000580,Meta,Meta_Advertising_Standards,Meta_Advertising_Standards.docx,1,1,Sale of Non-Endangered Animals and Endangered Species,Learn more about the authorization process in our Business Help Center.,0,low
S000581,Meta,Meta_Advertising_Standards,Meta_Advertising_Standards.docx,1,1,Sale of Non-Endangered Animals and Endangered Species,"Ads may not promote cryptocurrency trading platforms, software and related services and products that enable monetisation, reselling, swapping or staking of cryptocurrencies without prior written permission. To apply, please click here. For more information, see our Business Help Center.",0,low
S000582,Meta,Meta_Advertising_Standards,Meta_Advertising_Standards.docx,1,1,Sale of Non-Endangered Animals and Endangered Species,"Meta defines online gambling and games as any product or service where anything of monetary value is included as part of a method of entry and prize. Ads that promote online gambling and gaming are only allowed with our prior written permission. Authorized advertisers must follow all applicable laws and include targeting criteria consistent with Meta’s targeting requirements. At a minimum, ads may not be targeted to people under 18 years of age. Learn more in our Business Help Center.",2,medium
S000583,Meta,Meta_Advertising_Standards,Meta_Advertising_Standards.docx,1,1,Sale of Non-Endangered Animals and Endangered Species,"Ads must comply with the Community Standards on Prohibited Documents and Financial Services (under Restricted Goods and Services) and must not promote content that facilitates or offers the solicitation, creation, sale, purchase, or trade of fake, forged, or stolen documents, goods, or services; devices or subscriptions that are manipulated or used in an unauthorized manner; personally identifiable or other personal information; products that enable cheating; money muling; or money laundering.",0,low
S000584,Meta,Meta_Advertising_Standards,Meta_Advertising_Standards.docx,1,1,Adult Nudity and Sexual Activity,"Ads Must Comply with the Community Standards on Adult Nudity and Sexual Activity. Ads must not contain adult nudity and sexual activity. This includes nudity, depictions of people in explicit or sexually suggestive positions, or activities that are sexually suggestive.",0,low
S000585,Meta,Meta_Advertising_Standards,Meta_Advertising_Standards.docx,1,1,Adult Nudity and Sexual Activity,"Ads Must Comply with the Community Standard on Adult Sexual Exploitation. Ads must not display, advocate for, or coordinate sexual acts with non-consenting parties to avoid facilitating non-consensual sexual acts.",2,medium
S000586,Meta,Meta_Advertising_Standards,Meta_Advertising_Standards.docx,1,1,Adult Nudity and Sexual Activity,"Ads must not contain content that facilitates sexual encounters, commercial sexual services between adults, or content asking for or offering pornographic content. In addition, we also restrict the use of sexually explicit language.",0,low
S000587,Meta,Meta_Advertising_Standards,Meta_Advertising_Standards.docx,1,1,Adult Nudity and Sexual Activity,"Ads must not contain attacks that are meant to degrade or shame public and private individuals. We also provide heightened protections for anyone under the age 18, regardless of their user status.",0,low
S000588,Meta,Meta_Advertising_Standards,Meta_Advertising_Standards.docx,1,1,Adult Nudity and Sexual Activity,Ads Must Comply with the Community Standard on Privacy Violations.,0,low
S000589,Meta,Meta_Advertising_Standards,Meta_Advertising_Standards.docx,1,1,Adult Nudity and Sexual Activity,"Ads must not contain content that shares or asks for private information about users. In addition, ads must not contain content that asserts or implies personal attributes. This includes direct or indirect assertions or implications about a person’s race, ethnicity, religion, beliefs, age, sexual orientation or practices, gender identity, disability, physical or mental health (including medical conditions), vulnerable financial status, voting status, membership in a trade union, criminal record, or name.",0,low
S000590,Meta,Meta_Advertising_Standards,Meta_Advertising_Standards.docx,1,1,Adult Nudity and Sexual Activity,"Ads Must Comply with the Community Standard on Suicide, Self-Injury, and Eating Disorders. Ads must not encourage suicide, self-injury, or eating disorders, including fictional content such as memes or illustrations and any such content which is graphic, regardless of context. In addition, Ads must not mock victims or survivors of suicide, self-injury or eating disorders, as well as real time depictions of suicide, self-injury, or eating disorders.",0,low
S000591,Meta,Meta_Advertising_Standards,Meta_Advertising_Standards.docx,1,1,Intellectual property infringement,Content that infringes upon or violates the intellectual property rights of a third party or Meta.,0,low
S000592,Meta,Meta_Advertising_Standards,Meta_Advertising_Standards.docx,1,1,Third-Party Intellectual Property Infringement,"Ads may not contain content that violates the intellectual property rights of any third party, including copyright, trademark or other legal rights. This includes, but is not limited to, the promotion or sale of counterfeit goods, such as products that copy the trademark (name or logo) and/or distinctive features of another company’s products to imitate a genuine product..",0,low
S000593,Meta,Meta_Advertising_Standards,Meta_Advertising_Standards.docx,1,1,Third-Party Intellectual Property Infringement,"Advertisers can run ads about social issues, elections or politics, provided the advertiser complies with all applicable laws and the authorization process required by Meta. Meta may restrict issue, electoral or political ads. In addition, certain content related to elections may be prohibited by local law or removed in specific regions ahead of voting; click here for more.",0,low
S000594,Meta,Meta_Advertising_Standards,Meta_Advertising_Standards.docx,1,1,Video Ads,"Video ads and other dynamic ad types must comply with all of the rules listed in these Advertising Standards, including the Community Standards, as well as the policies below: Videos and other similar ad types must not use overly disruptive tactics, such as flashing screens.",0,low
S000596,Meta,Meta_Advertising_Standards,Meta_Advertising_Standards.docx,1,1,Entertainment Related Restrictions,"Ads for movie trailers, TV shows, video game trailers and other similar content are only allowed with prior written permission from Meta and must target people who are 18 years or older. Excessive depictions of the following content within these ads are not allowed: Advertisers must not create lead ads questions to request the following types of information without our prior written permission.",0,low
S000598,Meta,Meta_Advertising_Standards,Meta_Advertising_Standards.docx,1,1,Targeting,"Advertisers must not use targeting options to discriminate against, harass, provoke, or disparage people or to engage in predatory advertising practices.",0,low
S000599,Meta,Meta_Advertising_Standards,Meta_Advertising_Standards.docx,1,1,Targeting,"If advertisers target their ads to custom audiences, they must comply with the applicable terms when creating an audience.",0,low
S000600,Meta,Meta_Advertising_Standards,Meta_Advertising_Standards.docx,1,1,Relevance,"Ads must clearly represent the company, product, service, or brand that is being advertised.",0,low
S000601,Meta,Meta_Advertising_Standards,Meta_Advertising_Standards.docx,1,1,Relevance,"All ad components, including any text, images or other media, must be relevant to the product or service being offered.",0,low
S000602,Meta,Meta_Advertising_Standards,Meta_Advertising_Standards.docx,1,1,Relevance,The products and services promoted in an ad must match those promoted on the landing page. Learn more about ad quality best practices that can improve ad performance.,0,low
S000603,Meta,Meta_Advertising_Standards,Meta_Advertising_Standards.docx,1,1,Branded Content,"Ads promoting branded content must tag the featured third party product, brand or business partner using the branded content tool. Branded content within ads is defined as a creator or publisher's content that features or is influenced by a business partner for an exchange of value. When promoting branded content integrations, advertisers must use the branded content tool (please learn more here on how to tag the featured third party product, brand or business partner).",0,low
S000604,Meta,Meta_Advertising_Standards,Meta_Advertising_Standards.docx,1,1,Advertising policies affecting business assets,"Beyond rejecting ads that violate our policies, we also review and take action, such as restricting the ability to advertise, on an advertiser’s Business Account or its assets, such as ad accounts, Pages and user accounts for violating the below policies. Advertising accounts must be associated with a legitimate business or individual. If we detect signals of possible misrepresentation, suspicious activity, or inauthentic behavior in your ad content, you may be required to complete a verification process. If you believe your ad account, user account, Page or Business Account was incorrectly restricted, you can request a review of the decision in Account Quality",0,low
S000605,Meta,Meta_Advertising_Standards,Meta_Advertising_Standards.docx,1,1,Advertising policies affecting business assets,Ads must comply with the Community Standard on Cybersecurity.,0,low
S000606,Meta,Meta_Advertising_Standards,Meta_Advertising_Standards.docx,1,1,Advertising policies affecting business assets,"Ads must not use phishing or social engineering techniques to capture others’ sensitive information, and must not promote or link to malicious code - such as malware or spyware.",0,low
S000607,Meta,Meta_Advertising_Standards,Meta_Advertising_Standards.docx,1,1,Advertising policies affecting business assets,Requests for Removal of Business Assets must comply with the Community Standard on User Requests.,0,low
S000608,Meta,Meta_Advertising_Standards,Meta_Advertising_Standards.docx,1,1,Data use restrictions,"Ensure any ad data collected, received or derived from your Facebook or Instagram ad (“Meta advertising data”) is only shared with someone acting on your behalf, such as your service provider. You are responsible for ensuring your service providers protect any Meta advertising data or any obtained from us, limit their use of all of that information, and keep it confidential and secure.",0,low
S000609,Meta,Meta_Advertising_Standards,Meta_Advertising_Standards.docx,1,1,Data use restrictions,"Don’t use Meta advertising data for any purpose (including retargeting, commingling data across multiple advertisers’ campaigns, or allowing piggybacking or redirecting with tags), except on an aggregate and anonymous basis (unless authorized by Meta) and only to assess the performance and effectiveness of your Meta advertising campaigns.",0,low
S000610,Meta,Meta_Advertising_Standards,Meta_Advertising_Standards.docx,1,1,Data use restrictions,"Don’t use Meta advertising data, including the targeting criteria for your ad, to build, append to, edit, influence, or augment user profiles, including profiles associated with any mobile device identifier or other unique identifier that identifies any particular user, browser, computer or device.",0,low
S000611,Meta,Meta_Advertising_Standards,Meta_Advertising_Standards.docx,1,1,Data use restrictions,"Don't transfer any Meta advertising data (including anonymous, aggregate, or derived data) to any ad network, ad exchange, data broker or other advertising or monetization related service.",0,low
S000612,Meta,Meta_Advertising_Standards,Meta_Advertising_Standards.docx,1,1,Things you should know,"The Advertising Policies apply to (1) ads and commercial content served by or purchased through Meta, on or off the Meta services, including ads purchased under AAAA/IAB Standard Terms and Conditions, (2) ads appearing within apps on Meta, and (3) ads on Instagram. Your use of Meta’s advertising products and services is part of “Meta” under Meta’s Statement of Rights and Responsibilities (https://www.facebook.com/legal/terms, the “SRR”) and is subject to the SRR. You may be subject to additional terms or guidelines if you use Instagram or certain Meta advertising-related products or services.",0,low
S000613,Meta,Meta_Advertising_Standards,Meta_Advertising_Standards.docx,1,1,Things you should know,"Advertisers are responsible for understanding and complying with all applicable laws and regulations. Failure to comply may result in a variety of consequences, including the cancellation of ads you have placed and termination of your account.",0,low
S000614,Meta,Meta_Advertising_Standards,Meta_Advertising_Standards.docx,1,1,Things you should know,"We do not use sensitive personal data for ad targeting. Topics you choose for targeting your ad don't reflect the personal beliefs, characteristics or values of the people who use Facebook or Instagram.",0,low
S000615,Meta,Meta_Advertising_Standards,Meta_Advertising_Standards.docx,1,1,Things you should know,"Once displayed, ads are public information. Ads may be re-shared and accessed outside of the targeted audience, including from the Facebook Page running the ads or within Meta Products. If users have interacted with your ad, your ad may remain on Meta products (for example, shared until the users delete it or visible to users through their account tools). If your ad is a political ad, it will be displayed in our Ad Library. This means that Meta may display (at no cost to you) and provide access to the ad content and creative, as well as information about the ad campaign (such as total spend and delivery data) for a period of seven (7) years from the completion of your order. Meta may disclose your advertising content, and all information associated with your advertising, to a governmental entity or body if Meta believes that disclosure would assist in a lawful investigation.",0,low
S000616,Meta,Meta_Advertising_Standards,Meta_Advertising_Standards.docx,1,1,Things you should know,"If you are managing ads on behalf of other advertisers, each advertiser or client must be managed through separate ad accounts. You must not change the advertiser or client associated with an established ad account; set up a new account. You are responsible for ensuring that each advertiser complies with these Advertising Policies. In addition, if you are managing ads on behalf of other advertisers you must also comply with our Ads policies that apply to all ad buying solutions.",0,low
S000617,Meta,Meta_Advertising_Standards,Meta_Advertising_Standards.docx,1,1,Things you should know,"As stated in our Community Standards, you must not sell, rent, buy or exchange site privileges, such as administrative access, for assets that belong to you or that you manage. Helping anyone evade or circumvent our enforcement of our policies or terms of service is also prohibited.",0,low
S000618,Meta,Meta_Advertising_Standards,Meta_Advertising_Standards.docx,1,1,Things you should know,"We reserve the right to reject, approve or remove any ad for any reason, in our sole discretion, including ads that negatively affect our relationship with our users or that promote content, services, or activities, contrary to our competitive position, interests, or advertising philosophy.",0,low
S000619,Meta,Meta_Advertising_Standards,Meta_Advertising_Standards.docx,1,1,Things you should know,"For policies that require prior written permission, Meta may grant these permissions.",0,low
S000620,Meta,Meta_Advertising_Standards,Meta_Advertising_Standards.docx,1,1,Things you should know,These policies are subject to change at any time without notice.,0,low
S000621,Meta,Meta_Advertising_Standards,Meta_Advertising_Standards.docx,1,1,Transparency requirements under the EU Digital Services Act,"Meta is required by EU law to ensure that its users located in the EU, and associated territories, are able to identify certain information about each ad that they see, including information about the natural or legal person on whose behalf the advertisement is presented and the natural or legal person who is paying for the ad (if different).",0,low
S000622,Meta,Meta_Advertising_Standards,Meta_Advertising_Standards.docx,1,1,Transparency requirements under the EU Digital Services Act,"In order for Meta to be able to meet its obligations, when creating an ad, you are required to provide the following information in the associated text fields: Beneficiary field: the full legal name of the person, company, business, charity or institution on whose behalf your ad is being presented.",0,low
S000624,Meta,Meta_Advertising_Standards,Meta_Advertising_Standards.docx,1,1,Transparency requirements under the EU Digital Services Act,"Payor field (if different from above): the full legal name of the person, company, business, charity or institution who paid for the ad.",0,low
S000625,Meta,Meta_Advertising_Standards,Meta_Advertising_Standards.docx,1,1,Transparency requirements under the EU Digital Services Act,"You are responsible for ensuring that this information is complete, accurate and up-to-date for each ad that you submit to Meta, and that it remains so for the entirety of the period during which the ad is running.",0,low
S000626,Meta,Meta_Community_Standards,Meta_Community_Standards.docx,1,1,Community Standards,"The Community Standards outline what is and isn't allowed on Facebook, Instagram, Messenger and Threads.",0,low
S000627,Meta,Meta_Community_Standards,Meta_Community_Standards.docx,1,1,Introduction,"These standards are based on feedback from people and the advice of experts in fields like technology, public safety and human rights. To ensure everyone’s voice is valued, we take great care to create standards that include different views and beliefs, especially from people and communities that might otherwise be overlooked or marginalized.",0,low
S000628,Meta,Meta_Community_Standards,Meta_Community_Standards.docx,1,1,Introduction,"Every day, people use Facebook, Instagram, Messenger and Threads to share their experiences, connect with friends and family, and build communities. Our services enable billions of people to freely express themselves across countries and cultures and in dozens of languages.",0,low
S000629,Meta,Meta_Community_Standards,Meta_Community_Standards.docx,1,1,Introduction,"Meta recognizes how important it is for Facebook, Instagram, Messenger and Threads to be places where people feel empowered to communicate, and we take our role seriously in keeping abuse off the service. That’s why we developed standards for what is and isn’t allowed on these services.0:00 / 1:00",0,low
S000630,Meta,Meta_Community_Standards,Meta_Community_Standards.docx,1,1,Our commitment to voice,"The goal of our Community Standards is to create a place for expression and give people a voice. Meta wants people to be able to talk openly about the issues that matter to them, whether through written comments, photos, music, or other artistic mediums, even if some may disagree or find them objectionable. In some cases, we allow content—which would otherwise go against our standards—if it’s newsworthy and in the public interest. We do this only after weighing the public interest value against the risk of harm, and we look to international human rights standards to make these judgments. In other cases, we may remove content that uses ambiguous or implicit language when additional context allows us to reasonably understand that the content goes against our standards.",0,low
S000631,Meta,Meta_Community_Standards,Meta_Community_Standards.docx,1,1,Our commitment to voice,"Our commitment to expression is paramount, but we recognize the internet creates new and increased opportunities for abuse. For these reasons, when we limit expression, we do it in service of one or more of the following values: We want to make sure the content people see is authentic. We believe that authenticity creates a better environment for sharing, and that’s why we don’t want people using our services to misrepresent who they are or what they’re doing.",0,low
S000633,Meta,Meta_Community_Standards,Meta_Community_Standards.docx,1,1,SAFETY,"We’re committed to making Facebook, Instagram, Messenger and Threads safe places. We remove content that could contribute to a risk of harm to the physical security of persons. Content that threatens people has the potential to intimidate, exclude or silence others and isn’t allowed on our services.",0,low
S000634,Meta,Meta_Community_Standards,Meta_Community_Standards.docx,1,1,PRIVACY,"We’re committed to protecting personal privacy and information. Privacy gives people the freedom to be themselves, choose how and when to share on our services and connect more easily.",0,low
S000635,Meta,Meta_Community_Standards,Meta_Community_Standards.docx,1,1,DIGNITY,We believe that all people are equal in dignity and rights. We expect that people will respect the dignity of others and not harass or degrade others.,0,low
S000636,Meta,Meta_Community_Standards,Meta_Community_Standards.docx,1,1,Community Standards,"Our Community Standards apply to everyone, all around the world, and to all types of content, including AI-generated content.",0,low
S000637,Meta,Meta_Community_Standards,Meta_Community_Standards.docx,1,1,Community Standards,Each section of our Community Standards starts with a “Policy Rationale” that sets out the aims of the policy followed by specific policy lines that outline: Content that's not allowed; and,0,low
S000639,Meta,Meta_Community_Standards,Meta_Community_Standards.docx,1,1,Community Standards,"Content that requires additional information or context to enforce on, content that is allowed with a warning screen or content that is allowed but can only be viewed by adults aged 18 and older.",0,low
S000640,Meta,Meta_Cookies_Policy,Meta_Cookies_Policy.docx,1,1,Cookies Policy,What are cookies and what does this policy cover?,0,low
S000641,Meta,Meta_Cookies_Policy,Meta_Cookies_Policy.docx,1,1,Cookies Policy,"Cookies are small pieces of text used to store information in web browsers. Cookies are used to store and receive identifiers and other information on computers, phones and other devices. Other technologies, including data that we store on your web browser or device, identifiers associated with your device and other software, are used for similar purposes. In this policy, we refer to all of these technologies as ""cookies"".",0,low
S000642,Meta,Meta_Cookies_Policy,Meta_Cookies_Policy.docx,1,1,Cookies Policy,"We use cookies if you have a Facebook or Instagram account, use the , including our website and apps, or visit other websites and apps that use the Meta Products (including the Like button). Cookies enable Meta to offer the Meta Products to you and to understand the information that we receive about you, including information about your use of other websites and apps, whether or not you are registered or logged in.",0,low
S000643,Meta,Meta_Cookies_Policy,Meta_Cookies_Policy.docx,1,1,Cookies Policy,"This policy explains how we use cookies and the choices you have. Except as otherwise stated in this policy, the will apply to our processing of the data that we collect via cookies.",0,low
S000644,Meta,Meta_Cookies_Policy,Meta_Cookies_Policy.docx,1,1,Cookies Policy,Why do we use cookies?,0,low
S000645,Meta,Meta_Cookies_Policy,Meta_Cookies_Policy.docx,1,1,Cookies Policy,"Cookies help us provide, protect and improve the Meta Products, such as by personalising content, tailoring and measuring ads, and providing a safer experience. The cookies that we use include session cookies, which are deleted when you close your browser, and persistent cookies, which stay in your browser until they expire or you delete them. The cookies that we may change over time as we improve and update Meta Products, we typically use them for the following purposes: Where do we use cookies?",0,low
S000647,Meta,Meta_Cookies_Policy,Meta_Cookies_Policy.docx,1,1,Cookies Policy,We may place cookies on your computer or device and receive information stored in cookies when you use or visit: Products provided by other members of the ; and,0,low
S000649,Meta,Meta_Cookies_Policy,Meta_Cookies_Policy.docx,1,1,Cookies Policy,"Websites and apps provided by other companies that use the Meta Products, including companies that incorporate Meta technologies into their websites and apps. Meta uses cookies and receives information when you visit those sites and apps, including and information about your activity, without any further action from you. This occurs whether or not you have a Facebook or Instagram account or are logged in.",0,low
S000650,Meta,Meta_Cookies_Policy,Meta_Cookies_Policy.docx,1,1,Cookies Policy,Do other Companies use cookies in connection with the Meta Products?,0,low
S000651,Meta,Meta_Cookies_Policy,Meta_Cookies_Policy.docx,1,1,Cookies Policy,"Yes, other companies use cookies on the Meta Products to provide advertising, measurement, marketing and analytics services to us, and to provide certain features and improve our services for you.",0,low
S000652,Meta,Meta_Cookies_Policy,Meta_Cookies_Policy.docx,1,1,Cookies Policy,"For example, other companies' cookies help tailor ads off Meta Products, measure their performance and effectiveness and support marketing and analytics. Certain features on the Meta Products use cookies from other companies to function, for example, certain maps, payment and security features. about the companies that use cookies on the Meta Products.",0,low
S000653,Meta,Meta_Cookies_Policy,Meta_Cookies_Policy.docx,1,1,Cookies Policy,"Third-party companies also use cookies on their own sites and apps in connection with the Meta Products. To understand how other companies use cookies, please review their policies.",0,low
S000654,Meta,Meta_Cookies_Policy,Meta_Cookies_Policy.docx,1,1,Cookies Policy,How can you control your information?,0,low
S000655,Meta,Meta_Cookies_Policy,Meta_Cookies_Policy.docx,1,1,Cookies Policy,"We use cookies to help personalise and improve content and services, provide a safer experience and to show you useful and relevant ads on and off Meta Products. You can control how we use data to show you ads and more by using the tools described below.",0,low
S000656,Meta,Meta_Terms_of_Service,Meta_Terms_of_Service.docx,1,1,,"Meta builds technologies and services that enable people to connect with each other, build communities and grow businesses. These Terms of Service (the ""Terms"") govern your access and use of Facebook, Messenger and the other products, websites, features, apps, services, technologies and software we offer (the or Products), except where we expressly state that separate terms (and not these) apply. (For example, your use of Instagram is subject to the Instagram Terms of Use). These Products are provided to you by Meta Platforms, Inc. These Terms therefore constitute an agreement between you and Meta Platforms, Inc. If you do not agree to these Terms, then do not access or use Facebook or the other products and services covered by these Terms.",0,low
S000657,Meta,Meta_Terms_of_Service,Meta_Terms_of_Service.docx,1,1,,"These Terms (formerly known as the Statement of Rights and Responsibilities) make up the entire agreement between you and Meta Platforms, Inc. regarding your use of our Products. They supersede any prior agreements.",0,low
S000658,Meta,Meta_Terms_of_Service,Meta_Terms_of_Service.docx,1,1,,"We don't charge you to use Facebook or the other products and services covered by these Terms, unless we state otherwise. Instead, businesses, organisations and other persons pay us to show you ads for their products and services. By using our Products, you agree that we can show you ads that we think may be relevant to you and your interests. We use your personal data to help determine which personalised ads to show you.",0,low
S000659,Meta,Meta_Terms_of_Service,Meta_Terms_of_Service.docx,1,1,,"We don't sell your personal data to advertisers, and we don't share information that directly identifies you (such as your name, email address or other contact information) with advertisers unless you give us specific permission. Instead, advertisers can tell us things such as the kind of audience that they want to see their ads, and we show those ads to people who may be interested. We provide advertisers with reports about the performance of their ads that help them understand how people are interacting with their content. See Section 2 below to learn more about how personalised advertising under these Terms works on the Meta Products.",0,low
S000660,Meta,Meta_Terms_of_Service,Meta_Terms_of_Service.docx,1,1,,Our explains how we collect and use your personal data to determine some of the ads that you see and provide all of the other services described below. You can also go to your pages of the relevant Meta Product at any time to review the privacy choices that you have about how we use your data.,0,low
S000661,Meta,Meta_Terms_of_Service,Meta_Terms_of_Service.docx,1,1,1. The services we provide,"Our mission is to give people the power to build community and bring the world closer together. To help advance this mission, we provide the Products and services described below to you: 1.1 Provide a personalised experience for you:",0,low
S000663,Meta,Meta_Terms_of_Service,Meta_Terms_of_Service.docx,1,1,1. The services we provide,"Your experience on Facebook is unlike anyone else's: from the posts, stories, events, ads and other content that you see in Facebook Feed or our video platform to the Facebook Pages you follow and other features you might use, such as Facebook Marketplace and search. For example, we use data about the connections you make, the choices and settings you select, and what you share and do on and off our Products to personalise your experience.",0,low
S000664,Meta,Meta_Terms_of_Service,Meta_Terms_of_Service.docx,1,1,1. The services we provide,"1.2 Connect you with people and organisations that you care about: We help you find and connect with people, groups, businesses, organisations and others that matter to you across the Meta Products you use. We use data to make suggestions for you and others – for example, groups to join, events to attend, Facebook Pages to follow or send a message to, shows to watch and people you may want to become friends with. Stronger ties make for better communities, and we believe that our services are most useful when people are connected to people, groups and organisations that they care about.",0,low
S000666,Meta,Meta_Terms_of_Service,Meta_Terms_of_Service.docx,1,1,1. The services we provide,"1.3 Empower you to express yourself and communicate about what matters to you: There are many ways to express yourself on Facebook to communicate with friends, family and others about what matters to you – for example, sharing status updates, photos, videos and stories across the Meta Products (consistent with your settings), sending messages or making voice or video calls to a friend or several people, creating events or groups, or adding content to your profile, as well as showing you insights on how others engage with your content. We have also developed, and continue to explore, new ways for people to use technology, such as augmented reality and 360 video to create and share more expressive and engaging content on Meta Products.",0,low
S000668,Meta,Meta_Terms_of_Service,Meta_Terms_of_Service.docx,1,1,1. The services we provide,"1.4 Help you discover content, products and services that may interest you: We show you personalised ads, offers and other sponsored or commercial content to help you discover content, products and services that are offered by the many businesses and organisations that use Facebook and other Meta Products. Section 2 below explains this in more detail.",0,low
S000670,Meta,Meta_Terms_of_Service,Meta_Terms_of_Service.docx,1,1,1. The services we provide,"1.5 Promote the safety, security and integrity of our services, combat harmful conduct and keep our community of users safe: People will only build community on Meta Products if they feel safe and secure. We work hard to maintain the security (including the availability, authenticity, integrity and confidentiality) of our Products and services. We employ dedicated teams around the world, work with external service providers, partners and other relevant entities and develop advanced technical systems to detect potential misuse of our Products, harmful conduct towards others and situations where we may be able to help support or protect our community, including to respond to user reports of potentially violating content. If we learn of content or conduct such as this, we may take appropriate action based on our assessment that may include notifying you, offering help, removing content, removing or restricting access to certain features, disabling an account or contacting law enforcement. We share data across when we detect misuse or harmful conduct by someone using one of our Products or to help keep Meta Products, users and the community safe. For example, we share information with Meta Companies that provide financial products and services to help them promote safety, security and integrity and comply with applicable law. Meta may access, preserve, use and share any information it collects about you where it has a good faith belief that it is required or permitted by law to do so.",0,low
S000672,Meta,Meta_Terms_of_Service,Meta_Terms_of_Service.docx,1,1,1. The services we provide,"For more information, please review our .",0,low
S000673,Meta,Meta_Terms_of_Service,Meta_Terms_of_Service.docx,1,1,1. The services we provide,"In some cases, the Oversight Board may review our decisions, subject to its terms and bylaws. Learn more .",0,low
S000674,Meta,Meta_Terms_of_Service,Meta_Terms_of_Service.docx,1,1,1. The services we provide,"1.6 Use and develop advanced technologies to provide safe and functional services for everyone: We use and develop advanced technologies such as artificial intelligence, machine learning systems and augmented reality so that people can use our Products safely regardless of physical ability or geographic location. For example, technology such as this helps people who have visual impairments understand what or who is in photos or videos shared on Facebook or Instagram. We also build sophisticated network and communication technology to help more people connect to the Internet in areas with limited access. And we develop automated systems to improve our ability to detect and remove abusive and dangerous activity that may harm our community and the integrity of our Products.",0,low
S000676,Meta,Meta_Terms_of_Service,Meta_Terms_of_Service.docx,1,1,1. The services we provide,"1.7 Research ways to make our services better: We engage in research to develop, test and improve our Products. This includes analysing data that we have about our users, and understanding how people use our Products, for example by conducting surveys and testing and troubleshooting new features. Our explains how we use data to support this research for the purposes of developing and improving our services.",0,low
S000678,Meta,Meta_Terms_of_Service,Meta_Terms_of_Service.docx,1,1,1. The services we provide,"1.8 Provide consistent and seamless experiences across the Meta Company Products: Our Products help you find and connect with people, groups, businesses, organisations and others that are important to you. We design our systems so that your experience is consistent and seamless across the different that you use. For example, we use data about the people you engage with on Facebook to make it easier for you to connect with them on Instagram or Messenger, and we enable you to communicate with businesses that you follow on Facebook through Messenger.",0,low
S000680,Meta,Meta_Terms_of_Service,Meta_Terms_of_Service.docx,1,1,1. The services we provide,"1.9 Ensuring access to our services: To operate our global services and enable you to connect with people around the world, we need to transfer, store and distribute content and data to our data centres, partners, service providers, vendors and systems around the world, including outside your country of residence. The use of this global infrastructure is necessary and essential to provide our services. This infrastructure may be owned, operated or controlled by Meta Platforms, Inc., Meta Platforms Ireland Limited or its affiliates.",0,low
S000682,Meta,Meta_Terms_of_Service,Meta_Terms_of_Service.docx,1,1,2. How our services are funded,"Instead of paying to use Facebook and the other products and services we offer, by using the Meta Products covered by these Terms, you agree that we can show you personalised ads and other commercial and sponsored content that businesses and organisations pay us to promote on and off . We use your personal data, such as information about your activity and interests, to show you personalised ads and sponsored content that may be more relevant to you.",0,low
S000683,Meta,Meta_Terms_of_Service,Meta_Terms_of_Service.docx,1,1,2. How our services are funded,"Protecting people's privacy is central to how we've designed our personalised ads system. This means that we can show you relevant and useful ads without telling advertisers who you are. We don't sell your personal data. We allow advertisers to tell us things such as their business goal, and the kind of audience that they want to see their ads (for example, people between the ages of 18-35 who like cycling). We then show their ad to people who we think might be interested.",0,low
S000684,Meta,Meta_Terms_of_Service,Meta_Terms_of_Service.docx,1,1,2. How our services are funded,"We also provide advertisers with reports about the performance of their ads to help them understand how people are interacting with their content on and off Meta Products. For example, we provide general demographic and interest information to advertisers to help them better understand their audience, such as the fact that women between the ages of 25 and 34 who live in Madrid and like software engineering have seen an ad. We don't share information that directly identifies you (information such as your name or email address that by itself can be used to contact you or identifies who you are) unless you give us specific permission. Learn more about how Meta ads work .",0,low
S000685,Meta,Meta_Terms_of_Service,Meta_Terms_of_Service.docx,1,1,2. How our services are funded,"We collect and use your personal data in order to provide the services described above for you. You can learn about how we collect and use your data in our . You have controls over the types of ads and advertisers you see, and the types of information we use to determine which ads we show you. .",0,low
S000686,Meta,Meta_Terms_of_Service,Meta_Terms_of_Service.docx,1,1,3. Your commitments to Facebook and our community,"We provide these services to you and others to help advance our mission. In exchange, we need you to make the following commitments: When people stand behind their opinions and actions, our community is safer and more accountable. For this reason, you must:",0,low
S000688,Meta,Meta_Terms_of_Service,Meta_Terms_of_Service.docx,1,1,3.1 Who can use Facebook,Provide for your account the same name that you use in everyday life.,0,low
S000689,Meta,Meta_Terms_of_Service,Meta_Terms_of_Service.docx,1,1,3.1 Who can use Facebook,Provide accurate information about yourself;,0,low
S000690,Meta,Meta_Terms_of_Service,Meta_Terms_of_Service.docx,1,1,3.1 Who can use Facebook,Only create one account (your own) and use it for personal purposes.,0,low
S000691,Meta,Meta_Terms_of_Service,Meta_Terms_of_Service.docx,1,1,3.1 Who can use Facebook,"Not share your password, give access to your Facebook account to others or transfer your account to anyone else (without our permission).",0,low
S000692,Meta,Meta_Terms_of_Service,Meta_Terms_of_Service.docx,1,1,3.1 Who can use Facebook,"We try to make Facebook broadly available to everyone, but you cannot use Facebook if: You are under 13 years old.",1,medium
S000694,Meta,Meta_Terms_of_Service,Meta_Terms_of_Service.docx,1,1,3.1 Who can use Facebook,You are a convicted sex offender.,0,low
S000695,Meta,Meta_Terms_of_Service,Meta_Terms_of_Service.docx,1,1,3.1 Who can use Facebook,"We've previously disabled your account for violations of our Terms, the or other terms and policies that apply to your use of Facebook. If we disable your account for a violation of our Terms, the or other terms and policies, you agree not to create another account without our permission. Receiving permission to create a new account is provided at our sole discretion, and does not mean or imply that the disciplinary action was wrong or without cause.",0,low
S000696,Meta,Meta_Terms_of_Service,Meta_Terms_of_Service.docx,1,1,3.1 Who can use Facebook,"You are prohibited from receiving our products, services or software under applicable laws.",0,low
S000697,Meta,Meta_Terms_of_Service,Meta_Terms_of_Service.docx,1,1,3.2 What you can share and do on Meta Products,"We want people to use Meta Products to express themselves and to share content that is important to them, but not at the expense of the safety and well-being of others or the integrity of our community. You therefore agree not to engage in the conduct described below (or to facilitate or support others in doing so): You may not use our Products to do or share anything:",0,low
S000699,Meta,Meta_Terms_of_Service,Meta_Terms_of_Service.docx,1,1,3.2 What you can share and do on Meta Products,"That violates these Terms, the , or that apply to your use of our Products.",0,low
S000700,Meta,Meta_Terms_of_Service,Meta_Terms_of_Service.docx,1,1,3.2 What you can share and do on Meta Products,"That is unlawful, misleading, discriminatory or fraudulent (or assists someone else in using our Products in such a way).",0,low
S000701,Meta,Meta_Terms_of_Service,Meta_Terms_of_Service.docx,1,1,3.2 What you can share and do on Meta Products,That you do not own or have the necessary rights to share.,0,low
S000702,Meta,Meta_Terms_of_Service,Meta_Terms_of_Service.docx,1,1,3.2 What you can share and do on Meta Products,"That infringes or violates someone else's rights, including their intellectual property rights (such as by infringing another's copyright or trademark, or distributing or selling counterfeit or pirated goods), unless an exception or limitation applies under applicable law.",0,low
S000703,Meta,Meta_Terms_of_Service,Meta_Terms_of_Service.docx,1,1,3.2 What you can share and do on Meta Products,"You may not upload viruses or malicious code, use the services to send spam or do anything else that could disable, overburden, interfere with or impair the proper working, integrity, operation or appearance of our services, systems or Products.",0,low
S000704,Meta,Meta_Terms_of_Service,Meta_Terms_of_Service.docx,1,1,3.2 What you can share and do on Meta Products,"You may not access or collect data from our Products using automated means (without our prior permission) or attempt to access data that you do not have permission to access, regardless of whether such automated access or collection is undertaken while logged in to a Facebook account.",0,low
S000705,Meta,Meta_Terms_of_Service,Meta_Terms_of_Service.docx,1,1,3.2 What you can share and do on Meta Products,"You may not proxy, request or collect Product usernames or passwords, or misappropriate access tokens.",0,low
S000706,Meta,Meta_Terms_of_Service,Meta_Terms_of_Service.docx,1,1,3.2 What you can share and do on Meta Products,"Except as provided in the , you may not sell, license or purchase any data obtained from us or our services, regardless of whether such data was obtained while logged in to a Facebook account.",0,low
S000707,Meta,Meta_Terms_of_Service,Meta_Terms_of_Service.docx,1,1,3.2 What you can share and do on Meta Products,"You may not misuse any reporting, flagging, dispute or appeals channel, such as by making fraudulent, duplicative or groundless reports or appeals.",0,low
S000708,Meta,Meta_Terms_of_Service,Meta_Terms_of_Service.docx,1,1,3.2 What you can share and do on Meta Products,"You may not do, or attempt to do, anything to circumvent, bypass or override any technological measures that Meta uses to control or limit access to our Products or data.",0,low
S000709,Meta,Meta_Terms_of_Service,Meta_Terms_of_Service.docx,1,1,3.2 What you can share and do on Meta Products,"We can remove or restrict access to content that is in violation of these provisions. We can also suspend or disable your account for conduct that violates these provisions, as provided in Section 4.2.",0,low
S000710,Meta,Meta_Terms_of_Service,Meta_Terms_of_Service.docx,1,1,3.2 What you can share and do on Meta Products,"If we remove content that you have shared in violation of the , we'll let you know and explain any options that you have to request another review, unless you seriously or repeatedly violate these Terms or if doing so may expose us or others to legal liability; harm our community of users; compromise or interfere with the integrity or operation of any of our services, systems or Products; where we are restricted due to technical limitations; or where we are prohibited from doing so for legal reasons. For information on account suspension or termination, see Section 4.2 below.",0,low
S000711,Meta,Meta_Terms_of_Service,Meta_Terms_of_Service.docx,1,1,3.2 What you can share and do on Meta Products,"We work with independent fact-checkers in many jurisdictions to combat misinformation. When content has been rated by fact-checkers, we may add a notice to provide additional context. You can find more information about fact-checking .",0,low
S000712,Meta,Meta_Terms_of_Service,Meta_Terms_of_Service.docx,1,1,3.2 What you can share and do on Meta Products,"To help support our community, we encourage you to content or conduct that you believe violates your rights (including ) or our Terms and Policies, if this feature exists in your jurisdiction. We also can remove or restrict access to content, features, services or information if we determine that doing so is reasonably necessary to avoid or mitigate misuse of our services or adverse legal or regulatory impacts to Meta.",0,low
S000713,Meta,Meta_Terms_of_Service,Meta_Terms_of_Service.docx,1,1,3.3 The permissions you give us,"We need certain permissions from you to provide our services: 1. Your content: Some content that you share or upload, such as photos or videos, may be protected by intellectual property laws.",0,low
S000715,Meta,Meta_Terms_of_Service,Meta_Terms_of_Service.docx,1,1,3.3 The permissions you give us,"You retain ownership of the intellectual property rights (things such as copyright or trademarks) in any such content that you create and share on Facebook and other that you use. Nothing in these Terms takes away the rights you have to your own content. You are free to share your content with anyone else, wherever you want.",0,low
S000716,Meta,Meta_Terms_of_Service,Meta_Terms_of_Service.docx,1,1,3.3 The permissions you give us,"However, to provide our services, we need you to give us some legal permissions (known as a ""Licence"") to use that content. This is solely for the purposes of providing and improving our Products and services as described in Section 1 above.",0,low
S000717,Meta,Meta_Terms_of_Service,Meta_Terms_of_Service.docx,1,1,3.3 The permissions you give us,"2. Permission to use content that you create and share: Specifically, when you share, post or upload content that is covered by intellectual property rights on or in connection with our Products, you grant us a non-exclusive, transferable, sub-licensable, royalty-free and worldwide licence to host, use, distribute, modify, run, copy, publicly perform or display, translate and create derivative works of your content (consistent with your and settings). This means, for example, that if you share a photo on Facebook, you give us permission to store, copy and share it with others (again, consistent with your settings) such as Meta Products or service providers that support those products and services. This licence will end when your content is deleted from our systems.",0,low
S000718,Meta,Meta_Terms_of_Service,Meta_Terms_of_Service.docx,1,1,3.3 The permissions you give us,"3. Deleting your content: You can delete individual content that you share, post and upload at any time. In addition, all content posted to your personal account will be deleted if you delete your account. about how to delete your account. Account deletion does not automatically delete content that you post as an admin of a Page or content that you create collectively with other users, such as photos in Shared Albums that may continue to be visible to other album members.",0,low
S000719,Meta,Meta_Terms_of_Service,Meta_Terms_of_Service.docx,1,1,3.3 The permissions you give us,"It may take up to 90 days to delete content after we've begun the account deletion process or receives a content deletion request. If you send content to the bin, the deletion process will automatically begin in 30 days unless you choose to delete the content sooner. While the deletion process for such content is being undertaken, the content is no longer visible to other users. After the content has been deleted, it may take us up to another 90 days to remove it from backups and disaster recovery systems.",0,low
S000720,Meta,Meta_Terms_of_Service,Meta_Terms_of_Service.docx,1,1,3.3 The permissions you give us,Content will not be deleted within 90 days of the account deletion or content deletion process beginning in the following situations: where your content has been used by others in accordance with this licence and they have not deleted it (in which case this licence will continue to apply until that content has been deleted);,0,low
S000722,Meta,Meta_Terms_of_Service,Meta_Terms_of_Service.docx,1,1,3.3 The permissions you give us,"where deletion within 90 days is not possible due to technical limitations of our systems, in which case, we will complete the deletion as soon as technically feasible; or",0,low
S000723,Meta,Meta_Terms_of_Service,Meta_Terms_of_Service.docx,1,1,3.3 The permissions you give us,"Where immediate deletion would restrict our ability to: investigate or identify illegal activity or breaches of our Terms and Policies (for example, to identify or investigate misuse of our Products or systems);",0,low
S000725,Meta,Meta_Terms_of_Service,Meta_Terms_of_Service.docx,1,1,3.3 The permissions you give us,"protect the safety, integrity and security of our Products, systems, services, our employees and users, and to defend ourselves;",0,low
S000726,Meta,Meta_Terms_of_Service,Meta_Terms_of_Service.docx,1,1,3.3 The permissions you give us,"comply with legal obligations for the preservation of evidence, including data that Meta Companies providing financial products and services preserve to comply with any record-keeping obligations required by law; or",0,low
S000727,Meta,Meta_Terms_of_Service,Meta_Terms_of_Service.docx,1,1,3.3 The permissions you give us,"comply with a request of a judicial or administrative authority, law enforcement or a government agency;",0,low
S000728,Meta,Meta_Terms_of_Service,Meta_Terms_of_Service.docx,1,1,3.3 The permissions you give us,"in which case, the content will be retained for no longer than is necessary for the purposes for which it has been retained (the exact duration will vary on a case-by-case basis).",0,low
S000729,Meta,Meta_Terms_of_Service,Meta_Terms_of_Service.docx,1,1,3.3 The permissions you give us,"In each of the above cases, this licence will continue until the content has been fully deleted.",0,low
S000730,Meta,Meta_Terms_of_Service,Meta_Terms_of_Service.docx,1,1,3.3 The permissions you give us,"4. Permission to use your name, profile picture and information about your actions with ads and sponsored or commercial content: You give us permission to use your name and profile picture and information about actions that you have taken on Facebook next to or in connection with ads, offers and other sponsored or commercial content that we display across our Products, without any compensation to you. For example, we may show your friends that you are interested in an advertised event or have liked a Facebook Page created by a brand that has paid us to display its ads on Facebook. Ads and content such as this can only be seen by people who have your permission to see the actions that you've taken on Meta Products. You can about your ad settings and preferences.",0,low
S000731,Meta,Meta_Terms_of_Service,Meta_Terms_of_Service.docx,1,1,3.3 The permissions you give us,"5. Permission to update software that you use or download: If you download or use our software, you give us permission to download and install updates to the software where available.",0,low
S000732,Meta,Meta_Terms_of_Service,Meta_Terms_of_Service.docx,1,1,3.4 Limits on using our intellectual property,"If you use content covered by intellectual property rights that we have and make available in our Products (for example, images, designs, videos or sounds that we provide, which you add to content that you create or share on Facebook), we retain all rights to that content (but not yours). You can only use our copyrights or as expressly permitted by our or with our prior written permission. You must obtain our written permission (or permission under an open-source licence) to modify, translate, create derivative works of, decompile or reverse-engineer our products or their components, or otherwise attempt to extract source code from us, unless an exception or limitation applies under applicable law or your conduct relates to the . We reserve all rights not expressly granted to you.",0,low
S000733,Meta,Meta_Terms_of_Service,Meta_Terms_of_Service.docx,1,1,4.1 Updating our Terms,"We work constantly to improve our services and develop new features to make our Products better for you and our community. As a result, we may need to update these Terms from time to time to accurately reflect our services and practices, to promote a safe and secure experience on our Products and services, and/or to comply with applicable law. We will only make any changes if the provisions are no longer appropriate or if they are incomplete, and only if the changes are reasonable and take due account of your interests, or if the changes are required for safety and security purposes or to comply with applicable law.",0,low
S000734,Meta,Meta_Terms_of_Service,Meta_Terms_of_Service.docx,1,1,4.1 Updating our Terms,"We will notify you (for example, by email or through our Products) at least 30 days before we make changes to these Terms and give you an opportunity to review them before they go into effect, unless changes are required by law. Once any updated terms are in effect, you will be bound by them if you continue to access or use our Products.",0,low
S000735,Meta,Meta_Terms_of_Service,Meta_Terms_of_Service.docx,1,1,4.1 Updating our Terms,"We hope that you will continue using our Products, but if you do not agree to our updated Terms, or wish to terminate your agreement to this contract, you can your account at any time and you must also stop accessing or using Facebook and the other Meta Products.",0,low
S000736,Meta,Meta_Terms_of_Service,Meta_Terms_of_Service.docx,1,1,4.2 Account suspension or termination,We want Facebook to be a place where people feel welcome and safe to express themselves and share their thoughts and ideas.,0,low
S000737,Meta,Meta_Terms_of_Service,Meta_Terms_of_Service.docx,1,1,4.2 Account suspension or termination,"If we determine, in our discretion, that you have clearly, seriously or repeatedly breached our Terms or Policies, including, in particular, the , we may suspend or permanently disable your access to Meta Company Products, and we may permanently disable or delete your account. We may also disable or delete your account if you repeatedly infringe other people's intellectual property rights or where we are required to do so for legal reasons.",0,low
S000738,Meta,Meta_Terms_of_Service,Meta_Terms_of_Service.docx,1,1,4.2 Account suspension or termination,"We may disable or delete your account if, after registration, your account is not confirmed, your account is unused and remains inactive for an extended period of time or if we detect that someone may have used it without your permission and we are unable to confirm your ownership of the account. about how we disable and delete accounts.",0,low
S000739,Meta,Meta_Terms_of_Service,Meta_Terms_of_Service.docx,1,1,4.2 Account suspension or termination,"Where we take such action, we'll let you know and explain any options you have to request a review, unless doing so may expose us or others to legal liability; harm our community of users; compromise or interfere with the integrity or operation of any of our services, systems or Products; where we are restricted due to technical limitations; or where we are prohibited from doing so for legal reasons.",0,low
S000740,Meta,Meta_Terms_of_Service,Meta_Terms_of_Service.docx,1,1,4.2 Account suspension or termination,You can about what you can do if your account has been disabled and how to contact us if you think that we have disabled your account by mistake.,0,low
S000741,Meta,Meta_Terms_of_Service,Meta_Terms_of_Service.docx,1,1,4.2 Account suspension or termination,"If you delete or we disable or delete your account, and you stop accessing, using or visiting Facebook and the other Meta Products, or if this contract is otherwise terminated, then these terms shall terminate as an agreement between you and us, except for the following provisions, which will remain in place: (3, 4.2-4.5).",0,low
S000742,Meta,Meta_Terms_of_Service,Meta_Terms_of_Service.docx,1,1,4.3 Limits on liability,"We work hard to provide the best Products we can and to specify clear guidelines for everyone who uses them. Our Products, however, are provided ""As is,"" and to the extent permissible by law, we make no guarantees that they always will be safe, secure or error-free or that they will function without disruptions, delays or imperfections. To the extent permitted by law, we also DISCLAIM ALL WARRANTIES, WHETHER EXPRESS OR IMPLIED, INCLUDING THE IMPLIED WARRANTIES OF MERCHANTABILITY, FITNESS FOR A PARTICULAR PURPOSE, TITLE AND NON-INFRINGEMENT. We do not control or direct what people and others do or say, and we are not responsible for their actions or conduct (whether online or offline) or any content that they share (including offensive, inappropriate, obscene, unlawful and other objectionable content).",0,low
S000743,Meta,Meta_Terms_of_Service,Meta_Terms_of_Service.docx,1,1,4.3 Limits on liability,"We cannot predict when issues may arise with our Products. Accordingly, our liability shall be limited to the fullest extent permitted by applicable law. To the fullest extent permitted by applicable law, under no circumstance will we be liable to you for any lost profits, revenues, information or data, or consequential, special, indirect, exemplary, punitive or incidental damages arising out of or related to these Terms or the Meta Products (however caused and on any theory of liability, including negligence), even if we have been advised of the possibility of such damages.",0,low
S000744,Meta,Meta_Terms_of_Service,Meta_Terms_of_Service.docx,1,1,4.4 Disputes,"We try to provide clear rules so that we can limit or hopefully avoid disputes between you and us. If a dispute does arise, however, it's useful to know upfront where it can be resolved and what laws will apply.",0,low
S000745,Meta,Meta_Terms_of_Service,Meta_Terms_of_Service.docx,1,1,4.4 Disputes,"If you are a consumer, or where required by applicable law, the laws of the country in which you reside will apply to any claim, cause of action or dispute that you have against us that arises out of or relates to these Terms or the Meta Products, and you may resolve your claim in any competent court in that country that has jurisdiction over the claim. In all other cases, and for any claim, cause of action or dispute that Meta files against you, you and Meta agree that any such claim, cause of action or dispute must be resolved exclusively in the US District Court for the Northern District of California or a state court located in San Mateo County. You also agree that you submit to the personal jurisdiction of either of these courts for the purpose of litigating any such claim, and that the laws of the State of California will govern these Terms and any claim, cause of action or dispute without regard to conflict of law provisions. Without prejudice to the foregoing, you agree that, at its sole discretion, Meta may bring any claim, cause of action or dispute we have against you in any competent court in the country in which you reside that has jurisdiction over the claim.",0,low
S000746,Meta,Meta_Terms_of_Service,Meta_Terms_of_Service.docx,1,1,4.5 Miscellaneous,"Supplemental Terms: Some of the Products that we offer are also governed by supplemental terms. If you use any of those Products, supplemental terms will be made available and will become part of our agreement with you. For instance, if you access or use our Products for commercial or business purposes, such as buying ads, selling products, developing apps, managing a group or Page for your business, or using our measurement services, you must agree to our . If you post or share content containing music, you must comply with our . If you use Avatars, then the also apply. If you use our AI products and features, the also apply. To the extent that any supplemental Terms conflict with these Terms, the supplemental Terms shall govern to the extent of the conflict.",0,low
S000747,Meta,Meta_Terms_of_Service,Meta_Terms_of_Service.docx,1,1,4.5 Miscellaneous,"Severability: If any portion of these Terms is found to be unenforceable, the unenforceable portion will be deemed amended to the minimum extent necessary to make it enforceable and if it can't be made enforceable, then it will be severed and the remaining portion will remain in full force and effect. If we fail to enforce any of these Terms, it will not be considered a waiver. Any amendment to or waiver of these Terms must be made in writing and signed by us.",0,low
S000748,Meta,Meta_Terms_of_Service,Meta_Terms_of_Service.docx,1,1,4.5 Miscellaneous,No transfer: You will not transfer any of your rights or obligations under these terms to anyone else without our consent.,2,medium
S000749,Meta,Meta_Terms_of_Service,Meta_Terms_of_Service.docx,1,1,4.5 Miscellaneous,"Legacy contact: You may designate a person (called a legacy contact) to manage your account if it is memorialised. If you enable it in your settings, only your legacy contact or a person who you have identified in a valid will or similar legal document expressing clear consent to disclose your content to that person upon death or incapacity will be able to seek limited of information from your account after it has been memorialised.",1,medium
S000750,Meta,Meta_Terms_of_Service,Meta_Terms_of_Service.docx,1,1,4.5 Miscellaneous,"No third-party beneficiaries terms. These Terms do not confer any third-party beneficiary rights. All of our rights and obligations under these Terms are freely assignable by us in connection with a merger, acquisition or sale of assets, or by operation of law or otherwise.",0,low
S000751,Meta,Meta_Terms_of_Service,Meta_Terms_of_Service.docx,1,1,4.5 Miscellaneous,"User name change: We may change the username for your account in certain circumstances (for example, if someone else claims the username and it appears unrelated to the name you use in everyday life).",0,low
S000752,Meta,Meta_Terms_of_Service,Meta_Terms_of_Service.docx,1,1,4.5 Miscellaneous,"Feedback: We always appreciate your feedback and other suggestions about our products and services. But we may use feedback and other suggestions without any restriction or obligation to compensate you, and we are under no obligation to keep them confidential.",0,low
S000753,Meta,Meta_Terms_of_Service,Meta_Terms_of_Service.docx,1,1,5. Other Terms and Policies that may apply to you,: These guidelines outline our standards regarding the content that you post to Facebook and your activity on Facebook and other Meta Products.,0,low
S000754,Meta,Meta_Terms_of_Service,Meta_Terms_of_Service.docx,1,1,5. Other Terms and Policies that may apply to you,": These terms apply if you also access or use our Products for any commercial or business purpose, including advertising, operating an app on our Platform, using our measurement services, managing a group or a Page for a business, or selling goods or services.",0,low
S000755,Meta,Meta_Terms_of_Service,Meta_Terms_of_Service.docx,1,1,5. Other Terms and Policies that may apply to you,: These terms apply to payments made on or through Meta Products.,0,low
S000756,Meta,Meta_Terms_of_Service,Meta_Terms_of_Service.docx,1,1,5. Other Terms and Policies that may apply to you,": These guidelines outline the policies that apply when you offer products or services for sale on Facebook, Instagram and WhatsApp.",0,low
S000757,Meta,Meta_Terms_of_Service,Meta_Terms_of_Service.docx,1,1,5. Other Terms and Policies that may apply to you,: These guidelines outline the policies that apply if you post or share content containing music on any Meta Products.,0,low
S000758,Meta,Meta_Terms_of_Service,Meta_Terms_of_Service.docx,1,1,5. Other Terms and Policies that may apply to you,: These policies apply to partners who advertise across the Meta Products and specify what types of ad content are allowed by partners who advertise across the Meta Products.,0,low
S000759,Meta,Meta_Terms_of_Service,Meta_Terms_of_Service.docx,1,1,5. Other Terms and Policies that may apply to you,": These terms apply when you use self-serve advertising interfaces to create, submit or deliver advertising or other commercial or sponsored activity or content.",0,low
S000760,Meta,Meta_Terms_of_Service,Meta_Terms_of_Service.docx,1,1,5. Other Terms and Policies that may apply to you,": These guidelines apply if you create or administer a Facebook Page, group or event, or if you use Facebook to communicate or administer a promotion.",0,low
S000761,Meta,Meta_Terms_of_Service,Meta_Terms_of_Service.docx,1,1,5. Other Terms and Policies that may apply to you,": These terms apply to the use of the set of APIs, SDKs, tools, plugins, code, technology, content and services that enables others to develop functionality, retrieve data from MetaProducts or provide data to us.",0,low
S000762,Meta,Meta_Terms_of_Service,Meta_Terms_of_Service.docx,1,1,5. Other Terms and Policies that may apply to you,: These terms apply to developers of applications that use Facebook Payments.,0,low
S000763,Meta,Meta_Terms_of_Service,Meta_Terms_of_Service.docx,1,1,5. Other Terms and Policies that may apply to you,": These guidelines outline the policies that apply to use of Meta trademarks, logos and screenshots.",0,low
S000764,Meta,Meta_Terms_of_Service,Meta_Terms_of_Service.docx,1,1,5. Other Terms and Policies that may apply to you,Recommendations guidelines: The and outline our standards for recommending and not recommending content.,0,low
S000765,Meta,Meta_Terms_of_Service,Meta_Terms_of_Service.docx,1,1,5. Other Terms and Policies that may apply to you,: These policies apply to all content broadcast to Facebook Live.,0,low
S000766,Meta,Meta_Terms_of_Service,Meta_Terms_of_Service.docx,1,1,5. Other Terms and Policies that may apply to you,": These terms apply to the use of our Avatars and our Avatar features, including purchases and acquisitions of Avatar clothing in the Avatar store.",0,low
S000767,Meta,Meta_Terms_of_Service,Meta_Terms_of_Service.docx,1,1,5. Other Terms and Policies that may apply to you,: These terms govern use of our Generative AI products and features.,0,low
S000768,Meta,MetaPrivacyPolicy,MetaPrivacyPolicy.pdf,1,1,Updated on 23 July 2026,We've updated our Privacy Policy with details about agentic AI capabilities and how we personalise your AI experiences.,0,low
S000769,Meta,MetaPrivacyPolicy,MetaPrivacyPolicy.pdf,1,1,Updated on 23 July 2026,View details What is the Privacy Policy and what does it cover? Effective from 23 July 2026 | |,0,low
S000770,Meta,MetaPrivacyPolicy,MetaPrivacyPolicy.pdf,1,1,Highlights,"We at Meta want you to understand what information we collect, and how we use and share it. That's why we encourage you to read our Privacy Policy. This helps you use in the way that's right for you.",0,low
S000771,Meta,MetaPrivacyPolicy,MetaPrivacyPolicy.pdf,1,1,Products,"In the Privacy Policy, we explain how we collect, use, share, retain and transfer information. We also let you know your rights. Each section of this Policy includes helpful examples and simpler language to make our practices easier to understand. We've also added links to resources where you can learn more about the privacy topics that interest you.",0,low
S000772,Meta,MetaPrivacyPolicy,MetaPrivacyPolicy.pdf,1,1,Products,"It's important to us that you know how to control your privacy, so we also show you where you can manage your information in the settings of the Meta Products you use. You can to shape your experience. update these settings Read the full Policy below. What Products does this Policy cover?",0,low
S000773,Meta,MetaPrivacyPolicy,MetaPrivacyPolicy.pdf,2,2,Highlights,0:00 / 1:43,0,low
S000774,Meta,MetaPrivacyPolicy,MetaPrivacyPolicy.pdf,2,2,Highlights,"The information that we collect and process about you depends on how you use our . For example, we collect different information if you sell furniture on",0,low
S000775,Meta,MetaPrivacyPolicy,MetaPrivacyPolicy.pdf,2,2,Highlights,"Marketplace than if you ask to write a joke for you. When you use our products, we collect some information about you .",0,low
S000776,Meta,MetaPrivacyPolicy,MetaPrivacyPolicy.pdf,2,2,Products,"AI at Meta even if you don't have an account Here's the information we collect: Information from partners, vendors and other third parties What if you don't let us collect certain information? Some information is required for our products to work. Other information is optional, but without it, the quality of your experience might be affected.",0,low
S000778,Meta,MetaPrivacyPolicy,MetaPrivacyPolicy.pdf,2,2,"Friends, followers and other connections",Learn more What if the information that we collect doesn't identify individuals?,0,low
S000779,Meta,MetaPrivacyPolicy,MetaPrivacyPolicy.pdf,2,2,"Friends, followers and other connections","In some cases information is de-identified, aggregated or anonymised by third parties so that it no longer identifies individuals before it's made available to us. We use this information as described below without trying to re-identify individuals.",0,low
S000780,Meta,MetaPrivacyPolicy,MetaPrivacyPolicy.pdf,3,3,Manage the information that we collect about you,Privacy Centre 0:00 / 1:34 How do we use your information?,0,low
S000781,Meta,MetaPrivacyPolicy,MetaPrivacyPolicy.pdf,3,3,Highlights,"We use to provide a personalised experience to you, including ads, along with the other purposes that we explain in detail below. information that we collect",0,low
S000782,Meta,MetaPrivacyPolicy,MetaPrivacyPolicy.pdf,3,3,Highlights,"For some of these purposes, we use information and . The information that we use for these purposes is automatically processed by our systems. But in some cases, we also use to access and review your information. across our Products across your devices manual review",0,low
S000783,Meta,MetaPrivacyPolicy,MetaPrivacyPolicy.pdf,3,3,Highlights,"To use less information that's connected to individual users, in some cases we de-identify or aggregate information or anonymise it so that it no longer identifies you. We use this information in the same ways we use your information as described in this section. Here are the ways we use your information: We use information that we have to provide and improve our . This includes:",0,low
S000785,Meta,MetaPrivacyPolicy,MetaPrivacyPolicy.pdf,3,3,Products,"Seeing if our Products are working correctly, such as troubleshooting and fixing it when it's not working",0,low
S000786,Meta,MetaPrivacyPolicy,MetaPrivacyPolicy.pdf,4,4,Products,"Personalising features, content and , such as your , , Meta AI, Stories and ads. recommendations",0,low
S000787,Meta,MetaPrivacyPolicy,MetaPrivacyPolicy.pdf,4,4,Instagram Feed,"We use that you choose to provide for these purposes, but not to show you ads. information with special protections",0,low
S000788,Meta,MetaPrivacyPolicy,MetaPrivacyPolicy.pdf,4,4,Instagram Feed,"Read more about how we use information to provide, personalise and improve our Products: We use the information we collect to help protect people from harm and provide safe, secure Products.",0,low
S000790,Meta,MetaPrivacyPolicy,MetaPrivacyPolicy.pdf,4,4,Learn more,"To provide measurement, analytics and business services Lots of people rely on our Products to run or promote their businesses or share content.",0,low
S000791,Meta,MetaPrivacyPolicy,MetaPrivacyPolicy.pdf,4,4,Learn more,"We help them measure how well their ads and other content, products and services are working.",0,low
S000792,Meta,MetaPrivacyPolicy,MetaPrivacyPolicy.pdf,4,4,To communicate with you,"We communicate with you using information you've given us, such as contact information you've entered on your profile.",0,low
S000793,Meta,MetaPrivacyPolicy,MetaPrivacyPolicy.pdf,4,4,To research and innovate for social good,"We use information we have, information from researchers and datasets from publicly available sources, professional groups and charitable groups to conduct and support research.",0,low
S000794,Meta,MetaPrivacyPolicy,MetaPrivacyPolicy.pdf,5,5,Why and how we process your information,How is your information shared on Meta Products or with integrated partners?,0,low
S000795,Meta,MetaPrivacyPolicy,MetaPrivacyPolicy.pdf,5,5,Products,People and accounts that you share and communicate with Content that others share or reshare about you.,0,low
S000796,Meta,MetaPrivacyPolicy,MetaPrivacyPolicy.pdf,5,5,With integrated partners,"You can choose to connect with who use our Products. If you do, these integrated partners receive information about you and your activity. integrated partners These integrated partners can always access information that's public on our Products. Learn more about other information they receive and how they handle your information: Manage apps and websites How do we share information with third parties?",0,low
S000798,Meta,MetaPrivacyPolicy,MetaPrivacyPolicy.pdf,6,6,Privacy Centre,"Highlights We don't sell any of your information to anyone and we never will. We also require and other to follow rules about how they can and cannot use and disclose the information that we provide. partners third parties Here's more detail about who we share information with: We also share information with other in response to legal requests, to comply with applicable law or to prevent harm. . third parties",0,low
S000800,Meta,MetaPrivacyPolicy,MetaPrivacyPolicy.pdf,7,7,Read the Policy,"And if we sell or transfer all or part of our business to someone else, in some cases, we'll give the new owner your information as part of that transaction, but only as the law allows. How do the Meta Companies work together?",0,low
S000801,Meta,MetaPrivacyPolicy,MetaPrivacyPolicy.pdf,8,8,Highlights,"We are part of the that provide Meta Company Products. include all of the covered by this Policy, plus other products, such as WhatsApp and more.",0,low
S000802,Meta,MetaPrivacyPolicy,MetaPrivacyPolicy.pdf,8,8,Meta Products,"We share the information that we collect, infrastructure, systems and technology with the other Meta Companies. about how we transfer information to other countries.",0,low
S000803,Meta,MetaPrivacyPolicy,MetaPrivacyPolicy.pdf,8,8,Learn more,"We also process information that we receive about you from other Meta Companies, according to their terms and policies and as permitted by applicable law. In some cases,",0,low
S000804,Meta,MetaPrivacyPolicy,MetaPrivacyPolicy.pdf,8,8,Learn more,Meta acts as a for other Meta Companies. We act on their behalf and in accordance with their instructions and terms. service provider,0,low
S000805,Meta,MetaPrivacyPolicy,MetaPrivacyPolicy.pdf,8,8,Learn more,Why we share across the Meta Companies Meta Products share information with other Meta Companies: To understand how people use and interact with Meta Company Products of why we share.,0,low
S000807,Meta,MetaPrivacyPolicy,MetaPrivacyPolicy.pdf,8,8,Facebook Help Centre,How can you manage or delete your information and exercise your rights?,2,medium
S000808,Meta,MetaPrivacyPolicy,MetaPrivacyPolicy.pdf,9,9,Highlights,"We offer you a variety of tools to view, manage, download and delete your information below. You can also manage your information by visiting the settings of the Products you use. You may also have other privacy rights under applicable laws.",1,medium
S000809,Meta,MetaPrivacyPolicy,MetaPrivacyPolicy.pdf,9,9,Highlights,"To exercise your rights, visit our Help Centres, your settings for Facebook and Instagram and your device-based settings.",1,medium
S000810,Meta,MetaPrivacyPolicy,MetaPrivacyPolicy.pdf,9,9,Delete your information or account,"You can learn more about how privacy works on and on , and in the . If you have any questions about this policy, you can as described below. In some countries, you may also be able to contact the Data Protection Officer for Meta Platforms, Inc., and depending on your jurisdiction, you may also contact your local Data Protection Authority (""DPA"") directly.",2,medium
S000811,Meta,MetaPrivacyPolicy,MetaPrivacyPolicy.pdf,9,9,Instagram,Facebook Help Centre contact us How long do we keep your information for?,0,low
S000812,Meta,MetaPrivacyPolicy,MetaPrivacyPolicy.pdf,10,10,Highlights,"We keep information for as long as we need it to provide our products, comply with legal obligations or to protect our or other's interests. We decide how long we need information on a case-by-case basis. Here's what we consider when we decide: If we need it to operate or provide our products. For example, we need to keep some of your information to maintain your account. . The feature that we use it for and how that feature works. For example, messages sent using Messenger's vanish mode are retained for less time than regular messages. .",0,low
S000813,Meta,MetaPrivacyPolicy,MetaPrivacyPolicy.pdf,10,10,Highlights,"How long we need to retain the information for to comply with certain legal obligations. . If we need it for other legitimate purposes, such as to prevent harm; investigate possible violations of our terms or policies; promote safety, security and integrity; or protect ourselves, including our rights, property or products",0,low
S000814,Meta,MetaPrivacyPolicy,MetaPrivacyPolicy.pdf,10,10,See some examples,"In some instances and for specific reasons, we'll keep information for an extended period of time. about when we may preserve your information.",0,low
S000815,Meta,MetaPrivacyPolicy,MetaPrivacyPolicy.pdf,10,10,See some examples,Read our Policy How do we transfer information?,0,low
S000816,Meta,MetaPrivacyPolicy,MetaPrivacyPolicy.pdf,10,10,See some examples,Highlights Why is information transferred to other countries? Where is information transferred? How do we safeguard your information?,0,low
S000817,Meta,MetaPrivacyPolicy,MetaPrivacyPolicy.pdf,10,10,See some examples,"How do we respond to legal requests, comply with applicable law and prevent harm?",0,low
S000818,Meta,MetaPrivacyPolicy,MetaPrivacyPolicy.pdf,10,10,See some examples,"Highlights We access, preserve, use and share your information: In response to legal requests, such as search warrants, court orders, production orders or subpoenas. These requests come from such as civil litigants, law enforcement and other government authorities. about when we respond to legal requests.",1,medium
S000820,Meta,MetaPrivacyPolicy,MetaPrivacyPolicy.pdf,11,11,In accordance with applicable law,"To promote the safety, security and integrity of , users, employees, property and the public. . third parties",0,low
S000821,Meta,MetaPrivacyPolicy,MetaPrivacyPolicy.pdf,11,11,Meta Products,Learn more We may access or preserve your information for an extended amount of time. .,0,low
S000822,Meta,MetaPrivacyPolicy,MetaPrivacyPolicy.pdf,11,11,Meta Products,Learn more How will you know that the Policy has changed? We'll notify you before we make material changes to this Policy. You'll have the opportunity to review the revised Policy before you choose to continue using our products.,0,low
S000823,Meta,MetaPrivacyPolicy,MetaPrivacyPolicy.pdf,11,11,How to contact Meta with questions,"You can learn more about how privacy works on and on , and in the . If you have any questions about this policy or have any questions, complaints or requests regarding your information, you can contact us as described below.",1,medium
S000824,Meta,MetaPrivacyPolicy,MetaPrivacyPolicy.pdf,11,11,Facebook Help Centre,"You can contact us or by post at: online Meta Platforms, Inc.",0,low
S000825,Meta,MetaPrivacyPolicy,MetaPrivacyPolicy.pdf,11,11,Why and how we process your information,"The categories of information we use, and why and how information is processed, are set out below: Personalising Meta Products Why and how we process your information:",0,low
S000827,Meta,MetaPrivacyPolicy,MetaPrivacyPolicy.pdf,11,11,Why and how we process your information,"Our systems automatically process information that we've collected and stored associated with you and others to assess and understand your interests and preferences and provide you with personalised experiences on and across the Meta Company Products in accordance with our terms. This is how we: Personalise features and content (such as your , , our features that are part of and Stories);",0,low
S000829,Meta,MetaPrivacyPolicy,MetaPrivacyPolicy.pdf,11,11,"Personalise the ads that people see, and","Make suggestions for you (such as people that you may know, groups or events that you may be interested in or topics that you may want to follow) on and off our",0,low
S000830,Meta,MetaPrivacyPolicy,MetaPrivacyPolicy.pdf,12,12,AI at Meta,Products.,0,low
S000831,Meta,MetaPrivacyPolicy,MetaPrivacyPolicy.pdf,12,12,AI at Meta,"Our ads system prioritises what ad to show you based on what audience advertisers want to reach. Then, we match the ad to people who might be interested. about how our ads system works.",0,low
S000832,Meta,MetaPrivacyPolicy,MetaPrivacyPolicy.pdf,12,12,AI at Meta,Learn more about how we choose the ads that you see.,0,low
S000833,Meta,MetaPrivacyPolicy,MetaPrivacyPolicy.pdf,12,12,AI at Meta,"Learn more detail on each information category). The actual information that we use depends on your factual circumstances, but could include any of the following: Content that you provide through our camera feature or your camera roll settings, or through our voice-enabled features about content and messages, subject to applicable law Interactions with our features that are part of AI at Meta and related metadata. For example, information such as content and messages that you or others exchange with these features",0,low
S000835,Meta,MetaPrivacyPolicy,MetaPrivacyPolicy.pdf,12,12,"Friends, followers and other connections characteristics and device software","What you're doing on your device, such as whether our app is in the foreground or if your mouse is moving (which can help tell humans from bots)",0,low
S000836,Meta,MetaPrivacyPolicy,MetaPrivacyPolicy.pdf,12,12,Identifiers that tell your device apart from other users',Device signals Information that you've shared through your device settings (e.g. GPS location),0,low
S000837,Meta,MetaPrivacyPolicy,MetaPrivacyPolicy.pdf,12,12,"Information from partners, vendors and third parties","For WhatsApp users, about what information is shared with Meta. learn more",0,low
S000838,Meta,MetaPrivacyPolicy,MetaPrivacyPolicy.pdf,13,13,Associating your accounts,"Why and how we process your information: WhatsApp account in the same Accounts Centre and share your information with WhatsApp. detail on each information category). The actual information that we use depends on your factual circumstances, but could include any of the following: Note: The list below is about information from Meta. For information that WhatsApp shares with Meta, see the .",0,low
S000840,Meta,MetaPrivacyPolicy,MetaPrivacyPolicy.pdf,13,13,"Friends, followers and other connections","Providing and improving Meta Products Why and how we process your information: The provision of the Meta Products includes collecting, storing and, where relevant, sharing, profiling, reviewing and curating, and in some instances not only automated processing, but also manual (human) reviewing, to:",0,low
S000842,Meta,MetaPrivacyPolicy,MetaPrivacyPolicy.pdf,13,13,Create and maintain your account and profile,"Connect your Meta Products account, including your public profile information, to an integrated partner to sign in or share your information",0,low
S000843,Meta,MetaPrivacyPolicy,MetaPrivacyPolicy.pdf,13,13,Provide advertising products,"Provide our features that are part of that do things such as create and understand content (e.g. text, audio, images and videos) and perform actions",0,low
S000844,Meta,MetaPrivacyPolicy,MetaPrivacyPolicy.pdf,13,13,Facilitate your purchases and payments on Meta Pay or other Meta checkout experiences,"See if our Products are working correctly, such as troubleshooting and fixing it when it's not working",0,low
S000845,Meta,MetaPrivacyPolicy,MetaPrivacyPolicy.pdf,13,13,AI at Meta,"We also use information to develop, research and test improvements to Meta Products. We use information that we have to: Conduct surveys and other research about what you like about our Products and brands and on what we can do better for Meta Products and brands detail on each information category). The actual information that we use depends on your factual circumstances, but could include any of the following:",0,low
S000847,Meta,MetaPrivacyPolicy,MetaPrivacyPolicy.pdf,14,14,"Your public profile information (including your name, username and profile picture)","Content that you provide through our camera feature or your camera roll settings, or through our voice-enabled features",0,low
S000848,Meta,MetaPrivacyPolicy,MetaPrivacyPolicy.pdf,14,14,"Messages that you send and receive, including their content, subject to applicable law","Metadata about content and messages, subject to applicable law Interactions with our features that are part of AI at Meta and related metadata. For example, information such as content and messages that you or others exchange with these features",0,low
S000849,Meta,MetaPrivacyPolicy,MetaPrivacyPolicy.pdf,14,14,Device characteristics and device software,"What you're doing on your device, such as whether our app is in the foreground or if your mouse is moving (which can help tell humans from bots)",0,low
S000850,Meta,MetaPrivacyPolicy,MetaPrivacyPolicy.pdf,15,15,"Information from partners, vendors and third parties",Developing and improving AI at Meta Why and how we process your information: Develop and improve for Meta Products and for third parties.,0,low
S000852,Meta,MetaPrivacyPolicy,MetaPrivacyPolicy.pdf,15,15,"Information from partners, vendors and third parties","AI at Meta detail on each information category). The actual information that we use depends on your factual circumstances, but could include any of the following: that you or others create or share, such as posts, comments or audio on Meta Products Interactions with our features that are part of AI at Meta and related metadata. For example, information such as content and messages that you or others exchange with these features.",0,low
S000853,Meta,MetaPrivacyPolicy,MetaPrivacyPolicy.pdf,15,15,"Information from partners, vendors and third parties","Promoting safety, integrity and security on and across the Meta Products Why and how we process your information: The Meta Products are designed to research and help ensure the safety, integrity and security of those services and those people who enjoy them, on and off Meta Products. We process the information that we have associated with you and apply automated processing techniques and, in some instances, conduct manual (human) review to:",0,low
S000855,Meta,MetaPrivacyPolicy,MetaPrivacyPolicy.pdf,15,15,"Information from partners, vendors and third parties","Verify accounts and activity Find and address violations of our terms or policies. In some cases, the decisions that we make about violations are reviewed by the",0,low
S000856,Meta,MetaPrivacyPolicy,MetaPrivacyPolicy.pdf,15,15,Investigate suspicious activity,"Detect, prevent and combat harmful or unlawful behaviour, such as to review and, in some cases, remove content reported to us",0,low
S000857,Meta,MetaPrivacyPolicy,MetaPrivacyPolicy.pdf,15,15,Oversight Board,"For more information on safety, integrity and security generally on Meta Products, visit the and .",0,low
S000858,Meta,MetaPrivacyPolicy,MetaPrivacyPolicy.pdf,16,16,Instagram security tips,"detail on each information category). The actual information that we use depends on your factual circumstances, but could include any of the following: Content that you provide through our camera feature or your camera roll settings, or through our voice-enabled features",0,low
S000860,Meta,MetaPrivacyPolicy,MetaPrivacyPolicy.pdf,16,16,"Metadata about content and messages, subject to applicable law",Interactions with our features that are part of and related metadata.,0,low
S000861,Meta,MetaPrivacyPolicy,MetaPrivacyPolicy.pdf,16,16,Device characteristics and device software,"What you're doing on your device, such as whether our app is in the foreground or if your mouse is moving (which can help tell humans from bots)",0,low
S000862,Meta,MetaPrivacyPolicy,MetaPrivacyPolicy.pdf,16,16,"Information from partners, vendors and third parties","Communicating with you Why and how we process your information: We use information that you've given us (such as contact information on your profile) to send you a communication, such as an email or in-product notice, for example:",0,low
S000864,Meta,MetaPrivacyPolicy,MetaPrivacyPolicy.pdf,17,17,We'll contact you via email or in-product notifications in relation to the Meta,"Products, product-related issues, research or to let you know about our terms and policies.",0,low
S000865,Meta,MetaPrivacyPolicy,MetaPrivacyPolicy.pdf,17,17,We'll contact you via email or in-product notifications in relation to the Meta,"We also use contact information such as your email address to respond when you contact us. detail on each information category). The actual information that we use depends on your factual circumstances, but could include any of the following: Content that you provide through our camera feature or your camera roll settings, or through our voice-enabled features",0,low
S000867,Meta,MetaPrivacyPolicy,MetaPrivacyPolicy.pdf,17,17,Device characteristics and device software,"What you're doing on your device, such as whether our app is in the foreground or if your mouse is moving (which can help tell humans from bots)",0,low
S000868,Meta,MetaPrivacyPolicy,MetaPrivacyPolicy.pdf,17,17,Location-related information,"Information about the network that you connect your device to, including your IP address Information from cookies and similar technologies.",0,low
S000869,Meta,MetaPrivacyPolicy,MetaPrivacyPolicy.pdf,17,17,Location-related information,"Transferring, storing or processing your information globally Why and how we process your information: Transferring, storing or processing your information across borders, including from and to the United States and other countries: We share information that we collect globally, both internally across our offices and data centres and externally with our , and . Because Meta is global, with users, partners, vendors and employees around the world, transfers are necessary: partners third parties service providers",0,low
S000871,Meta,MetaPrivacyPolicy,MetaPrivacyPolicy.pdf,17,17,Location-related information,"To operate and provide the services described in the terms that apply to the Meta Product(s) you are using. This includes allowing you to share information and connect with your family and friends around the globe; and To fix, analyse and improve our Products.",0,low
S000872,Meta,MetaPrivacyPolicy,MetaPrivacyPolicy.pdf,17,17,Location-related information,"For more information, see the section of the Meta Privacy Policy. ""How do we transfer information?""",0,low
S000873,Meta,MetaPrivacyPolicy,MetaPrivacyPolicy.pdf,18,18,Location-related information,"detail on each information category). The actual information that we use depends on your factual circumstances, but could include any of the following: Content that you provide through our camera feature or your camera roll settings, or through our voice-enabled features",0,low
S000875,Meta,MetaPrivacyPolicy,MetaPrivacyPolicy.pdf,18,18,"Metadata about content and messages, subject to applicable law",Interactions with our features that are part of and related metadata.,0,low
S000876,Meta,MetaPrivacyPolicy,MetaPrivacyPolicy.pdf,18,18,Device characteristics and device software,"What you're doing on your device, such as whether our app is in the foreground or if your mouse is moving (which can help tell humans from bots)",0,low
S000877,Meta,MetaPrivacyPolicy,MetaPrivacyPolicy.pdf,18,18,"Information from partners, vendors and third parties","Processing information with special protections Why and how we process your information: Processing information subject to special protections under applicable laws that you provide so that we can share it with those you choose, to provide, personalise and improve our Products and to undertake analytics. We'll collect, store, publish and apply automated, or sometimes manual (human), processing for these purposes.",0,low
S000879,Meta,MetaPrivacyPolicy,MetaPrivacyPolicy.pdf,19,19,"Information from partners, vendors and third parties","detail on each information category). The actual information that we use depends on your factual circumstances, but could include any of the following: Any information with special protections that you choose to provide, such as your religious views, your sexual orientation, political views, health, racial or ethnic origin, philosophical beliefs or trade union membership, or as part of surveys that you choose to participate in, or where you have given your explicit consent",1,medium
S000881,Meta,MetaPrivacyPolicy,MetaPrivacyPolicy.pdf,19,19,"Information from partners, vendors and third parties","Using information from third parties for personalising ads Why and how we process your information: Receiving and using information from third parties to tailor the ads you see: we'll use information that advertisers, businesses and other partners provide us with about activity off the Meta Company Products that we have associated with you to personalise ads that we show you on our Products, and on websites, apps and devices that use our advertising services. We receive this information whether or not you're logged in or have an account on our Products – see the for more information.",0,low
S000883,Meta,MetaPrivacyPolicy,MetaPrivacyPolicy.pdf,19,19,"Information from partners, vendors and third parties","Cookies Policy detail on each information category). The actual information that we use depends on your factual circumstances, but could include any of the following: Sharing information with third parties at your request Why and how we process your information:",0,low
S000885,Meta,MetaPrivacyPolicy,MetaPrivacyPolicy.pdf,19,19,"Information from partners, vendors and third parties","The type of third party and categories of information shared depend on the circumstances of what you ask us to share. For example: We share your email address (or other contact information) or other information you might choose when you direct us to share it with an advertiser so they can contact you with additional information about a promoted product, and",0,low
S000887,Meta,MetaPrivacyPolicy,MetaPrivacyPolicy.pdf,19,19,"Information from partners, vendors and third parties","If you choose to integrate other apps, games or websites with Meta Products and log in, we'll share your information with the app, game or website to log you in. detail on each information category). The actual information that we use depends on your factual circumstances, but could include any of the following: Providing measurement, analytics and business services Why and how we process your information:",0,low
S000889,Meta,MetaPrivacyPolicy,MetaPrivacyPolicy.pdf,20,20,"Content you create, such as posts or comments","Our systems automatically, as well as with some manual (human) processing, process information that we've collected and stored about you and others. We use this information to: Provide insights and measurement reports to businesses, advertisers and other partners to help them measure the effectiveness and distribution of their or their clients' ads, content and services, to understand the kinds of people who are seeing their content and ads, and how their content and ads are performing on and off Meta Products, and",0,low
S000891,Meta,MetaPrivacyPolicy,MetaPrivacyPolicy.pdf,20,20,"Content you create, such as posts or comments","Provide aggregated user analytics and insights reports that help users, businesses, advertisers and other partners better understand the audiences with whom they may want to connect, as well as the types of people who use their services and how people interact with their content, websites, apps and services. detail on each information category). The actual information that we use depends on your factual circumstances, but could include any of the following: Content that you provide through our camera feature or your camera roll settings, or through our voice-enabled features",0,low
S000893,Meta,MetaPrivacyPolicy,MetaPrivacyPolicy.pdf,20,20,"Content that you create, such as posts, comments or audio",Interactions with our features that are part of and related metadata.,0,low
S000894,Meta,MetaPrivacyPolicy,MetaPrivacyPolicy.pdf,20,20,Device characteristics and device software,"What you're doing on your device, such as whether our app is in the foreground or if your mouse is moving (which can help tell humans from bots)",0,low
S000895,Meta,MetaPrivacyPolicy,MetaPrivacyPolicy.pdf,21,21,Information from cookies and similar technologies,"Providing a seamless experience Why and how we process your information: Sharing of information across the Meta Companies: Meta Company Products to enable cross app interactions, sharing, viewing and engaging with content, including posts and videos. detail on each information category). The actual information that we use depends on your factual circumstances, but could include any of the following:",0,low
S000897,Meta,MetaPrivacyPolicy,MetaPrivacyPolicy.pdf,21,21,"Content that you create, such as posts, comments or audio","Content that you provide through our camera feature or your camera roll settings, or through our voice-enabled features",0,low
S000898,Meta,MetaPrivacyPolicy,MetaPrivacyPolicy.pdf,21,21,"Metadata about content and messages, subject to applicable law",Interactions with our features that are part of and related metadata.,0,low
S000899,Meta,MetaPrivacyPolicy,MetaPrivacyPolicy.pdf,21,21,Device characteristics and device software,"What you're doing on your device, such as whether our app is in the foreground or if your mouse is moving (which can help tell humans from bots)",0,low
S000900,Meta,MetaPrivacyPolicy,MetaPrivacyPolicy.pdf,22,22,Information from cookies and similar technologies,"For WhatsApp users, about what information is shared with Meta. learn more",0,low
S000901,Meta,MetaPrivacyPolicy,MetaPrivacyPolicy.pdf,22,22,Information from cookies and similar technologies,"Business intelligence and analytics Why and how we process your information: To understand, in aggregate, your usage of and across our Products, to accurately count people and businesses; and",0,low
S000903,Meta,MetaPrivacyPolicy,MetaPrivacyPolicy.pdf,22,22,Information from cookies and similar technologies,"To validate metrics directly related to these, in order to inform and improve product direction and development and to adhere to (shareholder/earning) reporting obligations. detail on each information category). The actual information that we use depends on your factual circumstances, but could include any of the following: Content that you provide through our camera feature or your camera roll settings, or through our voice-enabled features",0,low
S000905,Meta,MetaPrivacyPolicy,MetaPrivacyPolicy.pdf,22,22,"Metadata about content and messages, subject to applicable law",Interactions with our features that are part of and related metadata.,0,low
S000906,Meta,MetaPrivacyPolicy,MetaPrivacyPolicy.pdf,22,22,Device characteristics and device software,"What you're doing on your device, such as whether our app is in the foreground or if your mouse is moving (which can help tell humans from bots)",0,low
S000907,Meta,MetaPrivacyPolicy,MetaPrivacyPolicy.pdf,23,23,"Information from partners, vendors and third parties",Personalising ads on Meta Audience Network Why and how we process your information: Identifying you as a Meta Product user and personalising the ads that we show you through when you visit other apps:,0,low
S000909,Meta,MetaPrivacyPolicy,MetaPrivacyPolicy.pdf,23,23,Meta Audience Network,"When we show you ads through Meta Audience Network when you visit other apps, our systems automatically process the information that we've collected and stored about you and others to identify you as a Meta Product user and tailor the ads that you see. detail on each information category). The actual information that we use depends on your factual circumstances, but could include any of the following: Content that you provide through our camera feature or your camera roll settings, or through our voice-enabled features",0,low
S000911,Meta,MetaPrivacyPolicy,MetaPrivacyPolicy.pdf,23,23,"Metadata about content and messages, subject to applicable law",Interactions with our features that are part of and related metadata.,0,low
S000912,Meta,MetaPrivacyPolicy,MetaPrivacyPolicy.pdf,23,23,Device characteristics and device software,"What you're doing on your device, such as whether our app is in the foreground or if your mouse is moving (which can help tell humans from bots)",0,low
S000913,Meta,MetaPrivacyPolicy,MetaPrivacyPolicy.pdf,24,24,Information from cookies and similar technologies,"Providing marketing communications Why and how we process your information: Depending on your settings, and subject to applicable law, we'll share marketing communications with you.",0,low
S000915,Meta,MetaPrivacyPolicy,MetaPrivacyPolicy.pdf,24,24,Information from cookies and similar technologies,"We'll collect and store your information and use it to send marketing communications to you, such as an email, subject to applicable laws. detail on each information category). The actual information that we use depends on your factual circumstances, but could include any of the following: Undertaking research and innovation for social good Why and how we process your information:",0,low
S000917,Meta,MetaPrivacyPolicy,MetaPrivacyPolicy.pdf,24,24,Device identifiers,"We carry out surveys and use information (including from researchers that we collaborate with) to conduct and support research and innovation on topics of general social welfare, technological advancement, public interest, health and wellbeing.",0,low
S000918,Meta,MetaPrivacyPolicy,MetaPrivacyPolicy.pdf,24,24,Device identifiers,"For example, we analyse information that we have about migration patterns during crises. This helps relief organisations get aid to the right places.",0,low
S000919,Meta,MetaPrivacyPolicy,MetaPrivacyPolicy.pdf,24,24,Device identifiers,"We collect, store, combine, analyse and apply automatic processing techniques such as aggregation of information as well as manual (human) review, and share information, as necessary to research and innovate for social good in this way. We support research in areas such as artificial intelligence and machine learning. about our research programmes.",0,low
S000920,Meta,MetaPrivacyPolicy,MetaPrivacyPolicy.pdf,24,24,Device identifiers,"Learn more detail on each information category). The actual information that we use depends on your factual circumstances, but could include any of the following: Content that you provide through our camera feature or your camera roll settings, or through our voice-enabled features",0,low
S000922,Meta,MetaPrivacyPolicy,MetaPrivacyPolicy.pdf,24,24,"Metadata about content and messages, subject to applicable law",Interactions with our features that are part of and related metadata.,0,low
S000923,Meta,MetaPrivacyPolicy,MetaPrivacyPolicy.pdf,25,25,AI at Meta,exchange with these features,0,low
S000924,Meta,MetaPrivacyPolicy,MetaPrivacyPolicy.pdf,25,25,Device characteristics and device software,"What you're doing on your device, such as whether our app is in the foreground or if your mouse is moving (which can help tell humans from bots)",0,low
S000925,Meta,MetaPrivacyPolicy,MetaPrivacyPolicy.pdf,25,25,"Information from partners, vendors and third parties","Anonymising your information Why and how we process your information: In some cases, we anonymise information we have associated with you, such as your activity on and off our Products, and use the resulting information, for example, to provide and improve our Meta Products, including ads. detail on each information category). The actual information that we use depends on your factual circumstances, but could include any of the following:",0,low
S000927,Meta,MetaPrivacyPolicy,MetaPrivacyPolicy.pdf,25,25,"Content that you create, such as posts, comments or audio","Content that you provide through our camera feature or your camera roll settings, or through our voice-enabled features",0,low
S000928,Meta,MetaPrivacyPolicy,MetaPrivacyPolicy.pdf,25,25,"Metadata about content and messages, subject to applicable law",Interactions with our features that are part of and related metadata.,0,low
S000929,Meta,MetaPrivacyPolicy,MetaPrivacyPolicy.pdf,26,26,Device characteristics and device software,"What you're doing on your device, such as whether our app is in the foreground or if your mouse is moving (which can help tell humans from bots)",0,low
S000930,Meta,MetaPrivacyPolicy,MetaPrivacyPolicy.pdf,26,26,"Information from partners, vendors and third parties","Sharing information with others including law enforcement and responding to legal requests Why and how we process your information: See the section of the Meta Privacy Policy for more information on when we share information with law enforcement and others. ""How do we respond to legal requests, prevent harm and promote safety and integrity?""",0,low
S000932,Meta,MetaPrivacyPolicy,MetaPrivacyPolicy.pdf,26,26,"Information from partners, vendors and third parties","The categories of information that we access, preserve, use and share depend on the specific circumstances. For example, responses to legal requests where not compelled by law will typically include limited information (such as contact details and login information).",0,low
S000933,Meta,MetaPrivacyPolicy,MetaPrivacyPolicy.pdf,26,26,"Information from partners, vendors and third parties","However, the information we process will depend on the purposes, which could include the following: In response to legal requests from third parties such as civil litigants, law enforcement and other government authorities",0,low
S000935,Meta,MetaPrivacyPolicy,MetaPrivacyPolicy.pdf,26,26,To comply with applicable law or legitimate legal purposes,"To promote the safety, security and integrity of Meta Companies, Meta Products, users, employees, property and the public about how we promote safety, security and integrity.",0,low
S000936,Meta,MetaPrivacyPolicy,MetaPrivacyPolicy.pdf,26,26,To comply with applicable law or legitimate legal purposes,"Learn more detail on each information category). The actual information that we use depends on your factual circumstances, but could include any of the following: Content that you provide through our camera feature or your camera roll settings, or through our voice-enabled features",0,low
S000938,Meta,MetaPrivacyPolicy,MetaPrivacyPolicy.pdf,27,27,"Metadata about content and messages, subject to applicable law",Interactions with our features that are part of and related metadata.,0,low
S000939,Meta,MetaPrivacyPolicy,MetaPrivacyPolicy.pdf,27,27,Device characteristics and device software,"What you're doing on your device, such as whether our app is in the foreground or if your mouse is moving (which can help tell humans from bots)",0,low
S000940,Meta,MetaPrivacyPolicy,MetaPrivacyPolicy.pdf,27,27,"Information from partners, vendors and third parties","Processing information when required by law Why and how we process your information: Where we are under an obligation to disclose information such as, for example, if we receive a valid legal request for certain information such as a search warrant, we will access, preserve and/or share your information with regulators, law enforcement or others.",0,low
S000942,Meta,MetaPrivacyPolicy,MetaPrivacyPolicy.pdf,27,27,"Information from partners, vendors and third parties","The way in which the information will be processed depends on the specific circumstances. See the section of the Meta Privacy Policy for more. "" "" provides information on the operational guidelines that law enforcement needs to follow. ""How do we respond to legal requests, prevent harm and promote safety and integrity?""",0,low
S000943,Meta,MetaPrivacyPolicy,MetaPrivacyPolicy.pdf,28,28,Information for Law Enforcement Authorities,"details on each information category). The actual information that we use depends on your factual circumstances, but could include any of the following: The categories of information depend on the specific circumstances of each mandatory request or obligation. Only the information necessary to comply with the relevant legal obligation will be shared or otherwise processed. For example, for civil matters, this will typically include limited information (such as contact details and login information). However, depending on the circumstances, it could include the following:",0,low
S000945,Meta,MetaPrivacyPolicy,MetaPrivacyPolicy.pdf,28,28,"Content that you create, such as posts, comments or audio","Content that you provide through our camera feature or your camera roll settings, or through our voice-enabled features",0,low
S000946,Meta,MetaPrivacyPolicy,MetaPrivacyPolicy.pdf,28,28,"Metadata about content and messages, subject to applicable law",Interactions with our features that are part of and related metadata.,0,low
S000947,Meta,MetaPrivacyPolicy,MetaPrivacyPolicy.pdf,28,28,Device characteristics and device software,"What you're doing on your device, such as whether our app is in the foreground or if your mouse is moving (which can help tell humans from bots)",0,low
S000948,Snapchat,Snap Commercial Content Policy,Snap Commercial Content Policy.docx,1,1,"Effective: July 2, 2026","Snapchat is an app that empowers people to express themselves, live in the moment, learn about the world, and have fun together. We want Snapchatters to have fun and to be safe, and those goals drive our policies. This Commercial Content Policy applies to content on the Snap platform other than ads served by Snap, which is sponsored by, promotes, or advertises any brand, products, goods, or service (including your own brand or business), and content you have been incentivized to post by receiving monetary payment or free gifts.",0,low
S000949,Snapchat,Snap Commercial Content Policy,Snap Commercial Content Policy.docx,1,1,"Effective: July 2, 2026","You must comply with Snap’s Terms of Service and Community Guidelines, and all other Snap policies governing the use of our Services. We may update our terms, policies and guidelines from time to time, so please check in and review them regularly.",0,low
S000950,Snapchat,Snap Commercial Content Policy,Snap Commercial Content Policy.docx,1,1,"Effective: July 2, 2026","You must be honest about the brands, products and services your content promotes; you must avoid content that misleads, deceives or offends; and you must never compromise our users’ privacy.",0,low
S000951,Snapchat,Snap Commercial Content Policy,Snap Commercial Content Policy.docx,1,1,Targeting and Compliance,"You are responsible for ensuring that your content, and any brand, product or service it promotes, is suitable for Snapchatters ages 13+. We may provide you the option to age target content you make available. If that content requires age targeting in this policy, or by applicable laws or industry standards in the region where the content will run, you are responsible for using those targeting options and selecting the correct age(s), and we will not be liable if you fail to do so. If a required age-target option is not available, do not post that content.",0,low
S000952,Snapchat,Snap Commercial Content Policy,Snap Commercial Content Policy.docx,1,1,Targeting and Compliance,"Commercial content that relates to housing, credit or employment and is directed or targeted (if applicable) toward a particular race, ethnicity, religion or belief, national origin, age, sexual orientation, gender, gender identity or expression, disability or condition, or toward any member of a protected class is not permitted.",0,low
S000953,Snapchat,Snap Commercial Content Policy,Snap Commercial Content Policy.docx,1,1,Targeting and Compliance,"You’re also responsible for ensuring that your content and any disclosures comply with all applicable laws, statutes, ordinances, rules, public order rules, industry codes and regulations.",0,low
S000954,Snapchat,Snap Commercial Content Policy,Snap Commercial Content Policy.docx,1,1,Targeting and Compliance,"French creators are encouraged to obtain a Responsible Influencer Certificate as well as to follow ARPP’s recommendations, in particular recommendations on responsible food-related communication, recommendations on responsible gambling communication, and recommendation on responsible communication about cosmetic goods.",0,low
S000955,Snapchat,Snap Commercial Content Policy,Snap Commercial Content Policy.docx,1,1,Disclosures,"All disclosures, disclaimers and warnings must be clear and conspicuous.",0,low
S000956,Snapchat,Snap Commercial Content Policy,Snap Commercial Content Policy.docx,1,1,Disclosures,"Commercial content must identify the commercial nature of the content, and any promoted brand. You must also use Snap's paid partnership tool to label this content, and if required, you must include any necessary disclaimer or watermark indicating that your commercial content is retouched.",0,low
S000957,Snapchat,Snap Commercial Content Policy,Snap Commercial Content Policy.docx,1,1,Disclosures,Here are some example scenarios of when you might need to use the paid partnership tool: You’re a creator who makes roller skating videos. A roller skate brand sends you money for you to mention their brand in a Snap.,0,low
S000959,Snapchat,Snap Commercial Content Policy,Snap Commercial Content Policy.docx,1,1,Disclosures,"Do you need to apply the “paid partnership” label? Yes, because you are paid to promote.",0,low
S000960,Snapchat,Snap Commercial Content Policy,Snap Commercial Content Policy.docx,1,1,Disclosures,"The roller skate brand does not send you money, but they do send you a pair of roller skates for “free” — with a request that you make a review of the skates if you like them.",0,low
S000961,Snapchat,Snap Commercial Content Policy,Snap Commercial Content Policy.docx,1,1,Disclosures,"Do you need to apply the “paid partnership” label? Yes, because you received something of value (the skates) in exchange for promotion.",0,low
S000962,Snapchat,Snap Commercial Content Policy,Snap Commercial Content Policy.docx,1,1,Disclosures,"The roller skate brand does not give you the skates to keep, but they do let you borrow some skates for a video, if you mention their brand or show the logo somewhere.",0,low
S000963,Snapchat,Snap Commercial Content Policy,Snap Commercial Content Policy.docx,1,1,Disclosures,Do you need to apply the “paid partnership” label? Yes.,0,low
S000964,Snapchat,Snap Commercial Content Policy,Snap Commercial Content Policy.docx,1,1,Disclosures,You buy the skates yourself in order to review them; you also do this for other skate brands.,0,low
S000965,Snapchat,Snap Commercial Content Policy,Snap Commercial Content Policy.docx,1,1,Disclosures,"Do you need to apply the “paid partnership” label? No, because you’re not being paid by the brand in any way.",0,low
S000966,Snapchat,Snap Commercial Content Policy,Snap Commercial Content Policy.docx,1,1,Disclosures,You make and sell roller skates.,0,low
S000967,Snapchat,Snap Commercial Content Policy,Snap Commercial Content Policy.docx,1,1,Disclosures,"Do you need to apply the “paid partnership” label? Yes, to disclose that you are incentivized to endorse the roller skates.",0,low
S000968,Snapchat,Snap Commercial Content Policy,Snap Commercial Content Policy.docx,1,1,Disclosures,"You understand that commercial content posted by you on your public profile may also be made available in the For You section of Snapchat and you will ensure that all disclosures are also appropriate in that context. In order for your commercial content to reach the widest possible audience on Stories, Spotlight, the Map, or other areas of the app, your disclosures must be visible and appropriate in those contexts. For example: if you post 6 Snaps of commercial content, but only the first Snap disclosed the commercial nature, then only the first Snap is eligible for amplification beyond your Public Profile.",0,low
S000969,Snapchat,Snap Commercial Content Policy,Snap Commercial Content Policy.docx,1,1,Privacy: Data Collection & Usage,"If you ask Snapchatters for personal information, you must make it clear that you, not Snap, are collecting the data, and you must make a privacy policy readily available where any personal information is collected.",0,low
S000970,Snapchat,Snap Commercial Content Policy,Snap Commercial Content Policy.docx,1,1,Privacy: Data Collection & Usage,"Commercial content may not collect information about racial or ethnic origin, political opinion, religious or philosophical beliefs, trade-union membership, health, sex life or medical history.",0,low
S000971,Snapchat,Snap Commercial Content Policy,Snap Commercial Content Policy.docx,1,1,Privacy: Data Collection & Usage,Personal information must be collected and processed securely.,0,low
S000972,Snapchat,Snap Commercial Content Policy,Snap Commercial Content Policy.docx,1,1,Intellectual Property,"Commercial content must not infringe the intellectual property, privacy, publicity or other legal rights of any person or entity. You must have all necessary rights and permissions for all elements of your content, including for use of any Snap provided content, like music, lenses and geofilters. Don’t feature the name, likeness (including look-alikes), voice (including sound-alikes) or other identifying features of an individual or brand without their consent.",2,medium
S000973,Snapchat,Snap Commercial Content Policy,Snap Commercial Content Policy.docx,1,1,Intellectual Property,"If you believe your copyright, trademark or publicity rights have been infringed by commercial content on Snapchat, we encourage you to attempt to contact and resolve your concerns with the publisher directly. Alternatively, rights holders and their agents can report alleged intellectual property infringement to Snap here. We take all such reports seriously.",0,low
S000974,Snapchat,Snap Commercial Content Policy,Snap Commercial Content Policy.docx,1,1,References to Snap,"Commercial content must not suggest an affiliation with or endorsement by Snap or its products. This means that commercial content must not use any Snap-owned trademark, Bitmoji artwork or representations of the Snapchat user interface, except as permitted in the Snapchat Brand Guidelines or the Bitmoji Brand Guidelines. Commercial content must also not contain altered or confusingly similar variations of any Snap-owned trademark.",0,low
S000975,Snapchat,Snap Commercial Content Policy,Snap Commercial Content Policy.docx,1,1,Promotions,Promotions on Snapchat are subject to Snap’s Promotion Rules.,0,low
S000976,Snapchat,Snap Commercial Content Policy,Snap Commercial Content Policy.docx,1,1,Alcohol,"Commercial content that promotes alcohol must not be directed at anyone under the applicable legal drinking age where the content is being displayed, or to places where such content is not permitted. You must use available targeting options. Such content must not depict excessive or irresponsible consumption of alcohol or drunk or otherwise intoxicated individuals.",0,low
S000977,Snapchat,Snap Commercial Content Policy,Snap Commercial Content Policy.docx,1,1,Dating Services,"Commercial content that promotes a dating service must not be directed at anyone under the age of 18. You must use available targeting options. Such content must not be overtly sexual in nature, reference transactional companionship, promote or glamorise infidelity, or depict individuals who are, or appear to be, too young to use the service. Snap does not permit directing content for online dating services to the following countries: Algeria, Bahrain, Egypt, Gaza and the West Bank, Iraq, Japan, Jordan, Kuwait, Lebanon, Morocco, Oman, Pakistan, Qatar, Saudi Arabia, Tunisia, and the United Arab Emirates.",0,low
S000978,Snapchat,Snap Commercial Content Policy,Snap Commercial Content Policy.docx,1,1,Diet and Fitness,Commercial content that promotes weight loss products or services must not be directed at anyone under the age of 18. You must use available targeting options. Such content must not contain false claims or inaccurate descriptions of food products including associated health and nutritional claims.,0,low
S000979,Snapchat,Snap Commercial Content Policy,Snap Commercial Content Policy.docx,1,1,Gambling Services,"Commercial content that promotes gambling services must not be directed at anyone under the applicable legal gambling age where the content is being displayed, or to places where such content is not permitted. You must use available targeting options.",0,low
S000980,Snapchat,Snap Commercial Content Policy,Snap Commercial Content Policy.docx,1,1,Financial Products & Services,"Commercial content that promotes certain complex financial products, which may include cryptocurrency wallets and trading platforms, must not be directed at anyone under the applicable legal age where the content is being displayed or to places where such content is not permitted. You must use available targeting options.",0,low
S000981,Snapchat,Snap Commercial Content Policy,Snap Commercial Content Policy.docx,1,1,Pharmaceutical & Healthcare,"Commercial content that promotes pharmaceutical products and services, including online pharmacies, prescription medicines, over the counter medicines, health and dietary supplements, condoms, hormonal contraceptives, or cosmetic surgery/procedures must not be directed at anyone under the applicable legal age where the content is being displayed or to places where such content is not permitted. You must use available targeting options.",0,low
S000982,Snapchat,Snap Commercial Content Policy,Snap Commercial Content Policy.docx,1,1,Political and Advocacy Advertising,"Commercial content that relates to the following is not permitted: Election-related content about candidates or parties for public office, ballot measures or referendums, political action committees, and content that urges people to vote or register to vote.",0,low
S000984,Snapchat,Snap Commercial Content Policy,Snap Commercial Content Policy.docx,1,1,Political and Advocacy Advertising,"Advocacy or issue content concerning issues or organizations that are the subject of debate on a local, national or global level, or of public importance. Examples include: content about abortion, immigration, the environment, education, discrimination and guns.",0,low
S000985,Snapchat,Snap Commercial Content Policy,Snap Commercial Content Policy.docx,1,1,Political and Advocacy Advertising,"In the European Union this includes any content by, for or on behalf of a political actor, which means a political party, political alliance, a candidate for or holder of any elected office at Union, national, regional and local level, or any leadership position within a political party, or member of Union institutions, or content that is liable and designed to influence the outcome of an election or referendum, voting behaviour or a legislative or regulatory process.",0,low
S000986,Snapchat,Snap Commercial Content Policy,Snap Commercial Content Policy.docx,1,1,Political and Advocacy Advertising,"Snapchatters are free to express their own political opinions, but Snap restricts the paid promotion of political messaging to traditional ad formats in approved markets (which excludes the European Union). This is in order to be responsible to our community and to maintain transparency. For more details on political advertising, please view our Advertising Policies.",0,low
S000987,Snapchat,Snap Commercial Content Policy,Snap Commercial Content Policy.docx,1,1,Prohibited Content,"Please familiarize yourself with our Community Guidelines, which are the baseline standard for all content on Snapchat, including commercial content. In the context of commercial content, we further prohibit: Depictions or graphic descriptions of genitalia in any context, exposed nipples or bare buttocks, or partially-obscured nudity (e.g., a person that is naked except for body paint or emojis)",0,low
S000989,Snapchat,Snap Commercial Content Policy,Snap Commercial Content Policy.docx,1,1,Sexual solicitation of any kind,"Depictions of, or references to specific sex acts, in any context. This includes gestures that imitate a specific sex act, with or without props",0,low
S000990,Snapchat,Snap Commercial Content Policy,Snap Commercial Content Policy.docx,1,1,Dating services that emphasize casual sexual encounters,"Adult entertainment (e.g., pornography, sexual live streams, strip clubs, burlesque)",0,low
S000991,Snapchat,Snap Commercial Content Policy,Snap Commercial Content Policy.docx,1,1,Harassment,Bullying or shaming. For example: commercial content related to fitness must not belittle anyone on the basis of body shape or size.,0,low
S000992,Snapchat,Snap Commercial Content Policy,Snap Commercial Content Policy.docx,1,1,"Graphic, real-life violence outside of a news or documentary context","Glorification of violence, including any glorification of self-harm, war, murder, abuse or animal abuse",0,low
S000993,Snapchat,Snap Commercial Content Policy,Snap Commercial Content Policy.docx,1,1,"Graphic, real-life violence outside of a news or documentary context","Disturbing, graphic depictions of serious bodily harm that could result in death or long-term injury.",0,low
S000994,Snapchat,Snap Commercial Content Policy,Snap Commercial Content Policy.docx,1,1,"False or misleading content, including deceptive claims, offers, functionality, or business practices","Promotion of fraudulent goods or services, including counterfeit documents or certificates, or counterfeit products",0,low
S000995,Snapchat,Snap Commercial Content Policy,Snap Commercial Content Policy.docx,1,1,Creating or sharing content that mimics the appearance or function of Snapchat features or formats,"Deceiving calls to action, or bait-and-switch links to landing pages unrelated to the brand or content being promoted",0,low
S000996,Snapchat,Snap Commercial Content Policy,Snap Commercial Content Policy.docx,1,1,Creating or sharing content that mimics the appearance or function of Snapchat features or formats,"Cloaking, otherwise restricting landing page access, or modifications to URL content following submission in an attempt to circumvent review",0,low
S000997,Snapchat,Snap Commercial Content Policy,Snap Commercial Content Policy.docx,1,1,Creating or sharing content that mimics the appearance or function of Snapchat features or formats,"Encouraging dishonest behavior. (e.g., commercial content related to fake IDs, plagiarism, essay writing services)",0,low
S000998,Snapchat,Snap Commercial Content Policy,Snap Commercial Content Policy.docx,1,1,"Non-delivery of goods, or misrepresented shipping delays or inventory constraints","Products or services principally dedicated to selling counterfeit products, such as imitations of designer or officially-licensed products",0,low
S000999,Snapchat,Snap Commercial Content Policy,Snap Commercial Content Policy.docx,1,1,Products or services with false celebrity testimonials or usage,"Deceptive financial products such as, payday loans, predatory lending, insider tips relating to financial products or services, get-rich-quick offers, pyramid schemes or other deceptive or too-good-to-be true financial offers,",0,low
S001000,Snapchat,Snap Commercial Content Policy,Snap Commercial Content Policy.docx,1,1,"Hate Speech, Hate Groups, Terrorism and Violent Extremism","Content that demeans, degrades, discriminates or shows hate toward a particular race, ethnicity, culture, country, belief, national origin, age, sexual orientation, gender, gender identity or expression, disability or condition, or toward any member of a protected class",0,low
S001001,Snapchat,Snap Commercial Content Policy,Snap Commercial Content Policy.docx,1,1,Illegal Activity,"Facilitating or encouraging illegal activity (conduct, products, or enterprises). For example: promoting the illegal wildlife trade, or products and services derived from endangered or threatened species",0,low
S001003,Snapchat,Snap Commercial Content Policy,Snap Commercial Content Policy.docx,1,1,Illegal Activity,"products or services principally used to infringe the intellectual property rights of others, such as those designed to bypass copyright protection mechanisms (for example, software or cable signal descramblers)",0,low
S001004,Snapchat,Snap Commercial Content Policy,Snap Commercial Content Policy.docx,1,1,Dangerous Activities,"Encouraging or enlisting participation in dangerous or harmful activities, such as Snapping while driving or ingesting non-food items.",0,low
S001005,Snapchat,Snap Commercial Content Policy,Snap Commercial Content Policy.docx,1,1,Drugs and Tobacco,The depiction of illegal drug use or the recreational use of pharmaceuticals.,0,low
S001006,Snapchat,Snap Commercial Content Policy,Snap Commercial Content Policy.docx,1,1,Drugs and Tobacco,"The depiction of smoking or vaping, except in the context of public health messaging or smoking cessation.",0,low
S001007,Snapchat,Snap Commercial Content Policy,Snap Commercial Content Policy.docx,1,1,Weapons and Explosives,"Content that promotes weapons and explosives and related accessories. This includes firearms, ammunition, fireworks, combat knives and pepper spray.",0,low
S001008,Snapchat,Snap Group Limited Terms of Service,Snap Group Limited Terms of Service.docx,1,1,Snap Group Limited Terms of Service,"We’ve drafted these Terms of Service (which we call the “Terms”) so you’ll know the rules that govern our relationship with you as a user of Snapchat, Bitmoji, or any of our other products or services that are subject to these Terms, such as My AI (which we refer to collectively as the “Services”). Our Services are personalised and we provide information about how they work in these Terms, our Privacy, Safety, and Policy Hub, on our Support Site, and within the Services (such as notices, consents, and settings). The information we provide forms the main subject matter of these Terms.",1,medium
S001009,Snapchat,Snap Group Limited Terms of Service,Snap Group Limited Terms of Service.docx,1,1,Snap Group Limited Terms of Service,"Although we have tried our best to strip the legalese from the Terms, there are places where they may still read like a traditional contract. There’s a good reason for that: these Terms form a legally binding contract between you and Snap Group Limited (“Snap”). So please read them carefully.",0,low
S001010,Snapchat,Snap Group Limited Terms of Service,Snap Group Limited Terms of Service.docx,1,1,Snap Group Limited Terms of Service,"In order to use our Services, you must accept these Terms (and any other notice or consent), which are presented to you when you first open the Service. If so, Snap grants you a non-assignable, non-exclusive, revocable, and non-sublicensable licence to use the Services in accordance with these Terms and our policies. Of course, if you don’t accept them, then don’t use the Services.",2,medium
S001011,Snapchat,Snap Group Limited Terms of Service,Snap Group Limited Terms of Service.docx,1,1,Snap Group Limited Terms of Service,"These Terms apply if you live outside the United States or if your principal place of business is outside of the United States. If you live in the United States or if your principal place of business is in the United States, Snap Inc. provides you the Services and your relationship is governed by the Snap Inc. Terms of Service.",0,low
S001012,Snapchat,Snap Group Limited Terms of Service,Snap Group Limited Terms of Service.docx,1,1,Snap Group Limited Terms of Service,"Where we have provided summary sections in these Terms, these summaries have been included for your convenience only and you should read these Terms in full to understand your legal rights and obligations.",0,low
S001013,Snapchat,Snap Group Limited Terms of Service,Snap Group Limited Terms of Service.docx,1,1,Snap Group Limited Terms of Service,"ARBITRATION NOTICE: IF YOU’RE USING THE SERVICES ON BEHALF OF A BUSINESS, THEN YOUR BUSINESS WILL BE BOUND BY THE ARBITRATION CLAUSE THAT APPEARS LATER IN THESE TERMS.",0,low
S001014,Snapchat,Snap Group Limited Terms of Service,Snap Group Limited Terms of Service.docx,1,1,1. Who Can Use the Services,"Our Services are not directed to children under the age of 13 or those below the applicable minimum age at which you may use the Services in your state, province, or country if older than 13. You must confirm that you are older than that applicable minimum age to create an account and use the Services. If we have actual knowledge that you are not, we will cease providing the Services to you and lock or delete your account and your data. We may require you to verify your age before you are allowed to use our Services.",2,medium
S001015,Snapchat,Snap Group Limited Terms of Service,Snap Group Limited Terms of Service.docx,1,1,1. Who Can Use the Services,"We may also offer additional Services with additional terms that may require you to be even older to use them. So please read all such terms carefully. By using the Services, you confirm that (and represent and warrant that): you can form a binding contract with Snap;",0,low
S001017,Snapchat,Snap Group Limited Terms of Service,Snap Group Limited Terms of Service.docx,1,1,1. Who Can Use the Services,"you are not a person who is barred from using the Services under the laws of the United States, the United Kingdom, or any other applicable jurisdiction — including, for example, that you do not appear on the U.S. Treasury Department’s list of Specially Designated Nationals or face any other similar prohibition;",0,low
S001018,Snapchat,Snap Group Limited Terms of Service,Snap Group Limited Terms of Service.docx,1,1,1. Who Can Use the Services,you are not a convicted sex offender; and,0,low
S001019,Snapchat,Snap Group Limited Terms of Service,Snap Group Limited Terms of Service.docx,1,1,1. Who Can Use the Services,"you will comply with these Terms (including any other terms and policies referenced in these Terms, such as the Community Guidelines, Music on Snapchat Guidelines, and the Commercial Content Policy) and all applicable local, state, national, and international laws, rules, and regulations.",0,low
S001020,Snapchat,Snap Group Limited Terms of Service,Snap Group Limited Terms of Service.docx,1,1,1. Who Can Use the Services,"If you are using the Services on behalf of a business or some other entity, you confirm that you are authorised to bind that business or entity to these Terms and you agree to these Terms on behalf of that business or entity (and all references to “you” and “your” in these Terms will mean both you as the end user and that business or entity).",0,low
S001021,Snapchat,Snap Group Limited Terms of Service,Snap Group Limited Terms of Service.docx,1,1,1. Who Can Use the Services,"In summary: Our Services are not directed to anyone under the age of 13 or the minimum age at which a person may use the Services in your state, province or country if it is older than 13. If we become aware that you are under this age, we will suspend your use of the Services and delete your account and data. You may be required to verify your age. Other terms may apply to our Services which require you to be even older to use them so please review these carefully when prompted.",0,low
S001022,Snapchat,Snap Group Limited Terms of Service,Snap Group Limited Terms of Service.docx,1,1,2. Rights You Grant Us,"Many of our Services let you create, upload, post, send, receive, and store content. When you do that, you retain whatever ownership rights in that content you had to begin with. But you grant us a licence to use that content. How broad that licence is depends on which Services you use and the settings you have selected.",0,low
S001023,Snapchat,Snap Group Limited Terms of Service,Snap Group Limited Terms of Service.docx,1,1,2. Rights You Grant Us,"For all content you create using the Services, or submit or make available to the Services (including Public Content), you grant Snap and our affiliates a worldwide, royalty-free (meaning that there is no ongoing payment to you required), sublicensable, and transferable licence to host, store, cache, use, display, reproduce, modify, adapt, edit, publish, analyse, transmit, and distribute that content, including the name, image, likeness, or voice of anyone featured in it. This licence is for the purpose of operating, developing, providing, promoting, and improving the Services and researching and developing new ones. This licence includes a right for us to make your content available to, and pass these rights along to, service providers with whom we have contractual relationships related to the provision of the Services, solely for the purpose of providing and improving such Services.",0,low
S001024,Snapchat,Snap Group Limited Terms of Service,Snap Group Limited Terms of Service.docx,1,1,2. Rights You Grant Us,"We call Public Story submissions and any other content you submit to public Services, like Public Profiles, Spotlight, Snap Map, or Lens Studio, “Public Content.” Because Public Content is inherently public, you grant Snap, our affiliates, other users of the Services, and our business partners a worldwide, royalty-free, and irrevocable right and licence to create derivative works from, promote, exhibit, broadcast, syndicate, reproduce, distribute, synchronise, overlay graphics and auditory effects on, publicly perform, and publicly display all or any portion of your Public Content in any form and in any and all media or distribution methods, now known or later developed. This licence applies to the separate video, image, sound recording, or musical compositions contained in your Public Content, as well as the name, image, likeness, and voice of anyone featured in Public Content that you create, upload, post, send, or appear in (including as reflected in your Bitmoji). This means, among other things, that you will not be entitled to any compensation if your content, including videos, photos, sound recordings, musical compositions, name, image, likeness, or voice included in your content are used by us, our affiliates, users of the Services, or our business partners.",0,low
S001025,Snapchat,Snap Group Limited Terms of Service,Snap Group Limited Terms of Service.docx,1,1,2. Rights You Grant Us,"The licences granted by you for Public Content continue for so long as the Public Content is on the Services and for a reasonable period of time after you remove or delete the Public Content from the Services (provided we may retain server copies of your Public Content indefinitely). For information about how to tailor who can watch your content, please take a look at our Privacy Policy and Support Site. All Public Content must be appropriate for people ages 13+.",0,low
S001026,Snapchat,Snap Group Limited Terms of Service,Snap Group Limited Terms of Service.docx,1,1,2. Rights You Grant Us,"To the extent permissible by law, you irrevocably waive — or agree not to assert against Snap or its affiliates — any moral rights or equivalent rights you may have in content you share on the Services throughout the world.",0,low
S001027,Snapchat,Snap Group Limited Terms of Service,Snap Group Limited Terms of Service.docx,1,1,2. Rights You Grant Us,"While we’re not required to do so, we reserve the right to access, review, screen, and delete any content: (i) which we think violates these Terms or any applicable laws, including any additional terms referenced in Section 3, or our policies, such as our Community Guidelines, or (ii) if necessary to comply with our legal obligations, and we will not be liable to you for any such actions taken. You alone, though, remain responsible for the content you create, upload, post, send, or store through the Services.",2,medium
S001028,Snapchat,Snap Group Limited Terms of Service,Snap Group Limited Terms of Service.docx,1,1,2. Rights You Grant Us,"We, Snap Inc., our affiliates, and our third-party partners may place advertising on the Services, including personalised advertising — with your consent, where required — based on the information you provide us, we collect, or we obtain about you. Advertising may sometimes appear near, between, over, or in your content.",1,medium
S001029,Snapchat,Snap Group Limited Terms of Service,Snap Group Limited Terms of Service.docx,1,1,2. Rights You Grant Us,"We always love to hear from our users. But if you provide feedback or suggestions, just know that we can use them without compensating you, and without any restriction or obligation to you. You agree that we will own all rights in anything we develop based on such feedback or suggestions.",0,low
S001030,Snapchat,Snap Group Limited Terms of Service,Snap Group Limited Terms of Service.docx,1,1,2. Rights You Grant Us,"In summary: If you post content that you own to the Services, you remain the owner but you allow us and others to use it to provide and promote our Services. You also allow other users to view and, in some cases, use any content you make available to others on the Services. We have various rights to change and remove your content, but you always remain responsible for everything you create, post or share, or direct us to use on the Services.",0,low
S001031,Snapchat,Snap Group Limited Terms of Service,Snap Group Limited Terms of Service.docx,1,1,3. Additional Terms and Policies That May Apply,"Additional terms and conditions listed on the Terms & Policies page or that are otherwise made available to you will apply to you depending on the specific Services you use or where you are located. If those additional terms apply (for example, because you use the applicable Services) then they will then become part of these Terms, meaning that you must comply with them. For example, if you purchase or use any paid features that we make available to you on Snapchat (such as a Snapchat+ subscription, but excluding advertising services) you agree that our Paid Features Terms apply. If any of the applicable additional terms conflict with these Terms, the additional terms will override and apply in place of the conflicting parts of these Terms.",0,low
S001032,Snapchat,Snap Group Limited Terms of Service,Snap Group Limited Terms of Service.docx,1,1,3. Additional Terms and Policies That May Apply,"In summary: Additional terms may apply, please take the time to read them carefully.",0,low
S001033,Snapchat,Snap Group Limited Terms of Service,Snap Group Limited Terms of Service.docx,1,1,4. Privacy,"Your privacy matters to us. You can learn how your information is handled when you use our Services by reading our Privacy Policy. You can also learn more about our privacy practices, including how certain features use your data, on our Privacy, Safety, and Policy Hub.",0,low
S001034,Snapchat,Snap Group Limited Terms of Service,Snap Group Limited Terms of Service.docx,1,1,5. Personalised Recommendations,"Our Services provide a personalised experience to make them more relevant and engaging for you. We will recommend content, advertising and other information to you based on what we know and infer about your and others’ interests from use of our Services. It is necessary for us to handle your personal information for this purpose, as we explain in our Privacy Policy. Personalisation is also a condition of our contract with you for us to be able to do so, unless you opt to receive less personalisation in the Services. You can find more information on personalised recommendations on our Support Site.",0,low
S001035,Snapchat,Snap Group Limited Terms of Service,Snap Group Limited Terms of Service.docx,1,1,5. Personalised Recommendations,"In summary: Our Services provide a personalised experience, including advertising and other recommendations to you based on data we collect as explained here and in our Privacy Policy.",0,low
S001036,Snapchat,Snap Group Limited Terms of Service,Snap Group Limited Terms of Service.docx,1,1,6. AI Features,"Our Services include AI-enabled features (“AI Features”) that use inputs like text, images, audio files, videos, documents, data, or other content provided by you or used at your direction (“Inputs”) to generate content and responses based on those Inputs (“Outputs”). All Inputs and Outputs will be treated for the purpose of these Terms as content you submit to the Services and accordingly any rights and licences granted to us and obligations on you in respect of content submitted or made available by you in these Terms applies to Inputs and Outputs, including the licences set out in “Rights You Grant Us” above. We collect, use, disclose, and retain Inputs and Outputs in accordance with our Privacy Policy.",0,low
S001037,Snapchat,Snap Group Limited Terms of Service,Snap Group Limited Terms of Service.docx,1,1,6. AI Features,"While we integrate certain safeguards into AI Features, Outputs may not be reviewed in advance and may be inaccurate, incomplete, misleading, offensive, objectionable, inappropriate, infringing, unsuitable, unlawful, unfit for particular purposes, or the same or similar to content generated for other users of the Services. Outputs may also contain content inconsistent with Snap’s view, and Snap does not endorse any content included in any Outputs. If Outputs reference individuals or third parties including their products or services, it does not mean the individual or third party endorses Snap, or that they or these products are affiliated with Snap.",0,low
S001038,Snapchat,Snap Group Limited Terms of Service,Snap Group Limited Terms of Service.docx,1,1,6. AI Features,"AI Features and Outputs are provided as-is and made available to you without representations or warranties of any kind, whether express or implied. This means that your use of any AI Features and Outputs is at your own risk, and you should not rely on them for any purpose, including to make decisions or for professional, medical, legal, financial, educational or other advice. Outputs are not Snap representations.",0,low
S001039,Snapchat,Snap Group Limited Terms of Service,Snap Group Limited Terms of Service.docx,1,1,6. AI Features,"When using our AI Features, unless we give our permission, you must not, and must not take any action that would reasonably be expected to: use Inputs that contain or make use of, and otherwise could reasonably be expected to generate Outputs that contain or make use of, content that you do not have permission to use, would violate the rights of others, or has otherwise been unlawfully obtained;",0,low
S001041,Snapchat,Snap Group Limited Terms of Service,Snap Group Limited Terms of Service.docx,1,1,6. AI Features,violate any submission guidelines or other policies we make available to you that apply to your use of AI Features or submission of Inputs;,0,low
S001042,Snapchat,Snap Group Limited Terms of Service,Snap Group Limited Terms of Service.docx,1,1,6. AI Features,"direct AI Features to generate any Outputs in violation of these Terms, the Community Guidelines, or any applicable intellectual property rights, contractual restriction, or applicable laws, or which might otherwise cause harm;",0,low
S001043,Snapchat,Snap Group Limited Terms of Service,Snap Group Limited Terms of Service.docx,1,1,6. AI Features,"alter, obscure, or remove any watermark or disclosure applied to Outputs by the AI Features;",0,low
S001044,Snapchat,Snap Group Limited Terms of Service,Snap Group Limited Terms of Service.docx,1,1,6. AI Features,"circumvent any safety or privacy features, safeguards, or mechanisms in the AI Features;",0,low
S001045,Snapchat,Snap Group Limited Terms of Service,Snap Group Limited Terms of Service.docx,1,1,6. AI Features,"use or share Outputs that will be used to train, develop, or fine tune models, services, or other AI technologies; or",0,low
S001046,Snapchat,Snap Group Limited Terms of Service,Snap Group Limited Terms of Service.docx,1,1,6. AI Features,misrepresent Outputs as having been human-generated or otherwise generated without the use of artificial intelligence.,0,low
S001047,Snapchat,Snap Group Limited Terms of Service,Snap Group Limited Terms of Service.docx,1,1,6. AI Features,"Separate terms apply to any AI Features you use through or in connection with our business Services and Lens Studio instead of those set out above, and will be displayed to you in connection with your use of those other Services.",0,low
S001048,Snapchat,Snap Group Limited Terms of Service,Snap Group Limited Terms of Service.docx,1,1,6. AI Features,"In summary: Inputs and Outputs from AI Features may be used in accordance with our Terms of Service, Privacy Policy, and terms relevant to the AI-specific products you use. AI Features may not be accurate or appropriate and you should not rely on them as a source of truth, facts, or substitute for human judgment.",0,low
S001049,Snapchat,Snap Group Limited Terms of Service,Snap Group Limited Terms of Service.docx,1,1,7. Content Moderation,"Much of the content on our Services is produced by users, publishers, and other third parties. Whether that content is posted publicly or sent privately, the content is the sole responsibility of the user or entity that submitted it. To the fullest extent permitted by applicable law, Snap reserves the right to review, moderate, or remove all content that appears on the Services. You can read more about Snap’s approach to content moderation and how we aim to take down illegal or potentially harmful content quickly once it is detected in our Snapchat Moderation, Enforcement, and Appeals Explainer.",0,low
S001050,Snapchat,Snap Group Limited Terms of Service,Snap Group Limited Terms of Service.docx,1,1,7. Content Moderation,"However, we do not review all content on our Services. So we cannot — and do not — guarantee that other users or the content they provide through the Services will comply with our Terms, Community Guidelines or our other terms, policies or guidelines.",0,low
S001051,Snapchat,Snap Group Limited Terms of Service,Snap Group Limited Terms of Service.docx,1,1,7. Content Moderation,"Users can report content on the Services and other accounts for violation of our Terms and policies, including our Community Guidelines. More information about how to report content and accounts is available on our Support Site.",0,low
S001052,Snapchat,Snap Group Limited Terms of Service,Snap Group Limited Terms of Service.docx,1,1,7. Content Moderation,"We may also take action on content or accounts to comply with applicable law, legal orders, or valid notices alleging unlawful or prohibited content or activity. Our decision to take any action under this Section—including restricting, suspending, or terminating accounts, limiting access to content or features, or implementing device-based restrictions or blocks—is made in our sole discretion. You can read more in our Snapchat Moderation, Enforcement, and Appeals Explainer.",0,low
S001053,Snapchat,Snap Group Limited Terms of Service,Snap Group Limited Terms of Service.docx,1,1,7. Content Moderation,"We hope you’ll understand any decisions we make about content or user accounts, but in some cases you can appeal our decisions. More information about appeals is available on our Support Site. You must submit any complaints within six months of the actions being taken against your content or account.",2,medium
S001054,Snapchat,Snap Group Limited Terms of Service,Snap Group Limited Terms of Service.docx,1,1,7. Content Moderation,"Upon receiving a complaint, we strive to: review it in a timely, non-discriminatory, diligent and non-arbitrary manner, and reverse our decision if we determine our initial assessment was incorrect; and",1,medium
S001056,Snapchat,Snap Group Limited Terms of Service,Snap Group Limited Terms of Service.docx,1,1,7. Content Moderation,inform you of our decision and of any possibilities for redress promptly.,0,low
S001057,Snapchat,Snap Group Limited Terms of Service,Snap Group Limited Terms of Service.docx,1,1,7. Content Moderation,"You can also find more information on our Support Site about how Snap complies with certain online platform and safety laws that may apply to you depending on where you live. This includes how we handle content reports and appeals, and the steps you can take if you believe that we have not complied with our obligations under those laws (if they apply to you), such as challenging us if we have restricted your account or removed your content in a way that violates these Terms.",0,low
S001058,Snapchat,Snap Group Limited Terms of Service,Snap Group Limited Terms of Service.docx,1,1,7. Content Moderation,"Some of those laws also require us to publish transparency reports that explain our approach to content moderation and platform safety, including the risks we have identified on our Services and our safety efforts to address them. You can find this in our Transparency Hub. The information provided in our Transparency Hub and any other safety support pages mentioned in this Section are for informational purposes only.",0,low
S001059,Snapchat,Snap Group Limited Terms of Service,Snap Group Limited Terms of Service.docx,1,1,7. Content Moderation,In summary: Most content on the Services is owned or controlled by others and we don't have any control or responsibility over that content. We have content moderation policies and processes in place that apply to content on the Services. You may be able to appeal our decisions or make a complaint if you believe we have failed to comply with these Terms or laws that may apply to you depending on where you live.,1,medium
S001060,Snapchat,Snap Group Limited Terms of Service,Snap Group Limited Terms of Service.docx,1,1,7. Content Moderation,8. Respecting the Services and Snap’s Rights,0,low
S001061,Snapchat,Snap Group Limited Terms of Service,Snap Group Limited Terms of Service.docx,1,1,7. Content Moderation,"As between you and us, Snap is the owner of the Services, which includes all related brands, works of authorship, Bitmoji avatars that you assemble, software, and other proprietary content, features, and technology. The Services may also be covered by patents owned by Snap or its affiliates, including those listed at www.snap.com/patents.",0,low
S001062,Snapchat,Snap Group Limited Terms of Service,Snap Group Limited Terms of Service.docx,1,1,7. Content Moderation,"You must also respect Snap’s rights and adhere to the Snapchat Brand Guidelines, Bitmoji Brand Guidelines, and any other guidelines, support pages, or FAQs published by Snap or our affiliates. That means, among other things, you may not do, attempt to do, enable, or encourage anyone else to do, any of the following and doing so may result in us terminating or suspending your access to the Services: use branding, logos, icons, user interface elements, product or brand look and feel, designs, photographs, videos, or any other materials Snap makes available via the Services, except as explicitly allowed by these Terms, the Snapchat Brand Guidelines, Bitmoji Brand Guidelines or other brand guidelines published by Snap or our affiliates;",0,low
S001064,Snapchat,Snap Group Limited Terms of Service,Snap Group Limited Terms of Service.docx,1,1,7. Content Moderation,"violate or infringe Snap’s, our affiliates’ or any other third party’s rights of publicity, privacy, copyrights, trademarks, or other intellectual property rights, including by using the Services to submit, display, post, create or generate any infringing content;",0,low
S001065,Snapchat,Snap Group Limited Terms of Service,Snap Group Limited Terms of Service.docx,1,1,7. Content Moderation,"copy, modify, archive, download, upload, disclose, distribute, sell, lease, syndicate, broadcast, perform, display, make available, make derivatives of, or otherwise use the Services or the content on the Services, other than temporary files that are automatically cached by your web browser for display purposes, as otherwise expressly permitted in these Terms, as otherwise expressly permitted by us in writing, or as enabled by the Services’ intended functionality;",0,low
S001066,Snapchat,Snap Group Limited Terms of Service,Snap Group Limited Terms of Service.docx,1,1,7. Content Moderation,"attempt to access the Services through unauthorised third-party applications, solicit login credentials from other users, or buy, sell, rent, or lease access to your account, a username, Snaps, or a friend link;",0,low
S001067,Snapchat,Snap Group Limited Terms of Service,Snap Group Limited Terms of Service.docx,1,1,7. Content Moderation,"reverse engineer, make unauthorised copies or derivative works of, decompile, disassemble, modify or decode the Services (including any underlying technology, idea, or algorithm) or any content included therein, or otherwise extract the source code of the software of the Services, without our written permission, except to the extent an exception or limitation applies under an open source license or applicable laws;",0,low
S001068,Snapchat,Snap Group Limited Terms of Service,Snap Group Limited Terms of Service.docx,1,1,7. Content Moderation,"use any robot, spider, crawler, scraper, script, software, or other automated or semi-automated means, processes or interfaces to access, scrape, extract or copy the Services, including any user data, content or other data contained in the Services. However, this restriction does not limit any right to automated data collection by eligible researchers collecting publicly available data under the European Union (“EU”) Digital Services Act;",0,low
S001069,Snapchat,Snap Group Limited Terms of Service,Snap Group Limited Terms of Service.docx,1,1,7. Content Moderation,use or develop any third-party applications that interact with the Services or other users’ content or information without our written consent;,1,medium
S001070,Snapchat,Snap Group Limited Terms of Service,Snap Group Limited Terms of Service.docx,1,1,7. Content Moderation,"use the Services in a way that could interfere with, disrupt, negatively affect, or inhibit other users from fully enjoying the Services, or that could damage, disable, overburden, or impair the functioning of the Services;",0,low
S001071,Snapchat,Snap Group Limited Terms of Service,Snap Group Limited Terms of Service.docx,1,1,7. Content Moderation,"upload viruses or other malicious code or otherwise compromise, bypass, or circumvent the security of the Services;",0,low
S001072,Snapchat,Snap Group Limited Terms of Service,Snap Group Limited Terms of Service.docx,1,1,7. Content Moderation,"attempt to circumvent any content-filtering techniques we employ, or attempt to access areas or features of the Services that you are not authorised to access;",0,low
S001073,Snapchat,Snap Group Limited Terms of Service,Snap Group Limited Terms of Service.docx,1,1,7. Content Moderation,use the Services to create or develop a competing product or service;,0,low
S001074,Snapchat,Snap Group Limited Terms of Service,Snap Group Limited Terms of Service.docx,1,1,7. Content Moderation,state or imply that we endorse your content;,0,low
S001075,Snapchat,Snap Group Limited Terms of Service,Snap Group Limited Terms of Service.docx,1,1,7. Content Moderation,"probe, scan, or test the vulnerability of our Services or any system or network;",0,low
S001076,Snapchat,Snap Group Limited Terms of Service,Snap Group Limited Terms of Service.docx,1,1,7. Content Moderation,violate any applicable law or regulation in connection with your access to or use of the Services; or,0,low
S001077,Snapchat,Snap Group Limited Terms of Service,Snap Group Limited Terms of Service.docx,1,1,7. Content Moderation,access or use the Services in any way not expressly permitted by these Terms or our Community Guidelines.,0,low
S001078,Snapchat,Snap Group Limited Terms of Service,Snap Group Limited Terms of Service.docx,1,1,7. Content Moderation,"In summary: We own or control all of the content, features and functionalities of the Services, except your content. To ensure the Services and other users are protected from harm, there are rules we need you to follow when you use our Services. Failure to comply with these rules may result in suspension or termination of your account.",0,low
S001079,Snapchat,Snap Group Limited Terms of Service,Snap Group Limited Terms of Service.docx,1,1,9. Respecting Others' Rights,"Snap respects the rights of others. And so should you. You therefore may not use the Services, or enable anyone else to use the Services, in a manner that violates or infringes someone else’s rights of publicity, privacy, copyright, trademark, or other intellectual property rights. When you submit content to the Services, you are solely responsible for ensuring and must ensure that you own that content, or that you have received all necessary permissions, clearances, licences, and authorisations in order to submit it to the Services (including, if applicable, the right to make mechanical reproductions of the musical works embodied in any sound recordings, synchronise any compositions to any content, publicly perform any compositions or sound recordings, or any other applicable rights for any music not provided by Snap that you include in your content) and grant the rights and licences contained in these Terms for your content. You also agree that you will not use or attempt to use another user’s account except as permitted by Snap or its affiliates.",0,low
S001080,Snapchat,Snap Group Limited Terms of Service,Snap Group Limited Terms of Service.docx,1,1,9. Respecting Others' Rights,"Snap honours trademark, copyright, and other intellectual property laws, including the Digital Millennium Copyright Act and takes reasonable steps to expeditiously remove from our Services any infringing material that we become aware of. If Snap becomes aware that a user has repeatedly infringed copyrights, we will take reasonable steps within our power to suspend or terminate the user’s account. If you believe that anything on the Services infringes a copyright that you own or control, please report it using the form accessible through this tool. Or you may file a notice with our designated agent: Snap Inc., Attn: Copyright Agent, 3000 31st Street, Santa Monica, CA 90405, email: copyright @ snap.com. Don’t use this email address for anything other than reporting copyright infringement, as such emails will be ignored. To report other forms of infringement, including trademark infringement, on the Services, please use the tool accessible here. If you file a notice with our Copyright Agent, it must: contain the physical or electronic signature of a person authorised to act on behalf of the copyright owner;",0,low
S001082,Snapchat,Snap Group Limited Terms of Service,Snap Group Limited Terms of Service.docx,1,1,9. Respecting Others' Rights,identify the copyrighted work claimed to have been infringed;,0,low
S001083,Snapchat,Snap Group Limited Terms of Service,Snap Group Limited Terms of Service.docx,1,1,9. Respecting Others' Rights,"identify the material that is claimed to be infringing or to be the subject of infringing activity and that is to be removed, or access to which is to be disabled, and information reasonably sufficient to let us locate the material;",0,low
S001084,Snapchat,Snap Group Limited Terms of Service,Snap Group Limited Terms of Service.docx,1,1,9. Respecting Others' Rights,"provide your contact information, including your address, telephone number, and an email address;",0,low
S001085,Snapchat,Snap Group Limited Terms of Service,Snap Group Limited Terms of Service.docx,1,1,9. Respecting Others' Rights,"provide a personal statement that you have a good-faith belief that the use of the material in the manner complained of is not authorised by the copyright owner, its agent, or the law; and",0,low
S001086,Snapchat,Snap Group Limited Terms of Service,Snap Group Limited Terms of Service.docx,1,1,9. Respecting Others' Rights,"provide a statement that the information in the notification is accurate and, under penalty of perjury, that you are authorised to act on behalf of the copyright owner.",0,low
S001087,Snapchat,Snap Group Limited Terms of Service,Snap Group Limited Terms of Service.docx,1,1,9. Respecting Others' Rights,"In summary: Make sure you own or have the right to use any content you make available on the Services. If you use content owned by someone else without permission, we may terminate your account. If you see anything which you believe infringes your intellectual property rights, let us know.",0,low
S001088,Snapchat,Snap Group Limited Terms of Service,Snap Group Limited Terms of Service.docx,1,1,10. Safety,"We work hard to help ensure our Services offer a fun and safe experience for all users, but we can’t guarantee it. We take behaviour that threatens the safety of our community very seriously, particularly when the threat of harm is severe. If you encounter potentially harmful or unlawful content on the Services, we encourage you to report it. You can learn more about the different ways we strive to keep illegal or potentially harmful content off of the Services in our Community Guidelines. We implement safety-by-design features and system controls intended to mitigate the risks of users encountering content involving Severe Harms.",1,medium
S001089,Snapchat,Snap Group Limited Terms of Service,Snap Group Limited Terms of Service.docx,1,1,10. Safety,"By using the Services, you agree that you will at all times comply with these Terms, including our Community Guidelines and any other policies Snap makes available in order to maintain the safety of the Services.",0,low
S001090,Snapchat,Snap Group Limited Terms of Service,Snap Group Limited Terms of Service.docx,1,1,10. Safety,"If you fail to comply, we reserve the right to remove any offending content; terminate or limit the visibility of your account or access to certain features; retain data relating to your account in accordance with our data retention policies; and notify third parties — including law enforcement — and provide those third parties with data and any other information relating to your account. This step may be necessary to protect the safety of our users and others; to investigate, remedy, and enforce potential violations of our Terms; and to detect and resolve any fraud or security concerns.",1,medium
S001091,Snapchat,Snap Group Limited Terms of Service,Snap Group Limited Terms of Service.docx,1,1,10. Safety,"Snap’s policy is to respond to legally valid governmental requests for user information in the United States. Governmental agencies and courts in the EU may also send us requests for user information. Such requests may include “European Production Orders” under the EU e-Evidence Regulation, and certain other legal requests. If we receive a legally valid request, Snap may decide to share the requested information - which can include user content - through one of our EU affiliates, without contesting potential conflicts of law.",0,low
S001092,Snapchat,Snap Group Limited Terms of Service,Snap Group Limited Terms of Service.docx,1,1,10. Safety,"We also care about your physical safety and wellbeing while using our Services. So do not use our Services in a way that would distract you from obeying traffic or safety laws. For example, never use the Services while driving. And never put yourself or others in harm’s way just to capture a Snap or to engage with other Snapchat features.",0,low
S001093,Snapchat,Snap Group Limited Terms of Service,Snap Group Limited Terms of Service.docx,1,1,10. Safety,"In summary: We try to make our Services as safe as possible, but we need your help. These Terms, our Community Guidelines, and other Snap policies contain important information about how to keep the Services and other users safe. And never put yourself or others in harm’s way when using our Services.",0,low
S001094,Snapchat,Snap Group Limited Terms of Service,Snap Group Limited Terms of Service.docx,1,1,11. Your Account,"To use certain Services, you need to create an account. You agree to provide us with accurate, complete, and updated information for your account. Except in the unlikely event that activity occurs in your account outside of your control, you are responsible for any activity that occurs in your account. So it’s important that you keep your account secure. One way to help keep your account secure is to select a strong password that you don’t use for any other account and to enable two-factor authentication. If you think that someone has gained access to your account, please immediately reach out to Support. Any software that we provide to you may automatically download and install upgrades, updates, or other new features. You may be able to adjust these automatic downloads through your device’s settings. You agree not to create any account if we have previously removed or banned you or your account from any of our Services, unless we consent otherwise.",1,medium
S001095,Snapchat,Snap Group Limited Terms of Service,Snap Group Limited Terms of Service.docx,1,1,11. Your Account,In summary: Keep your account details safe and secure. Only use an account if you are authorised by us to do so.,0,low
S001096,Snapchat,Snap Group Limited Terms of Service,Snap Group Limited Terms of Service.docx,1,1,12. Memories,"Memories is our personalised data-storage service. Your content in Memories might become unavailable for any number of reasons, including things like an operational glitch or a decision on our end to terminate your account. Since we can’t promise that your content will always be available, we recommend keeping a separate copy of content you save to Memories. We make no promise that Memories will be able to accommodate your precise storage needs. We reserve the right to set storage limits for Memories, or to prohibit certain types of content from being eligible for use with Memories and we may change these limits from time to time in our sole discretion.",0,low
S001097,Snapchat,Snap Group Limited Terms of Service,Snap Group Limited Terms of Service.docx,1,1,12. Memories,"In summary: Memories is a personalised storage service. It will be automatically enabled, but you can control some features. We cannot guarantee that any Memories will be stored forever either, so please do keep a backup.",0,low
S001098,Snapchat,Snap Group Limited Terms of Service,Snap Group Limited Terms of Service.docx,1,1,13. Data Charges and Mobile Phones,"You are responsible for any mobile charges that you may incur for using our Services. This includes data charges and charges for messaging, such as SMS, MMS, or other messaging protocols or technologies (collectively, “Messages”). If you’re unsure what those charges may be, you should ask your service provider before using the Services.",0,low
S001099,Snapchat,Snap Group Limited Terms of Service,Snap Group Limited Terms of Service.docx,1,1,13. Data Charges and Mobile Phones,"By providing us with your mobile phone number you agree, among other things, to receive Messages from Snap related to the Services, including about promotions (where we have consent or as permitted by law), your account, and your relationship with Snap. These Messages may be received even if your mobile phone number is registered on any kind of “Do Not Call” list, or international equivalent.",1,medium
S001100,Snapchat,Snap Group Limited Terms of Service,Snap Group Limited Terms of Service.docx,1,1,13. Data Charges and Mobile Phones,"If you change or deactivate the mobile phone number that you used to create an account, you must update your account information through Settings within 72 hours to prevent us from sending messages intended for you to someone else.",0,low
S001101,Snapchat,Snap Group Limited Terms of Service,Snap Group Limited Terms of Service.docx,1,1,13. Data Charges and Mobile Phones,"In summary: We may send you Messages, and mobile charges may apply when you use our Services.",0,low
S001102,Snapchat,Snap Group Limited Terms of Service,Snap Group Limited Terms of Service.docx,1,1,14. Third-Party Materials and Services,"Certain Services may display, include or make available content, data, information, applications, features or materials from third parties (“Third-Party Materials”), provide links to certain third-party websites or permit the use of Third-Party Materials or third-party services in connection with them. If you use any Third-Party Materials or third-party services made available through or in connection with our Services (including Services we jointly offer with the third party), the applicable third-party’s terms will govern their relationship with you. Neither Snap nor any of our affiliates is responsible or liable for a third party’s terms or actions taken under any third party’s terms. Further, by using the Services, you acknowledge and agree that Snap is not responsible for examining or evaluating the content, accuracy, completeness, availability, timeliness, validity, copyright compliance, legality, decency, quality or any other aspect of such Third-Party Materials or third-party services or websites. We do not provide any assurances or endorse and do not assume and will not have any liability or responsibility to you or any other person for any third-party services, Third-Party Materials or third-party websites, or for any other materials, products, or services of third parties.",0,low
S001103,Snapchat,Snap Group Limited Terms of Service,Snap Group Limited Terms of Service.docx,1,1,14. Third-Party Materials and Services,"Third-Party Materials, the availability of third-party services and links to other websites are provided solely as a convenience to you.",0,low
S001104,Snapchat,Snap Group Limited Terms of Service,Snap Group Limited Terms of Service.docx,1,1,14. Third-Party Materials and Services,"In summary: Snap isn't responsible for third party features, content or services accessible via or in connection with our Services – please make sure you read the third party's terms.",0,low
S001105,Snapchat,Snap Group Limited Terms of Service,Snap Group Limited Terms of Service.docx,1,1,15. Modifying the Services and These Terms,"We’re relentlessly improving our Services and creating new ones all the time. That means we may add or remove features, products, or functionalities over time, and we may also suspend, stop or terminate the Services altogether. We may take any of these actions at any time, and when we do, we will try to notify you beforehand — but this won’t always be possible.",0,low
S001106,Snapchat,Snap Group Limited Terms of Service,Snap Group Limited Terms of Service.docx,1,1,15. Modifying the Services and These Terms,"This also means we may need to update these Terms to reflect any changes to our Services or how we provide them, as well as to comply with legal requirements, or for other legal or security reasons. If those changes to these Terms are material we will provide you with reasonable advance notice (unless changes are required sooner, for example, as a result of a change in legal requirements or where we are launching new Services or features). If you continue to use the Services once the changes come into effect, we will take that as your acceptance.",0,low
S001107,Snapchat,Snap Group Limited Terms of Service,Snap Group Limited Terms of Service.docx,1,1,15. Modifying the Services and These Terms,In summary: Our Services are going to evolve over time. We may update these Terms from time to time to reflect these changes or for other reasons.,0,low
S001108,Snapchat,Snap Group Limited Terms of Service,Snap Group Limited Terms of Service.docx,1,1,16. Termination and Suspension,"While we hope you remain a lifelong Snapchatter, you can terminate these Terms at any time if you do not agree with any changes we make to these Terms, or for any other reason, by deleting your Snapchat account (or, in some cases, the account associated with the applicable part of the Services you are using).",0,low
S001109,Snapchat,Snap Group Limited Terms of Service,Snap Group Limited Terms of Service.docx,1,1,16. Termination and Suspension,"We may restrict, terminate, or temporarily suspend your access to the Services if you fail to comply with these Terms, our Community Guidelines or the law, for reasons outside of our control, or for any other reason. That means that we may terminate these Terms, stop providing you with all or any part of the Services, or impose new or additional limits on your ability to use our Services. For example, we may terminate your account due to prolonged inactivity, and we may reclaim your username at any time for any reason. And while we’ll try to give you reasonable notice beforehand, we can’t guarantee that notice will be possible in all circumstances.",0,low
S001110,Snapchat,Snap Group Limited Terms of Service,Snap Group Limited Terms of Service.docx,1,1,16. Termination and Suspension,"Where we restrict, terminate or suspend your access to the Services for violation of our Community Guidelines, we will notify you and provide an opportunity for you to appeal as explained in our Moderation, Enforcement and Appeals Explainer.",0,low
S001111,Snapchat,Snap Group Limited Terms of Service,Snap Group Limited Terms of Service.docx,1,1,16. Termination and Suspension,"Before we restrict, terminate or suspend your access to the Services, we will take into account all relevant facts and circumstances apparent from the information available to us, depending on the underlying reason for taking that action. For example, if you violate our Community Guidelines we consider the severity, frequency, and impact of the violations as well as the intention behind the violation. This will inform our decision whether to restrict, terminate or suspend your access to the Services and, in the event of suspension, how long we suspend your access. You can find out more about how we assess and take action against misuse of our Services on our Support Site.",0,low
S001112,Snapchat,Snap Group Limited Terms of Service,Snap Group Limited Terms of Service.docx,1,1,16. Termination and Suspension,"Regardless of who terminates these Terms, both you and Snap continue to be bound by Sections 2, 3 (to the extent any additional terms and conditions would, by their terms, survive), and 6 - 24 of the Terms.",0,low
S001113,Snapchat,Snap Group Limited Terms of Service,Snap Group Limited Terms of Service.docx,1,1,16. Termination and Suspension,"In summary: You can stop using the Services or delete your account at any time and for any reason, including if you don't like any changes to these Terms. We can restrict or terminate your access to the Services for the reasons set out above. When we do, we’ll provide you notice in most cases, as well as an opportunity to appeal the decision.",0,low
S001114,Snapchat,Snap Group Limited Terms of Service,Snap Group Limited Terms of Service.docx,1,1,17. Indemnity,"You agree, to the extent permitted by law, to indemnify, defend, and hold harmless Snap, our affiliates, directors, officers, stockholders, employees, licensors, and agents from and against any and all complaints, charges, claims, damages, losses, costs, liabilities, and expenses (including attorneys’ fees) due to, arising out of, or relating in any way to: (a) your access to or use of the Services, (b) your content, including infringement claims related to your content, (c) your breach of these Terms or any applicable law or regulation, or (d) your negligence or intentional misconduct.",1,medium
S001115,Snapchat,Snap Group Limited Terms of Service,Snap Group Limited Terms of Service.docx,1,1,17. Indemnity,"In summary: If you cause us some damage, you will compensate us.",0,low
S001116,Snapchat,Snap Group Limited Terms of Service,Snap Group Limited Terms of Service.docx,1,1,18. Disclaimers,We will try hard to keep the Services up and running and free of annoyances. But we make no promises that we will succeed.,0,low
S001117,Snapchat,Snap Group Limited Terms of Service,Snap Group Limited Terms of Service.docx,1,1,18. Disclaimers,"The Services are provided “as is” and “as available” and to the extent permitted by law and except as stated above, without warranties of any kind, either express or implied, including, in particular implied warranties, conditions, or other terms relating to: (a) merchantability, satisfactory quality, fitness for a particular purpose, title, quiet enjoyment, non-infringement, or (b) arising from a course of dealing. In addition, while we attempt to provide a good user experience, we do not represent or warrant that: (i) the Services will always be entirely secure, error-free or timely, (ii) the Services will always function without delays, disruption or imperfections, or (iii) any content or information you obtain through the Services will always be timely or accurate.",0,low
S001118,Snapchat,Snap Group Limited Terms of Service,Snap Group Limited Terms of Service.docx,1,1,18. Disclaimers,"IF THE LAW OF THE COUNTRY WHERE YOU LIVE DOES NOT ALLOW THE EXCLUSIONS PROVIDED FOR IN THIS CLAUSE, THOSE EXCLUSIONS SHALL NOT APPLY TO THE EXTENT PROHIBITED.",0,low
S001119,Snapchat,Snap Group Limited Terms of Service,Snap Group Limited Terms of Service.docx,1,1,18. Disclaimers,"To the fullest extent permitted by law, Snap, Snap Inc., and our affiliates take no responsibility and assume no liability for any content that you, another user, or a third party creates, uploads, posts, sends, receives, views, or stores on or through our Services and you understand and agree that you may be exposed to content that might be offensive, illegal, misleading, or otherwise inappropriate, none of which Snap, Snap Inc., nor our affiliates will be responsible for.",0,low
S001120,Snapchat,Snap Group Limited Terms of Service,Snap Group Limited Terms of Service.docx,1,1,18. Disclaimers,Nothing in these Terms will exclude or limit any responsibility we may have to remove content if so required by the law of the country where you live.,0,low
S001121,Snapchat,Snap Group Limited Terms of Service,Snap Group Limited Terms of Service.docx,1,1,18. Disclaimers,"In summary: Snap will try to make the Services available to you, but we do not make any promises regarding quality and will not be liable for any content which is not ours.",0,low
S001122,Snapchat,Snap Group Limited Terms of Service,Snap Group Limited Terms of Service.docx,1,1,19. Limitation of Liability,"Snap, Snap Inc., and our affiliates, directors, officers, stockholders, employees, licensors, suppliers, and agents will not be liable for any indirect, incidental, special, consequential, punitive, or multiple damages, or any loss of profits or revenues, whether incurred directly or indirectly, or any loss of data, use, goodwill or other intangible losses, resulting from: (a) your use of the Services or inability to use the Services, (b) your access to or inability to access the Services, (c) the conduct or content of other users or third parties on or through the Services, or (d) unauthorised access, use or alteration of your content. Except to the extent specified otherwise in any other applicable terms of Snap, Snap Inc., or our affiliates, in no event will Snap, Snap Inc., or our affiliates’ aggregate liability for all claims relating to the Services exceed the greater of (a) €100 EUR, and (b) the amount you paid Snap in the last 12 months for any Services.",2,medium
S001123,Snapchat,Snap Group Limited Terms of Service,Snap Group Limited Terms of Service.docx,1,1,19. Limitation of Liability,"Nothing in these Terms (or for the avoidance of doubt any other terms to which you are subject in respect of the provision of Services by Snap, Snap Inc., or our affiliates) shall exclude or limit Snap’s, Snap Inc.’s, or our affiliates’ liability for: (a) death or personal injury arising from their own respective intent or negligence, (b) fraud or fraudulent misrepresentation, or (c) any other liability to the extent that such liability may not be excluded or limited as a matter of law.",0,low
S001124,Snapchat,Snap Group Limited Terms of Service,Snap Group Limited Terms of Service.docx,1,1,19. Limitation of Liability,"IF THE LAW OF THE COUNTRY WHERE YOU LIVE DOES NOT ALLOW ANY LIMITATION OF LIABILITY PROVIDED FOR IN THIS CLAUSE, THAT LIMITATION WILL NOT APPLY TO THE EXTENT PROHIBITED.",0,low
S001125,Snapchat,Snap Group Limited Terms of Service,Snap Group Limited Terms of Service.docx,1,1,19. Limitation of Liability,"FURTHER, NOTHING IN THESE TERMS AFFECTS YOUR STATUTORY RIGHTS AS A CONSUMER.",0,low
S001126,Snapchat,Snap Group Limited Terms of Service,Snap Group Limited Terms of Service.docx,1,1,19. Limitation of Liability,"In summary: We limit our liability for anything you do, instances where you cannot access the Services, things others do and any issues resulting from unauthorised use of our Services. Where we are liable to you and you have suffered some loss, we limit our liability to a set amount.",0,low
S001127,Snapchat,Snap Group Limited Terms of Service,Snap Group Limited Terms of Service.docx,1,1,20. Dispute Resolution and Arbitration,"If you have a concern, let’s talk. Go ahead and contact us first and we’ll do our best to resolve the issue.",0,low
S001128,Snapchat,Snap Group Limited Terms of Service,Snap Group Limited Terms of Service.docx,1,1,20. Dispute Resolution and Arbitration,Some of our Services may have additional terms that contain dispute resolution provisions unique to that Service or your residency.,0,low
S001129,Snapchat,Snap Group Limited Terms of Service,Snap Group Limited Terms of Service.docx,1,1,20. Dispute Resolution and Arbitration,"If you are using the Services on behalf of a business (rather than for your personal use), you and Snap agree that to the extent permitted by law, all claims and disputes between us arising out of or relating to these Terms or the use of the Services will be finally settled through binding arbitration under the LCIA Arbitration Rules, which are incorporated by reference into this clause. There will be one arbitrator (to be appointed by the LCIA), the arbitration will take place in London, and the arbitration will be conducted in English. If you do not wish to agree to this clause, you must not use the Services.",0,low
S001130,Snapchat,Snap Group Limited Terms of Service,Snap Group Limited Terms of Service.docx,1,1,20. Dispute Resolution and Arbitration,In summary: Get in touch with us if you have a complaint. Disputes with business users will be settled through arbitration.,1,medium
S001131,Snapchat,Snap Group Limited Terms of Service,Snap Group Limited Terms of Service.docx,1,1,21. Exclusive Venue,"To the extent that these Terms allow you or Snap to initiate litigation in a court, both you and Snap agree that all claims and disputes (whether contractual or otherwise), arising out of or relating to the Terms or the use of the Services will be litigated exclusively in the courts of England in the United Kingdom, unless this is prohibited by the laws of the country where you reside. You and Snap consent to the exclusive jurisdiction of those courts.",2,medium
S001132,Snapchat,Snap Group Limited Terms of Service,Snap Group Limited Terms of Service.docx,1,1,22. Choice of Law,"The laws of England and Wales govern these Terms and any claims and disputes (whether contract, tort, or otherwise) arising out of or relating to these Terms or their subject matter. The courts in some countries may not apply the laws of England and Wales to some disputes related to these Terms. If you reside in one of those countries, the laws of your home country may apply to those disputes.",0,low
S001133,Snapchat,Snap Group Limited Terms of Service,Snap Group Limited Terms of Service.docx,1,1,23. Severability,"If any provision of these Terms is found unenforceable, then that provision will be removed from these Terms and not affect the validity and enforceability of any remaining provisions.",0,low
S001134,Snapchat,Snap Group Limited Terms of Service,Snap Group Limited Terms of Service.docx,1,1,24. Final Terms,"These Terms, including the additional terms referenced in Section 3, make up the entire agreement between you and Snap, and supersede any prior agreements. These Terms do not create or confer any rights to third parties. If we do not enforce a provision in these Terms, it will not be considered a waiver of our rights to enforce these Terms. We reserve the right to transfer our rights under these Terms and provide the Services using another entity, provided that entity upholds these Terms. You may not transfer any of your rights or obligations under these Terms without our consent. We reserve all rights not expressly granted to you.",2,medium
S001135,Snapchat,Snap Group Limited Terms of Service,Snap Group Limited Terms of Service.docx,1,1,25. Contact Us,"Snap welcomes comments, questions, concerns, or suggestions. You can contact us or get support here.",0,low
S001136,Snapchat,Snap Group Limited Terms of Service,Snap Group Limited Terms of Service.docx,1,1,25. Contact Us,"If you live in the Asia-Pacific region or if your principal place of business is in the Asia-Pacific region, which for the purposes of these Terms includes Afghanistan, India, Kyrgyzstan, Kazakhstan, Pakistan, Tajikistan, Turkmenistan and Uzbekistan, but does not include Armenia, Azerbaijan, Georgia, Russian Federation and Turkey, then: the company responsible for the Services is Snap Group Limited Singapore Branch and is located in Singapore at #16-03/04, 12 Marina Boulevard, Marina Bay Financial Centre Tower 3, Singapore 018982. UEN: T20FC0031F. VAT ID: M90373075A; and",0,low
S001138,Snapchat,Snap Group Limited Terms of Service,Snap Group Limited Terms of Service.docx,1,1,25. Contact Us,"any references to ""Snap"" in these Terms means Snap Group Limited Singapore Branch.",0,low
S001139,Snapchat,Snap_Privacy Policy,Snap_Privacy Policy.docx,1,1,"Effective: September 21, 2026","Welcome to Snap Inc.’s Privacy Policy. This Policy explains how we collect and use your data and how you can control your information. Looking for a quick summary on our privacy practices? Check out this page or this video. If you’re looking for specific product privacy information, for example, how we process your Chats and Snaps, take a look at our Privacy by Product page. In addition to these documents, we also show in-app notices that provide you more information about our products and services. If you’re a SPECS user you can learn more on how we collect and use your data here.",0,low
S001140,Snapchat,Snap_Privacy Policy,Snap_Privacy Policy.docx,1,1,"Effective: September 21, 2026","Transparency is one of our core values at Snap. We believe there shouldn’t be any surprises about the data we collect and how we use it — that’s why we’re upfront with how we process it. For example, we process your information to provide you a more personalized experience, including to show you content and information that is most relevant to your experience, as well as more relevant advertisements. Understanding your interests and preferences help us provide a better product experience.",0,low
S001141,Snapchat,Snap_Privacy Policy,Snap_Privacy Policy.docx,1,1,"Effective: September 21, 2026","Furthermore, we believe a personalized experience should not come at the expense of your privacy. Just like in real life, there are some moments you want to share privately with your close friends, and others that you want to share publicly. That’s why from day one our philosophy has been to delete content by default and to give Snapchatters control by providing the tools that allow them to decide what happens with their content, like who to share it with or when to save it.",0,low
S001142,Snapchat,Snap_Privacy Policy,Snap_Privacy Policy.docx,1,1,"Effective: September 21, 2026","This Policy covers our Snapchat app as well as our other products, services, and features, such as Bitmoji, SPECS, and our advertising and commerce initiatives. When you read “Services” in this Policy, we’re talking about all of them. Also, if you see us refer to our “Terms,” we mean the Terms of Service that you agree to when you sign up for our Services. Finally, if you see the term “Snapchatter” we are often using that as shorthand for any user of our Services.",0,low
S001143,Snapchat,Snap_Privacy Policy,Snap_Privacy Policy.docx,1,1,"Effective: September 21, 2026","Let’s get started with the controls you have over your information: Control over your information and settings is a core part of Snapchat experience. You can access, update, and delete your information, decide who can contact you, and download your data from within the Snapchat app. Below, we give you more details on the types of settings that are available, link out to our data download tool, and provide instructions on how to delete data or your account.",1,medium
S001145,Snapchat,Snap_Privacy Policy,Snap_Privacy Policy.docx,1,1,Control Over Your Information,"We want you to be in control of your information, so we provide you with a range of tools, including: Access and update your information. You can access and edit most of your basic information, including account details (information about you, like your name, username, email address, birthday, and phone number), right in our Services. Just navigate to your settings and you will see the options available to you.",0,low
S001147,Snapchat,Snap_Privacy Policy,Snap_Privacy Policy.docx,1,1,Control Over Your Information,"Delete your information. If you want to delete your account, learn how here. You can also delete some information within our Services, like content you’ve saved to Memories, content you’ve shared with My AI, Spotlight submissions, and more.",1,medium
S001148,Snapchat,Snap_Privacy Policy,Snap_Privacy Policy.docx,1,1,Control Over Your Information,"Control who can see your content. We’ve built a number of tools that let you choose who you share your content with. In some cases you may want to share content with just your friends, and in other instances you may want to share it with the public. To learn more, go here.",0,low
S001149,Snapchat,Snap_Privacy Policy,Snap_Privacy Policy.docx,1,1,Control Over Your Information,"Control who can contact you. Snapchat is intended for close friends and family, that’s why we’ve built controls that help you decide who can contact you. If you receive unwanted communications, you can always block and report that person. Go here to learn more.",0,low
S001150,Snapchat,Snap_Privacy Policy,Snap_Privacy Policy.docx,1,1,Control Over Your Information,"Change your permissions. In most cases, you can change your permissions at any time. For example, by default you are findable to others through your phone number and/or email address that you provided. If you no longer want to be findable, you can always change your settings. Or if you provided access to your phone or third party platform contacts to make friending easier, you can change that later on in your app settings. Of course, if you do that, certain features and Services, like finding friends in your contact book, won’t work.",0,low
S001151,Snapchat,Snap_Privacy Policy,Snap_Privacy Policy.docx,1,1,Control Over Your Information,"Opt out of promotional messages. You have the option to opt out or unsubscribe from promotional emails and messages sent by SMS or other messaging platforms. To do so, just follow the instructions in the message like an unsubscribe link or similar functionality.",1,medium
S001152,Snapchat,Snap_Privacy Policy,Snap_Privacy Policy.docx,1,1,Control Over Your Information,Download your data. You can make a request in our Download My Data tool to export a copy of your Snapchat information.,0,low
S001153,Snapchat,Snap_Privacy Policy,Snap_Privacy Policy.docx,1,1,Control Over Your Information,"Object to processing. Depending on where you live and the particular data we are processing, you may have the right to object to our processing of that information. This gets a bit technical, so we’ve explained it in more detail here.",0,low
S001154,Snapchat,Snap_Privacy Policy,Snap_Privacy Policy.docx,1,1,Control Over Your Information,"Set advertising preferences. We try to show you ads that we think will be relevant to your interests, but if you’d like to have a less personalized experience, you can change your advertising settings in the Snapchat app. Learn more here.",0,low
S001155,Snapchat,Snap_Privacy Policy,Snap_Privacy Policy.docx,1,1,Control Over Your Information,"Tracking. If you use an iPhone with iOS 14.5 or above, some specific requirements apply, which we’ve specified here.",0,low
S001156,Snapchat,Snap_Privacy Policy,Snap_Privacy Policy.docx,1,1,Information We Collect,"This section provides you with details on what information we collect: what you provide to us, what we collect when you use Snapchat, and information we receive from other companies or apps you’ve connected to your Snapchat account. Sometimes, we may also collect additional information, with your permission.",0,low
S001157,Snapchat,Snap_Privacy Policy,Snap_Privacy Policy.docx,1,1,Information We Collect,"When you use our Services, such as Snapchat, we collect information you provide to us, generate information when you use our Services, and in some cases receive data from others. Let’s break these down in more detail.",0,low
S001158,Snapchat,Snap_Privacy Policy,Snap_Privacy Policy.docx,1,1,Information You Provide,"Many of our Services require you to set up an account. To do this, we ask you to provide us with account details. When you set up your profile, you’ll also provide us with profile details (like your Bitmoji and profile picture). If you use our commerce products to buy something, like those latest sneakers, we may ask you for payment and related information (like your physical address, so we can ship the product to you, payment information, so we can process the payment, and transaction history). Based on your region, we may also use information you provide to estimate or infer your age or ask you to verify your age.",0,low
S001159,Snapchat,Snap_Privacy Policy,Snap_Privacy Policy.docx,1,1,Information You Provide,"Of course, you’ll also provide us with information you send through or save within our Services, including content and information about that content, and content you share and generate with our AI Features (content, or “Inputs,” including text, images, video, audio, precise location, and engagement, including content you share with My AI, used to generate content and responses, or “Outputs,”). We consider some of this information to be private content and communications (like Snaps and Chats with your friends, voice and video calls, and content that is saved in My Eyes Only). Or content you share with a particular audience like private & friend stories (My Story set to Friends, Private Stories). On the other end of the spectrum, some of the information you send through or save within our Services may be public content that is accessible to everyone (such as Public Story content, including My Story set to Everyone, Shared Stories, and Community Stories, Spotlight or Snap Map submissions, and Public Profile information). Keep in mind that Snapchatters who view your Snaps, Chats, and any other content, can always screenshot that content, save it, or copy it outside the Snapchat app. So please don’t send messages or share content that you wouldn’t want someone to save or share.",0,low
S001160,Snapchat,Snap_Privacy Policy,Snap_Privacy Policy.docx,1,1,Information You Provide,"Lastly, when you contact Support (content and communications shared with Support) or our Safety team, or communicate with us in any other way, including through our research efforts (like responses to surveys, consumer panels, or other research questions) we’ll collect whatever information you provide or that we need to resolve your question.",0,low
S001161,Snapchat,Snap_Privacy Policy,Snap_Privacy Policy.docx,1,1,Information We Generate When You Use Our Services,"When you use our Services, we collect information about which of those Services you’ve used and how you’ve used them. This helps us better understand the way our community uses our Services so that we can make improvements.",0,low
S001162,Snapchat,Snap_Privacy Policy,Snap_Privacy Policy.docx,1,1,Information We Generate When You Use Our Services,"This includes usage information (information about how you interact with our Services — for example, which Lenses you view and apply, your premium subscriptions, Stories you watch, and how often you interact with other Snapchatters) and content information (information about content you create or provide, your engagement with the camera and creative tools, your interactions with My AI, and metadata — for example, information about the content itself like the date and time it was posted and who viewed it). Content information includes information based on the content of the image, video, or audio — so if you post a Spotlight of a basketball game, we may use that information to show you more content on Spotlight about basketball, or if you enable certain face grouping features, we may use information about faces detected in your Memories to help you organize and find Snaps featuring the same person.",0,low
S001163,Snapchat,Snap_Privacy Policy,Snap_Privacy Policy.docx,1,1,Information We Generate When You Use Our Services,"This also includes device information (such as your device hardware or software, operating system, device memory, advertising identifiers, apps installed, browser type, information from device sensors that measure the motion of your device or compasses and microphones, including whether you have headphones connected, and information about your wireless and mobile connections), IP address-based location information (IP address), information collected by cookies and similar technologies, depending on your settings, (cookies, pixels (small graphic data that recognize user activity, such as if and how often a user has visited a website), web storage, unique advertising identifiers), and log information (such as details about how you’ve used our Services, access times, pages viewed, IP address, and unique identifiers like cookies).",0,low
S001164,Snapchat,Snap_Privacy Policy,Snap_Privacy Policy.docx,1,1,Information We Generate When You Use Our Services,"If you’ve explicitly granted device-level permissions, device information may also include information about your device phonebook (contacts and related information), images and other information from your device’s camera, photos, and microphone (like the ability to take photos, videos, view stored photos and videos, and access the microphone to record audio while recording video), and precise location information (precise location through methods like GPS signals).",0,low
S001165,Snapchat,Snap_Privacy Policy,Snap_Privacy Policy.docx,1,1,Data We Receive From Others,"The last category of data we collect is information about you that we may receive from others, such as other users, our affiliates, and third parties. This includes linked third-party service data (information we get when you link your Snapchat account to another service), data from advertisers (information from advertisers, app developers, publishers, and other third parties to help target or measure the performance of ads), contact info from other Snapchatters or third parties (if another Snapchatter uploads their contact list which includes your information, we may combine that with other information we have about you to better understand who you may want to communicate with. Or, if you provide us with your contact information, we may use that to determine if we can communicate with you in other ways, like SMS, email, or other messaging services), and data relating to potential violations of our Terms (we may receive information from third parties, including website publishers, social network providers, law enforcement, and others, about potential violators of our Terms of Service and Community Guidelines).",0,low
S001166,Snapchat,Snap_Privacy Policy,Snap_Privacy Policy.docx,1,1,"Other Information, With Your Permission","Additionally, there may be instances when you interact with our Services that we will ask your permission to collect additional information. For example, before accessing your device’s camera roll or your device or third party contact book.",0,low
S001167,Snapchat,Snap_Privacy Policy,Snap_Privacy Policy.docx,1,1,How We Use Information,"This section explains how we use the information we collect. Among other things, we use the information we collect to provide you with personalized products and Services that we work hard to build and improve. Below, we walk through each purpose for which we use information in detail. If you’d like to see a mapping of the data we collect with the purposes for which we collect it, we have a table here.",0,low
S001168,Snapchat,Snap_Privacy Policy,Snap_Privacy Policy.docx,1,1,How We Use Information,"Keep Things Up & Running (i.e., operate, deliver, and maintain our Services)",0,low
S001169,Snapchat,Snap_Privacy Policy,Snap_Privacy Policy.docx,1,1,How We Use Information,"We use the information we collect in order to operate, deliver, and maintain our Services. For example, by delivering a Snap you want to send to a friend or, if you share your location on Snap Map, to show you suggestions like places you might like in your neighborhood, content others have posted to the Map, or your friends if they’re sharing their location with you. We also use some of your information to help keep our products up to date, for example to make sure that our Services work with the latest operating systems and devices.",0,low
S001170,Snapchat,Snap_Privacy Policy,Snap_Privacy Policy.docx,1,1,Personalize Your Experience & Give Context,"We offer personalized Services to Snapchatters. One of the ways we do this is by showing you content that is relevant to you or we think you may enjoy based on the information you share with us. To do so, we use information about you across different areas of the Services in order to add context to your Snapchat experience. For example, we automatically tag content with labels based on the content, your location, or the time of day. So, if there's a dog in the photo, it may be searchable in Memories by the term “dog,” show up on the Map at the location where you created the Memory, and inform us that you’re into dogs so we can surface you fun dog videos and dog food ads in other parts of our Services, such as Spotlight. If you enable certain face grouping features, we may use information about faces in your Memories to improve search, organization, and personalization in Memories (for example, by suggesting Memories with the same friend).",0,low
S001171,Snapchat,Snap_Privacy Policy,Snap_Privacy Policy.docx,1,1,Personalize Your Experience & Give Context,"Personalization can also help with suggesting friends or recommending a new friend to send a Snap to based on who you Snap with the most. We may show recommended places on the Snap Map, generate content with our AI Features like stickers or Snaps, infer your age or interests based on your content or activity, or customize the content we show you, including ads. For example, if you watch barista content on Spotlight, talk to My AI about your favorite espresso machine, or save a lot of coffee-related Snaps in your Memories, we may highlight coffee shops on the Snap Map when you visit a new city or show you content about coffee that you may find interesting or relevant. Or, if you interact with a lot of music venues we may use that to show you ads for upcoming shows in town. Personalization also includes tailoring your experience based on who you interact with most and what your friends are doing, including showing you content your friends create, like, or enjoy on Spotlight or Place recommendations that are popular with your friends.",0,low
S001172,Snapchat,Snap_Privacy Policy,Snap_Privacy Policy.docx,1,1,Personalize Your Experience & Give Context,Our goal is to continuously provide you with more relevant and interesting content.,0,low
S001173,Snapchat,Snap_Privacy Policy,Snap_Privacy Policy.docx,1,1,Personalize Your Experience & Give Context,"For example, if you watch a lot of sports content, but skip content with hair and makeup tips, our recommendation algorithms will prioritize sports, but not those makeup tips. You can learn more about how we understand Snapchatter preferences and rank and moderate content here.",0,low
S001174,Snapchat,Snap_Privacy Policy,Snap_Privacy Policy.docx,1,1,Personalize Your Experience & Give Context,"We believe it is critical to also balance the benefits of personalization with our Snapchatters’ expectations of privacy. For example, we may automatically tag the Snaps you save to Memories based on the content within it (e.g., the Snap contained a dog), and then use that tag to personalize your experience, make recommendations, or show you ads (such as showing you Spotlight Snaps containing dogs). We do not use the private content and communications you send to people who are your friends to personalize your experience, make recommendations, or show you ads.",0,low
S001175,Snapchat,Snap_Privacy Policy,Snap_Privacy Policy.docx,1,1,Provide Relevant Ads,"Another way we provide a personalized Service is through the ads we show. We use your interests and preferences from the information we’ve collected to personalize, target, and measure ads. We think ads are best when they’re relevant. That’s why we try to select the right ads and show them to you at the right time. For example, if you’ve interacted with ads for video games, we will infer that you like video games, and show you similar ads, but those won’t be the only ads you see. Similar to our content strategy, we try to ensure you receive a variety of ads. We also use your information to avoid showing you ads you probably won’t be interested in. For example, if a ticketing site tells us you’ve previously bought tickets for a movie — we can stop showing you ads for it. You can learn about the different types of advertising and your choices about which ads you receive here.",0,low
S001176,Snapchat,Snap_Privacy Policy,Snap_Privacy Policy.docx,1,1,Provide Relevant Ads,"You can learn more about how we collect, use, and share your information for advertising purposes here.",0,low
S001177,Snapchat,Snap_Privacy Policy,Snap_Privacy Policy.docx,1,1,Provide Relevant Ads,"A note about information collected by cookies and other technologies: we may use these technologies to collect information when you interact with Services we offer through one of our partners. For example, we may use information collected on an advertiser’s website to show you more relevant ads. Most web browsers are set to accept cookies by default. If you prefer, you can usually remove or reject browser cookies through the settings on your browser or device. Keep in mind, though, that removing or rejecting cookies could affect the availability and functionality of our Services. To learn more about how we and our partners use cookies on our Services and your choices, please check out our Cookie Policy.",0,low
S001178,Snapchat,Snap_Privacy Policy,Snap_Privacy Policy.docx,1,1,"Develop & Improve Features, Algorithms & Machine Learning Models","Our teams are constantly coming up with new ideas for features and ways to improve our Services. In order to do this, we also develop and improve the algorithms and machine learning models (an expression of an algorithm that combs through significant amounts of data to find patterns or make predictions) that make our features and Services work, including through our AI features. Our AI features typically use generative AI (artificial intelligence capable of generating text, images, or other media, using generative models. Generative AI models learn the patterns and structure of their input training data and then generate new data that has similar characteristics). We use algorithms, machine learning models, and generative AI for personalization, advertising, safety and security, fairness and inclusivity, augmented reality, and to prevent abuse or other Terms or Community Guidelines violations. For example, our algorithms and machine learning models take into account the conversations Snapchatters are having with My AI to improve the responses from My AI.",0,low
S001179,Snapchat,Snap_Privacy Policy,Snap_Privacy Policy.docx,1,1,"Develop & Improve Features, Algorithms & Machine Learning Models","Your information can help us decide what kind of improvements we should make, but we are always focused on privacy — and we don’t want to use more of your personal information than necessary to develop our features and models.",0,low
S001180,Snapchat,Snap_Privacy Policy,Snap_Privacy Policy.docx,1,1,Analytics,"In order to understand what to build or how to improve our Services, we need to understand trends and demand for our features. For example, we monitor metadata and trends about Group Chat use to help decide whether we should change parts of the feature, like the maximum size of a Group. Studying data from Snapchatters can help us see trends in the ways that people use the Services. This helps inspire us to improve Snapchat on a larger scale. We perform analytics in order to identify, monitor, and analyze trends and usage. Based on this information, we will, among other things, create information about our users to help us understand demand.",0,low
S001181,Snapchat,Snap_Privacy Policy,Snap_Privacy Policy.docx,1,1,Research,"We conduct research to better understand general consumer interests, trends, and how our Services are used by you and others in our community. This information, along with analytics (as we described above), helps us understand more about our community and about how our Services fit into the lives of those in our community. We also engage in research and development to develop new techniques and technologies (e.g., new machine learning models or hardware, such as SPECS). The results of our research are sometimes used in features on Snapchat, and we sometimes publish papers about things like overall behaviors and consumer trends (which will only have aggregated data across our user base, and not contain any of your private content and communications or personal information about you specifically).",0,low
S001182,Snapchat,Snap_Privacy Policy,Snap_Privacy Policy.docx,1,1,Enhance the Safety & Security of Our Services,"We use your information to enhance the safety and security of our Services, verify Snapchatter identity or age, and prevent fraud or other unauthorized or illegal activity. For example, we provide two-factor authentication to help protect your account and can send you email or text messages if we notice any suspicious activity. We also scan URLs sent on Snapchat to see if that webpage is potentially harmful, and can give you a warning about it.",0,low
S001183,Snapchat,Snap_Privacy Policy,Snap_Privacy Policy.docx,1,1,Enhance the Safety & Security of Our Services,"We may use automated tools to detect potential violations of our Terms or Community Guidelines including harmful or unlawful activity and confirm age-appropriate use. These tools may use signals such as account, device, usage, and content-related information described in this Policy.",0,low
S001184,Snapchat,Snap_Privacy Policy,Snap_Privacy Policy.docx,1,1,Contacting You,"Sometimes we’ll get in touch with you to promote new or existing features. This includes sending Snapchatters communications through Snapchat, email, SMS, or other messaging platforms, where permitted. For example, we may use the Snapchat app, email, SMS, or other messaging platforms to share information about our Services and promotional offers that we think may interest you.",0,low
S001185,Snapchat,Snap_Privacy Policy,Snap_Privacy Policy.docx,1,1,Contacting You,"Other times, we need to communicate with you to provide information, alerts, or to send messages our users ask us to deliver at their request. This may include sending communications through Snapchat, email, SMS, or other messaging platforms, where permitted, to deliver account status updates, security alerts, and Chat or friending reminders; it may also include fulfilling our user’s request to send invites or Snapchat content to non-Snapchatters.",0,low
S001186,Snapchat,Snap_Privacy Policy,Snap_Privacy Policy.docx,1,1,Support,"When you ask for help, we want to get you support as quickly as possible. In order to provide you, the Snapchatter community, and our business partners with the help needed to resolve issues with our Services, we often need to use the information we have collected to respond.",0,low
S001187,Snapchat,Snap_Privacy Policy,Snap_Privacy Policy.docx,1,1,Enforce Our Terms & Policies,"We use the data we collect to enforce our Terms, policies, and the law. This includes enforcing, investigating, and reporting conduct that violates our Terms, policies, or the law, responding to requests from law enforcement, and complying with legal requirements. For example, when unlawful content is posted on our Services, we may need to enforce our Terms and other policies. In some cases, we may also use or share your information to cooperate with law enforcement requests, escalate safety issues to law enforcement, industry partners, or others, or comply with our legal obligations, including to verify the ages of our users. Check out our Transparency Report to learn more.",1,medium
S001188,Snapchat,Snap_Privacy Policy,Snap_Privacy Policy.docx,1,1,"Other Purposes, With Your Permission","Additionally, there may be instances when you interact with our Services that we will ask for your permission to use your information in a new, different, or otherwise specific way.",0,low
S001189,Snapchat,Snap_Privacy Policy,Snap_Privacy Policy.docx,1,1,How We Share Information,"This section explains who we share information with, what that information may include, and the reasons for sharing that information, including when we need to transfer it outside of the country it was collected from.",0,low
S001190,Snapchat,Snap_Privacy Policy,Snap_Privacy Policy.docx,1,1,Recipients & Reasons for Sharing,"Snapchat. To provide our Services to you and our community, we may share some of your information with your friends on Snapchat or other Snapchatters. For example, the content you post to Stories, your current or recent activity status, or your status as a premium subscriber, can be viewed by your Friends if you allow it. See the Control Over Your Information section and your Settings for the controls you have over who sees what and when.",0,low
S001191,Snapchat,Snap_Privacy Policy,Snap_Privacy Policy.docx,1,1,Recipients & Reasons for Sharing,"Family Center Participants. When you have enabled Family Center, we share information about the connected teen account to the parent or guardian to provide insight about how the account is used, for example, who your Friends are on Snapchat or which friends you may be sharing your location with. We do not share the content of private content and communications. Learn more.",0,low
S001192,Snapchat,Snap_Privacy Policy,Snap_Privacy Policy.docx,1,1,Recipients & Reasons for Sharing,"Public. Most of the features on Snapchat are private and for Friends only, but we also offer features that allow you to create and share public content to showcase your best Snaps to the world, such as Spotlight, Snap Map, or your Public Profile. When you do this, those Snaps may also be discoverable outside of Snapchat, for example on the web. Some information, like your username and Bitmoji, are visible to the public. Learn more.",0,low
S001193,Snapchat,Snap_Privacy Policy,Snap_Privacy Policy.docx,1,1,Recipients & Reasons for Sharing,"Third-Party Apps. Sometimes we provide features that allow you to connect with third-party apps. If you decide to connect your Snapchat account with a third-party app, we will share any additional information associated with your account that you direct us to for the purpose of fulfilling the connection request.",0,low
S001194,Snapchat,Snap_Privacy Policy,Snap_Privacy Policy.docx,1,1,Recipients & Reasons for Sharing,"Service Providers. We share your information with our service providers, who process that information on our behalf. For example, we rely on such Service Providers to facilitate payments, measure and optimize the performance of ads, or protect the services. We do not share private content and communications with our service providers to use for their own purposes. We maintain a list of categories of service providers here.",0,low
S001195,Snapchat,Snap_Privacy Policy,Snap_Privacy Policy.docx,1,1,Recipients & Reasons for Sharing,"Business and Integrated Partners. We share your information with business and integrated partners in order to provide the Services. For example, you can use OpenTable within Snapchat to reserve a table. This does not include sharing private content and communications. We maintain a list of these partners here.",0,low
S001196,Snapchat,Snap_Privacy Policy,Snap_Privacy Policy.docx,1,1,Recipients & Reasons for Sharing,"Anti-Fraud Partners. We share your information, such as device and usage information, with industry partners working to prevent fraud.",0,low
S001197,Snapchat,Snap_Privacy Policy,Snap_Privacy Policy.docx,1,1,Recipients & Reasons for Sharing,"Legal, Safety, and Security Partners. We share your information as necessary for the following legal, safety, and security reasons: comply with any valid legal process, governmental request, or applicable law, rule, or regulation.",0,low
S001199,Snapchat,Snap_Privacy Policy,Snap_Privacy Policy.docx,1,1,Recipients & Reasons for Sharing,"investigate, remedy, or enforce potential Terms of Service and Community Guidelines violations.",0,low
S001200,Snapchat,Snap_Privacy Policy,Snap_Privacy Policy.docx,1,1,Recipients & Reasons for Sharing,"protect the rights, property, or safety of us, our users, or others.",0,low
S001201,Snapchat,Snap_Privacy Policy,Snap_Privacy Policy.docx,1,1,Recipients & Reasons for Sharing,detect and resolve any fraud or security concerns.,0,low
S001202,Snapchat,Snap_Privacy Policy,Snap_Privacy Policy.docx,1,1,Recipients & Reasons for Sharing,"Affiliates. Snap Inc. consists of different subsidiaries owned by us. We may share your information within those internal subsidiaries at your direction, the direction of other users, or as needed to carry out our own and our affiliates’ Services.",0,low
S001203,Snapchat,Snap_Privacy Policy,Snap_Privacy Policy.docx,1,1,Recipients & Reasons for Sharing,"For the purposes of a Merger or Acquisition. If we were to sell or negotiate to sell our business to a buyer or possible buyer, we may transfer your information to a successor or affiliate as part of that transaction.",0,low
S001204,Snapchat,Snap_Privacy Policy,Snap_Privacy Policy.docx,1,1,Integrated Partners,"Our Services may contain content and integrations offered by our integrated partners. Examples include integrations in Lenses, Camera editing tools, and the Map, and third-party developer integrations with our Services. Your information may be provided to the integrated partner through these integrations, as well as to Snap. We are not responsible for how those partners collect or use your information. As always, we encourage you to review the privacy policies of every third-party service that you visit or use, including those third parties you interact with through our Services. You can learn more about our integrations in Snapchat here.",0,low
S001205,Snapchat,Snap_Privacy Policy,Snap_Privacy Policy.docx,1,1,Integrated Partners,"On iOS we use Apple’s TrueDepth camera to improve the quality of Lenses. Note, however, that this information is used in real time — we don’t store this information on our servers or share it with third parties.",0,low
S001206,Snapchat,Snap_Privacy Policy,Snap_Privacy Policy.docx,1,1,International Data Transfers,"Our Services connect you with your friends around the world. To make that possible, we may collect your personal information from, transfer it to, and store and process it in the United States or other countries outside of where you live. Whenever we share information outside of where you live, we ensure safeguards are in place to protect the data as required by law where you live. If you want to learn more about this, see the Region Specific Information section for more details.",1,medium
S001207,Snapchat,Snap_Privacy Policy,Snap_Privacy Policy.docx,1,1,How Long We Keep Your Information,"In this section we provide you with information on how long we keep your information, why we keep your information, and also highlight how we may need to keep your information to comply with laws, courts, and other obligations.",0,low
S001208,Snapchat,Snap_Privacy Policy,Snap_Privacy Policy.docx,1,1,How Long We Keep Your Information,"As a general rule, we keep information as long as you tell us to, and otherwise as long as we need it to provide our Services, or as required by law. For example, if you store something in Memories, we will keep it as long as you need it, but when you Chat with a friend, our systems are designed to delete Chats you send within 24 hours after your friend reads it (unless you’ve changed your default settings or decide to save it). Whether we retain your data depends on the specific feature, your settings, and how you’re using the Services. Here are some more factors we consider when we decide how long to keep your information: If we need the information to operate or provide our Services. For example, we store your basic account details — like your name, phone number, and email address — to maintain your account.",0,low
S001210,Snapchat,Snap_Privacy Policy,Snap_Privacy Policy.docx,1,1,How Long We Keep Your Information,"To do the things you expect from our Services and as we’ve described within this Privacy Policy. For example, we maintain your list of friends until you ask us to delete them since friends are key to expressing yourself. Similarly, we keep your shared list of contacts until you ask us to remove them in our app settings (note: updating your device permissions may not remove the contacts you’ve previously shared with Snapchat). Learn more. Conversely, Snaps and Chats sent in Snapchat will be deleted by default from our servers within 24 hours after we detect they’ve been opened by all recipients or have expired, unless you’ve changed your default settings or decide to save something, in which case we will honor your choices.",0,low
S001211,Snapchat,Snap_Privacy Policy,Snap_Privacy Policy.docx,1,1,How Long We Keep Your Information,"The information itself. For example, we store location information (IP-address based or precise, depending on your permissions) for different lengths of time based on how precise it is and which Services you use. If location information is associated with a Snap — like those saved to Memories or posted to Snap Map or Spotlight — we’ll retain that location as long as we store the Snap. Pro tip: You can see the location data we retain about you by downloading your data.",0,low
S001212,Snapchat,Snap_Privacy Policy,Snap_Privacy Policy.docx,1,1,How Long We Keep Your Information,How long we need to retain the information to comply with certain legal obligations.,0,low
S001213,Snapchat,Snap_Privacy Policy,Snap_Privacy Policy.docx,1,1,How Long We Keep Your Information,"If we need it for other legitimate purposes, such as to prevent harm, investigate possible violations of our Terms of Service or other policies, investigate reports of abuse, or protect ourselves or others.",0,low
S001214,Snapchat,Snap_Privacy Policy,Snap_Privacy Policy.docx,1,1,How Long We Keep Your Information,Take a look at our Privacy by Product page and support page for details on the specific retention periods for products.,1,medium
S001215,Snapchat,Snap_Privacy Policy,Snap_Privacy Policy.docx,1,1,How Long We Keep Your Information,"Although our systems are designed to delete some of your information automatically, we cannot promise that deletion will take place by a specific time.",0,low
S001216,Snapchat,Snap_Privacy Policy,Snap_Privacy Policy.docx,1,1,How Long We Keep Your Information,"In some cases we need to comply with legal requirements to store your data which stops us from deleting your information. For example, if we receive a notice from a court asking us to keep a copy of your content. Other reasons we may keep a copy of your data are if we get reports of abuse or other Terms or policy violations, or if your account, content created by you, or content created with other Snapchatters is flagged by others or our systems for abuse or other Terms or policy violations. Finally, we may also keep certain information in backup for a limited period of time or as required by law.",0,low
S001217,Snapchat,Snap_Privacy Policy,Snap_Privacy Policy.docx,1,1,How Long We Keep Your Information,"For the latest information about how long we store different types of content, check out our Support Site.",0,low
S001218,Snapchat,Snap_Privacy Policy,Snap_Privacy Policy.docx,1,1,Region Specific Information,"Depending on where you live, you may have additional rights, this section provides more details on region specific information.",0,low
S001219,Snapchat,Snap_Privacy Policy,Snap_Privacy Policy.docx,1,1,Region Specific Information,"We do our best to keep our policies as simple as possible, but depending on where you live, you have some additional rights or there may be specific information that you should be aware of. Please take a look at the list below to see if any apply to you!",0,low
S001220,Snapchat,Snap_Privacy Policy,Snap_Privacy Policy.docx,1,1,United States,Note: The U.S. State Privacy Notice applies only if you are a resident of certain U.S. states that have implemented state-level privacy laws.,0,low
S001221,Snapchat,Snap_Privacy Policy,Snap_Privacy Policy.docx,1,1,United States,Some jurisdictions require that we state our legal basis for processing data for particular purposes. You can find that information here.,0,low
S001222,Snapchat,Snap_Privacy Policy,Snap_Privacy Policy.docx,1,1,Our Audience,Our Services are directed to individuals 13 years and older.,0,low
S001223,Snapchat,Snap_Privacy Policy,Snap_Privacy Policy.docx,1,1,Our Audience,"Our Services are not directed to children under the age of 13, and you must confirm that you are 13 years or older in order to create an account and use our Services. If we have actual knowledge that you are under the age of 13 (or the minimum age at which a person may use the Services in your state, province, or country without parental consent, if greater), we will stop providing Services to you and delete your account and data.",3,high
S001224,Snapchat,Snap_Privacy Policy,Snap_Privacy Policy.docx,1,1,Our Audience,"In addition, we may also limit how we collect, use, and store some of the information of Snapchatters under 18. In some cases, this means we will be unable to provide certain functionality to people under the age of 18.",1,medium
S001225,Snapchat,Snap_Privacy Policy,Snap_Privacy Policy.docx,1,1,Our Audience,"We may use age-assurance measures, including automated tools, to help determine whether users meet minimum age requirements or should receive age-appropriate protections.",0,low
S001226,Snapchat,Snap_Privacy Policy,Snap_Privacy Policy.docx,1,1,Updates to the Privacy Policy,"We may update our Privacy Policy from time to time, and will give you a heads up if we make any changes we think you should know about.",0,low
S001227,Snapchat,Snap_Privacy Policy,Snap_Privacy Policy.docx,1,1,Updates to the Privacy Policy,"We may change this Privacy Policy from time to time. But when we do, we’ll let you know one way or another. Sometimes, we’ll let you know by revising the date at the top of the Privacy Policy that’s available on our website and mobile application. Other times, we may provide you with additional notice (such as adding a statement to our websites’ homepages or providing you with an in-app notification).",0,low
S001228,Snapchat,SnapChatAdPolicy,SnapChatAdPolicy.docx,1,1,1. Introduction,"Snapchat is an app that empowers people to express themselves, live in the moment, learn about the world, and have fun together. It's the easiest and fastest way to communicate the full range of human emotions with your friends without pressure to be popular, pretty, or perfect.",0,low
S001229,Snapchat,SnapChatAdPolicy,SnapChatAdPolicy.docx,1,1,1. Introduction,"In that spirit of authenticity, we expect advertisers to be honest about their products, services, and content, to be kind to our diverse community, and to never compromise Snapchatters’ privacy.",0,low
S001230,Snapchat,SnapChatAdPolicy,SnapChatAdPolicy.docx,1,1,1. Introduction,"These Advertising Policies apply to all aspects of advertisements (“ads”) served by Snap––including any creative elements, landing page, or other relevant components of the ads themselves––and you are responsible for ensuring all ads comply.",0,low
S001231,Snapchat,SnapChatAdPolicy,SnapChatAdPolicy.docx,1,1,1. Introduction,"Advertisers are also required to comply with Snap’s Terms of Service and Community Guidelines, and all other Snap policies governing the use of our Services. We may update our terms, policies, and guidelines from time to time, so please check in and review them regularly.",0,low
S001232,Snapchat,SnapChatAdPolicy,SnapChatAdPolicy.docx,1,1,1. Introduction,"All ads are subject to our review and approval. We reserve the right to reject or remove any ad in our sole discretion for any reason, including in response to user feedback, which we take seriously. We also reserve the right to request modifications to any ad, to require factual substantiation for any claim made in an ad, or to require documents evidencing that you hold any license or authorization which may be required in connection with your ad.",0,low
S001233,Snapchat,SnapChatAdPolicy,SnapChatAdPolicy.docx,1,1,1. Introduction,Snap may suspend or terminate accounts tied to businesses or individuals who violate our Advertising Policies.,0,low
S001234,Snapchat,SnapChatAdPolicy,SnapChatAdPolicy.docx,1,1,1. Introduction,"Snapchatters may share ads with others or save ads to their devices. They may use any of the tools and features we make available in Snapchat to apply captions, drawings, filters, or other creative elements to the ad or, if you run ads in the Audience Network, they may use any tools and features made available where the ad is run. Age-targeted ads can be shared within Snapchat with Snapchatters of any age. To find out if you can restrict ad sharing and ad saving for your ads within Snapchat, please contact your account representative or visit our Business Help Center.",0,low
S001235,Snapchat,SnapChatAdPolicy,SnapChatAdPolicy.docx,1,1,1. Introduction,"We may publish information related to ads (including the creative, targeting, paying entity, contact information, and the price paid for those ads), or share that information with third parties, including: (a) our media partners when your ads run in content related to that media partner; and (b) third parties whose products or services you’ve elected to use in connection with the ads.",0,low
S001236,Snapchat,SnapChatAdPolicy,SnapChatAdPolicy.docx,1,1,1. Introduction,"As we say in our Terms of Service, if you use a service, feature, or functionality that is operated by a third party and made available through our Services (including Services we jointly offer with the third party), each party’s terms will govern the respective party’s relationship with you. Snap and its affiliates are not responsible or liable for a third party’s terms or actions.",0,low
S001237,Snapchat,SnapChatAdPolicy,SnapChatAdPolicy.docx,1,1,2.1 Targeting and Compliance,"All ads must be suitable for their selected audience in each geographic area where the ads will run. Snapchat is a 13+ app, so we will reject ads that are addressed to, or intended to appeal to, children under 13.",2,medium
S001238,Snapchat,SnapChatAdPolicy,SnapChatAdPolicy.docx,1,1,2.1 Targeting and Compliance,"Ads must comply with all applicable laws, statutes, ordinances, rules, public order rules, industry codes, regulations, and cultural sensitivities in each geographic area where the ads will run. Please note: Ads for certain products or services may not be targeted on the basis of gender, age, or location.",0,low
S001240,Snapchat,SnapChatAdPolicy,SnapChatAdPolicy.docx,1,1,2.1 Targeting and Compliance,Certain locations have language requirements.,0,low
S001241,Snapchat,SnapChatAdPolicy,SnapChatAdPolicy.docx,1,1,2.1 Targeting and Compliance,"As a US-based company, Snap will not accept ads targeted to or paid for by entities in countries subject to U.S. trade sanctions or certain other U.S. export control laws.",0,low
S001242,Snapchat,SnapChatAdPolicy,SnapChatAdPolicy.docx,1,1,2.2 Disclosures,"All required disclosures, disclaimers, and warnings in ads must be clear and conspicuous (see Ad Specifications and Guidelines for more detail), and advertisers must be accurately and clearly identified in the ad.",0,low
S001243,Snapchat,SnapChatAdPolicy,SnapChatAdPolicy.docx,1,1,2.3 Privacy: Data Collection and Usage,"Ads may not collect sensitive information or special category data, as defined in the Rules, including any information that is based on or includes: (i) an alleged or actual commission of a crime; (ii) health information, including any “protected health information” or “consumer health data” (as defined in the Personal Data Terms) and any health information further detailed in our Business Help Center; or (iii) information about users’ financial status, racial or ethnic origin, religious beliefs or preferences, sex life or sexual preferences, political opinions, or trade union membership. We permit health-related surveys only from accredited research institutions or public health organizations.",0,low
S001244,Snapchat,SnapChatAdPolicy,SnapChatAdPolicy.docx,1,1,2.3 Privacy: Data Collection and Usage,The advertiser’s privacy policy must be readily accessible where any personal information is collected.,0,low
S001245,Snapchat,SnapChatAdPolicy,SnapChatAdPolicy.docx,1,1,2.3 Privacy: Data Collection and Usage,Personal information must be collected and processed securely. Ads that deceive users into providing personal information under false pretenses are prohibited.,0,low
S001246,Snapchat,SnapChatAdPolicy,SnapChatAdPolicy.docx,1,1,2.3 Privacy: Data Collection and Usage,"Ads must not state or imply knowledge of personal data, sensitive information, online activity, or the precise whereabouts of a user.",0,low
S001247,Snapchat,SnapChatAdPolicy,SnapChatAdPolicy.docx,1,1,Infringing Content,"Ads must not infringe the intellectual property, privacy, publicity, or other legal rights of any person or entity. Advertisers must have all necessary rights and permissions for all elements of their ads. Ads may not feature the name, likeness (including look-alikes), voice (including sound-alikes), or other identifying features of an individual without the individual's consent.",2,medium
S001248,Snapchat,SnapChatAdPolicy,SnapChatAdPolicy.docx,1,1,Infringing Content,"The following is prohibited: Ads for products or services principally used to infringe the intellectual property rights of others, such as those designed to bypass copyright protection mechanisms (for example, software or cable signal descramblers).",0,low
S001250,Snapchat,SnapChatAdPolicy,SnapChatAdPolicy.docx,1,1,Infringing Content,"Ads for products or services principally dedicated to selling counterfeit products, such as imitations of designer or officially-licensed products.",0,low
S001251,Snapchat,SnapChatAdPolicy,SnapChatAdPolicy.docx,1,1,Infringing Content,Ads for products or services with false celebrity testimonials or usage.,0,low
S001252,Snapchat,SnapChatAdPolicy,SnapChatAdPolicy.docx,1,1,Infringing Content,"If you believe your copyright, trademark, or publicity rights have been infringed by an ad served on Snapchat, we encourage you to attempt to contact and resolve your concerns with the advertiser directly. Alternatively, rightsholders and their agents can report alleged intellectual property infringement to Snap here. We take all such reports seriously.",0,low
S001253,Snapchat,SnapChatAdPolicy,SnapChatAdPolicy.docx,1,1,References to Snap,"Ads must not suggest an affiliation with or endorsement by Snap or its products. This means that ads must not use any Snap-owned trademark or copyright, Bitmoji artwork, or representations of the Snapchat user interface, except as permitted in the Snapchat Brand Guidelines or the Bitmoji Brand Guidelines. Nor may ads contain altered or confusingly similar variations of any Snap-owned trademark.",0,low
S001254,Snapchat,SnapChatAdPolicy,SnapChatAdPolicy.docx,1,1,2.5 Creative Quality and Landing Page,All ads must meet high quality and editorial standards. Please visit the Specs and Creative Guidelines section of our Business Help Center for the technical and creative specifications for each of our ad products. Ad creatives that do not meet these guidelines will be rejected.,0,low
S001255,Snapchat,SnapChatAdPolicy,SnapChatAdPolicy.docx,1,1,2.5 Creative Quality and Landing Page,"When reviewing ads, we apply our policies not only to the ad’s creative (such as the “top Snap,” Filter, or Sponsored Lens), but also to the ad’s landing page or other associated elements. We reject ads with landing pages that are: Low quality (e.g., dead links, pages that are non-functional or not formatted for mobile phones)",0,low
S001257,Snapchat,SnapChatAdPolicy,SnapChatAdPolicy.docx,1,1,2.5 Creative Quality and Landing Page,"Disruptive (e.g., unexpected user experiences, sudden loud noises, aggressive flashing)",0,low
S001258,Snapchat,SnapChatAdPolicy,SnapChatAdPolicy.docx,1,1,2.5 Creative Quality and Landing Page,"Irrelevant (e.g., pages that don’t match the product or service being advertised, or that unnecessarily draw out the purchase process in order to expose the user to more and more ads)",0,low
S001259,Snapchat,SnapChatAdPolicy,SnapChatAdPolicy.docx,1,1,2.5 Creative Quality and Landing Page,"Unsafe (e.g., attempts to automatically download files or phish for user data)",0,low
S001260,Snapchat,SnapChatAdPolicy,SnapChatAdPolicy.docx,1,1,2.6 Promotions,Promotions on Snapchat are subject to Snap’s Promotion Rules.,0,low
S001261,Snapchat,SnapChatAdPolicy,SnapChatAdPolicy.docx,1,1,3.1 Adult Content,"All ads must respect the laws and cultural norms of the targeted location, even if they are more strict than the guidelines listed on this page.",0,low
S001262,Snapchat,SnapChatAdPolicy,SnapChatAdPolicy.docx,1,1,3.1 Adult Content,"Adult content includes depictions of, or references to: We conditionally allow adult content that it is not intended to provoke sexual arousal, in these contexts:",0,low
S001264,Snapchat,SnapChatAdPolicy,SnapChatAdPolicy.docx,1,1,Sexual activity,"References to human genitalia sexual anatomy in the context of health, personal grooming, or education.",0,low
S001265,Snapchat,SnapChatAdPolicy,SnapChatAdPolicy.docx,1,1,Sexual activity,"Examples: menstrual products, STI testing, safer sex PSAs from reputable sources, or a trailer for a documentary about human sexual anatomy.",0,low
S001266,Snapchat,SnapChatAdPolicy,SnapChatAdPolicy.docx,1,1,Sexual activity,References and depictions of internal sexual organs in a health context.,0,low
S001267,Snapchat,SnapChatAdPolicy,SnapChatAdPolicy.docx,1,1,Sexual activity,"Examples: pregnancy tests, ovulation kits, pelvic floor therapy.",0,low
S001268,Snapchat,SnapChatAdPolicy,SnapChatAdPolicy.docx,1,1,Sexual activity,"Incidental depictions of the pelvic area, if clothed.",0,low
S001269,Snapchat,SnapChatAdPolicy,SnapChatAdPolicy.docx,1,1,"Examples: belts, compression shorts, bikini bottoms",Emphasis on frequently-sexualized body parts that are relevant to a non-sexualerotic product or service.,0,low
S001270,Snapchat,SnapChatAdPolicy,SnapChatAdPolicy.docx,1,1,"Examples: belts, compression shorts, bikini bottoms","Examples: ads for swimwear, bare abdominal muscles in ads for exercise programs, or references to butts in an ad for a comfortable chair.",0,low
S001271,Snapchat,SnapChatAdPolicy,SnapChatAdPolicy.docx,1,1,"Examples: belts, compression shorts, bikini bottoms",References to sexual activity in a health or public safety context.,0,low
S001272,Snapchat,SnapChatAdPolicy,SnapChatAdPolicy.docx,1,1,"Examples: belts, compression shorts, bikini bottoms","Examples: an educational PSA about sexual consent, or positive references to sexual orientation or gender identity.",1,medium
S001273,Snapchat,SnapChatAdPolicy,SnapChatAdPolicy.docx,1,1,Dating ads (as long as there are no references to sexual activity),"We restrict content that is sexually suggestive (i.e., intended to provoke sexual arousal, without being explicit). Suggestive content must be age-gated 18+ (or the age of majority in the targeted location). We do not permit sexually suggestive Sponsored Lenses. Restricted sexually suggestive content includes: References to sexual anatomy human genitalia or non-specific sexual activity outside of a health, grooming or educational context.",0,low
S001275,Snapchat,SnapChatAdPolicy,SnapChatAdPolicy.docx,1,1,Dating ads (as long as there are no references to sexual activity),"Examples: a movie trailer with sexual innuendo, vibrator ads that do not use graphic language or imagery to describe their purposeallude to masturbation (without graphic language), condom ads that use non-specific phrases like “getting it on.”",0,low
S001276,Snapchat,SnapChatAdPolicy,SnapChatAdPolicy.docx,1,1,Dating ads (as long as there are no references to sexual activity),Emphasis on frequently-sexualized body parts that are not relevant to the product or service.,0,low
S001277,Snapchat,SnapChatAdPolicy,SnapChatAdPolicy.docx,1,1,Dating ads (as long as there are no references to sexual activity),We prohibit content that is sexually explicit. This includes: Sexual solicitation of any kind.,0,low
S001279,Snapchat,SnapChatAdPolicy,SnapChatAdPolicy.docx,1,1,Dating ads (as long as there are no references to sexual activity),"Depictions or graphic descriptions of genitalia in any context, exposed nipples or bare buttocks, or partially-obscured nudity.",0,low
S001280,Snapchat,SnapChatAdPolicy,SnapChatAdPolicy.docx,1,1,Dating ads (as long as there are no references to sexual activity),Examples: a person that is naked except for body paint or emojis.,0,low
S001281,Snapchat,SnapChatAdPolicy,SnapChatAdPolicy.docx,1,1,Dating ads (as long as there are no references to sexual activity),"Depictions of, or references to specific sex acts, in any context. This includes gestures that imitate a specific sex act, with or without props.",0,low
S001282,Snapchat,SnapChatAdPolicy,SnapChatAdPolicy.docx,1,1,Dating ads (as long as there are no references to sexual activity),Dating ads that emphasize casual sexual encounters.,0,low
S001283,Snapchat,SnapChatAdPolicy,SnapChatAdPolicy.docx,1,1,Dating ads (as long as there are no references to sexual activity),Sexual solicitation of any kind.,0,low
S001284,Snapchat,SnapChatAdPolicy,SnapChatAdPolicy.docx,1,1,Adult entertainment,"Examples: pornography, sexual live streams, strip clubs, burlesque.",0,low
S001285,Snapchat,SnapChatAdPolicy,SnapChatAdPolicy.docx,1,1,Adult entertainment,Non-consensual sexual material.,0,low
S001286,Snapchat,SnapChatAdPolicy,SnapChatAdPolicy.docx,1,1,"Depictions of, or gratuitous references to sexual violence","Examples: graphic movie trailers that depict sexual assault, self-defense products that describe attempted sexual assault",0,low
S001287,Snapchat,SnapChatAdPolicy,SnapChatAdPolicy.docx,1,1,Alcohol,Ads that promote or reference alcohol must not: Target or be likely to appeal particularly to people under the legal drinking age in the territory where the ad will run.,0,low
S001289,Snapchat,SnapChatAdPolicy,SnapChatAdPolicy.docx,1,1,Alcohol,Encourage or depict excessive or irresponsible consumption of alcohol.,0,low
S001290,Snapchat,SnapChatAdPolicy,SnapChatAdPolicy.docx,1,1,Alcohol,Negatively portray abstinence or moderate consumption.,0,low
S001291,Snapchat,SnapChatAdPolicy,SnapChatAdPolicy.docx,1,1,Alcohol,Exploit an individual who is drunk or otherwise intoxicated.,0,low
S001292,Snapchat,SnapChatAdPolicy,SnapChatAdPolicy.docx,1,1,Alcohol,"Glamorize alcohol, or otherwise misrepresent the effects of consuming alcohol (for example, by suggesting alcohol will improve professional, physical, or mental performance, or health), or imply that alcohol is necessary for success or social advancement",0,low
S001293,Snapchat,SnapChatAdPolicy,SnapChatAdPolicy.docx,1,1,Alcohol,"Associate alcohol with operating a vehicle or other activities that require a certain degree of skill or physical coordination, or with any illegal behavior.",0,low
S001294,Snapchat,SnapChatAdPolicy,SnapChatAdPolicy.docx,1,1,Alcohol,Show anyone drinking who appears to be under the age of 25.,0,low
S001295,Snapchat,SnapChatAdPolicy,SnapChatAdPolicy.docx,1,1,Alcohol,"Mandatory warning labels, such as “please drink responsibly” or its local variation (if applicable) must be prominently displayed in the ad.",0,low
S001296,Snapchat,SnapChatAdPolicy,SnapChatAdPolicy.docx,1,1,Alcohol,"Snap does not permit targeting ads that promote or reference alcohol to the following countries: Algeria, Bahrain, Egypt, Indonesia, Jordan, Kazakhstan, Kuwait, Lithuania, Morocco, Nigeria, Norway, Oman, Pakistan, Qatar, Saudi Arabia, Tunisia, Turkey, and the United Arab Emirates.",0,low
S001298,Snapchat,SnapChatAdPolicy,SnapChatAdPolicy.docx,1,1,Alcohol,"Ads for alcohol products must be age targeted to at least 18+, or the applicable minimum drinking age in the country to which you are advertising: Canada: 19+.",0,low
S001300,Snapchat,SnapChatAdPolicy,SnapChatAdPolicy.docx,1,1,Alcohol,"Japan, Thailand: 20+.",0,low
S001301,Snapchat,SnapChatAdPolicy,SnapChatAdPolicy.docx,1,1,Alcohol,United States: 21+.,0,low
S001302,Snapchat,SnapChatAdPolicy,SnapChatAdPolicy.docx,1,1,Alcohol,Sweden: 25+.,0,low
S001303,Snapchat,SnapChatAdPolicy,SnapChatAdPolicy.docx,1,1,Alcohol,"India: either 18+, 21+, or 25+ depending on the States or Union Territories being targeted.",0,low
S001304,Snapchat,SnapChatAdPolicy,SnapChatAdPolicy.docx,1,1,Illegal Drugs,We prohibit the depiction of illegal drug use or the recreational use of pharmaceuticals.,0,low
S001305,Snapchat,SnapChatAdPolicy,SnapChatAdPolicy.docx,1,1,CBD Products,"We allow some limited ads for cannabis, CBD and related products, where legal, with appropriate targeting. To get started, please fill out this Health Related Products & Services Advertiser Form.",0,low
S001306,Snapchat,SnapChatAdPolicy,SnapChatAdPolicy.docx,1,1,CBD Products,Ads must not: Depict anyone consuming the product in any way.,0,low
S001308,Snapchat,SnapChatAdPolicy,SnapChatAdPolicy.docx,1,1,CBD Products,"Contain any efficacy claims surrounding the product's ability to treat or cure legitimate medical conditions: e.g. ""Treat your depression and anxiety.""",0,low
S001310,Snapchat,SnapChatAdPolicy,SnapChatAdPolicy.docx,1,1,CBD Products,"e.g. ""Remove your stress and joint pain.""",0,low
S001311,Snapchat,SnapChatAdPolicy,SnapChatAdPolicy.docx,1,1,CBD Products,"e.g. “Eliminate brain fog.""",0,low
S001312,Snapchat,SnapChatAdPolicy,SnapChatAdPolicy.docx,1,1,Tobacco,We do not allow the depiction or promotion of tobacco or vaping products except in the context of public health messaging or smoking cessation. Vapes sales of any kind are prohibited.,0,low
S001313,Snapchat,SnapChatAdPolicy,SnapChatAdPolicy.docx,1,1,Weapons and Explosives,"We prohibit ads for the sales of weapons and explosives and related accessories. This includes firearms, ammunition, fireworks, combat knives and pepper spray. Imagery of weapons, including on merchandise, is prohibited.",0,low
S001314,Snapchat,SnapChatAdPolicy,SnapChatAdPolicy.docx,1,1,Weapons and Explosives,Advocacy for safe weapon usage is permitted.,0,low
S001315,Snapchat,SnapChatAdPolicy,SnapChatAdPolicy.docx,1,1,Prescription Medications,"For specific guidance on best practices for prescription medication advertising, please visit the “Health” section below.",0,low
S001316,Snapchat,SnapChatAdPolicy,SnapChatAdPolicy.docx,1,1,3.3 Entertainment,"Ads for movies, videogames, and television shows must be age-targeted to the intended audience of the content they promote.",0,low
S001317,Snapchat,SnapChatAdPolicy,SnapChatAdPolicy.docx,1,1,3.3 Entertainment,"When illegal, regulated, dangerous, violent or otherwise harmful elements are presented in a fictional, newsworthy or documentary context, we will review based on appropriateness for the targeted audience, and whether the fictional nature is clear enough to the user.",0,low
S001318,Snapchat,SnapChatAdPolicy,SnapChatAdPolicy.docx,1,1,3.4 Health,Ads for health related products and services must only promote those products or services that have been approved by the local regulatory authorities in each of the countries targeted.,0,low
S001319,Snapchat,SnapChatAdPolicy,SnapChatAdPolicy.docx,1,1,Prescription Medicines,"All advertisers of prescription medicines must be pre-approved by Snap and may be required to submit proof of authorization to advertise the medicine in the applicable jurisdiction. To get started, please fill out this Health Related Products & Services Advertiser Form.",0,low
S001320,Snapchat,SnapChatAdPolicy,SnapChatAdPolicy.docx,1,1,Prescription Medicines,"Snap permits targeting ads for prescription medications only to the following countries: Algeria, Bahrain, Canada, Costa Rica, Egypt, Hong Kong, Japan, Kuwait, New Zealand, Oman, Qatar, Saudi Arabia, Singapore, Tunisia, the United Arab Emirates, and the United States.",0,low
S001322,Snapchat,SnapChatAdPolicy,SnapChatAdPolicy.docx,1,1,Prescription Medicines,"In the United States, prescription medicines cannot target Washington State.",0,low
S001323,Snapchat,SnapChatAdPolicy,SnapChatAdPolicy.docx,1,1,Prescription Medicines,"Weight loss injectables are considered prescription medication and must follow the process outlined above. For more details on creative best practices, please visit the “Diet, Fitness, and Weight Loss” section below.",0,low
S001324,Snapchat,SnapChatAdPolicy,SnapChatAdPolicy.docx,1,1,Over the Counter (OTC) Medicines,"All advertisers of OTC medicines must be pre-approved by Snap and may be required to submit proof of authorization to advertise the medicine in the applicable jurisdiction. To get started, please fill out this Health Related Products & Services Advertiser Form.",0,low
S001325,Snapchat,SnapChatAdPolicy,SnapChatAdPolicy.docx,1,1,Over the Counter (OTC) Medicines,"Ads must not: Contain over-exaggerated, unhealthy, or unrealistic claims.",0,low
S001327,Snapchat,SnapChatAdPolicy,SnapChatAdPolicy.docx,1,1,Over the Counter (OTC) Medicines,"e.g. “This ointment will treat arthritis.""",0,low
S001328,Snapchat,SnapChatAdPolicy,SnapChatAdPolicy.docx,1,1,Over the Counter (OTC) Medicines,Imply prescription-strength efficacy.,0,low
S001329,Snapchat,SnapChatAdPolicy,SnapChatAdPolicy.docx,1,1,Over the Counter (OTC) Medicines,"e.g. “Our pain reliever is as strong as prescription medication without the need for a doctor!""",0,low
S001330,Snapchat,SnapChatAdPolicy,SnapChatAdPolicy.docx,1,1,Over the Counter (OTC) Medicines,"Snap does not permit targeting ads for OTC medicines to the following countries: Colombia, Iraq, Lebanon, Romania, Spain, and Turkey.",0,low
S001332,Snapchat,SnapChatAdPolicy,SnapChatAdPolicy.docx,1,1,Over the Counter (OTC) Medicines,Age targeting is required in the following countries: Czech Republic: 15+.,0,low
S001334,Snapchat,SnapChatAdPolicy,SnapChatAdPolicy.docx,1,1,Over the Counter (OTC) Medicines,"Israel, and the United Kingdom: 16+.",0,low
S001335,Snapchat,SnapChatAdPolicy,SnapChatAdPolicy.docx,1,1,Over the Counter (OTC) Medicines,"Argentina, Egypt, Finland, Italy, Kuwait, Lithuania, Oman, Poland, Portugal, Russia, and Sweden: 18+.",0,low
S001336,Snapchat,SnapChatAdPolicy,SnapChatAdPolicy.docx,1,1,Health and Wellness Supplements,"Health and wellness supplement advertisers must be pre-approved by Snap and may be required to submit proof of authorization to advertise the product in the applicable jurisdiction. To get started, please fill out this Health Related Products & Services Advertiser Form.",0,low
S001337,Snapchat,SnapChatAdPolicy,SnapChatAdPolicy.docx,1,1,Health and Wellness Supplements,Advertisers must not: Promote products that may present risks for consumers (such as those included in advisories by local regulatory agencies).,0,low
S001339,Snapchat,SnapChatAdPolicy,SnapChatAdPolicy.docx,1,1,Health and Wellness Supplements,"Contain over-exaggerated, unhealthy, or unrealistic claims.",0,low
S001340,Snapchat,SnapChatAdPolicy,SnapChatAdPolicy.docx,1,1,Health and Wellness Supplements,e.g. “This product will eliminate brain fog.”,0,low
S001341,Snapchat,SnapChatAdPolicy,SnapChatAdPolicy.docx,1,1,Health and Wellness Supplements,e.g. “You can cure your depression.”,0,low
S001342,Snapchat,SnapChatAdPolicy,SnapChatAdPolicy.docx,1,1,Health and Wellness Supplements,e.g. “Permanently remove all knee pain.”,0,low
S001343,Snapchat,SnapChatAdPolicy,SnapChatAdPolicy.docx,1,1,Health and Wellness Supplements,"Promote weight loss supplements, including fat burners and appetite suppressants.",0,low
S001344,Snapchat,SnapChatAdPolicy,SnapChatAdPolicy.docx,1,1,Health and Wellness Supplements,"Age targeting is required in the following countries: Colombia, Greece, Kuwait, Puerto Rico and the United States: 18+.",0,low
S001346,Snapchat,SnapChatAdPolicy,SnapChatAdPolicy.docx,1,1,"Diet, Fitness, and Weight Loss","Ads for diet, fitness, and weight loss products or services must be socially responsible. Ads that reference weight loss must be targeted 18+. Weight loss supplements are not permitted.",0,low
S001347,Snapchat,SnapChatAdPolicy,SnapChatAdPolicy.docx,1,1,"Diet, Fitness, and Weight Loss","Approvable ads in this category must not: Contain over-exaggerated, unhealthy, or unrealistic claims.",0,low
S001349,Snapchat,SnapChatAdPolicy,SnapChatAdPolicy.docx,1,1,"Diet, Fitness, and Weight Loss",e.g. “You can lose weight without making any modifications to your diet.”,0,low
S001350,Snapchat,SnapChatAdPolicy,SnapChatAdPolicy.docx,1,1,"Diet, Fitness, and Weight Loss",e.g. “Drop 2 dress sizes in a week!”,0,low
S001351,Snapchat,SnapChatAdPolicy,SnapChatAdPolicy.docx,1,1,"Diet, Fitness, and Weight Loss",e.g. “Build instant muscle.”,0,low
S001352,Snapchat,SnapChatAdPolicy,SnapChatAdPolicy.docx,1,1,"Diet, Fitness, and Weight Loss",Contain “before and after” or side-by-side comparison images depicting a person’s weight loss.,0,low
S001353,Snapchat,SnapChatAdPolicy,SnapChatAdPolicy.docx,1,1,"Diet, Fitness, and Weight Loss","Demean the user or shame anyone on the basis of body shape or size. This includes squeezing body parts with a negative reaction, using derogatory terms to describe one’s body, or promoting the concept of a perfect body.",0,low
S001354,Snapchat,SnapChatAdPolicy,SnapChatAdPolicy.docx,1,1,"Diet, Fitness, and Weight Loss",e.g. “Get rid of those love handles and dad bod.”,0,low
S001355,Snapchat,SnapChatAdPolicy,SnapChatAdPolicy.docx,1,1,"Diet, Fitness, and Weight Loss",e.g. “You can get the perfect waist.”,0,low
S001356,Snapchat,SnapChatAdPolicy,SnapChatAdPolicy.docx,1,1,"Diet, Fitness, and Weight Loss",e.g. “Want to remove that unflattering cellulite?”,0,low
S001357,Snapchat,SnapChatAdPolicy,SnapChatAdPolicy.docx,1,1,"Diet, Fitness, and Weight Loss","Mislead or inaccurately describe the qualities and characteristics of a product, including any associated health and nutritional claims or relevant authority approval, such as the FDA in the United States.",0,low
S001358,Snapchat,SnapChatAdPolicy,SnapChatAdPolicy.docx,1,1,"Diet, Fitness, and Weight Loss",Weight loss injectables are considered prescription medication and must follow the process outlined under “Prescription Medicines”.,0,low
S001359,Snapchat,SnapChatAdPolicy,SnapChatAdPolicy.docx,1,1,Condoms,"Where ads for condoms are permitted, content may not depict sex acts or appear overly sexual in nature. See the “Adult Content” section for more details.",0,low
S001360,Snapchat,SnapChatAdPolicy,SnapChatAdPolicy.docx,1,1,Condoms,"Snap does not permit targeting ads for condoms to the following countries: Bahrain, Ireland, Kuwait, Lebanon, Monaco, Oman, Poland, and Qatar.",0,low
S001362,Snapchat,SnapChatAdPolicy,SnapChatAdPolicy.docx,1,1,Condoms,Age targeting is required in the following countries: Norway: 16+.,0,low
S001364,Snapchat,SnapChatAdPolicy,SnapChatAdPolicy.docx,1,1,Condoms,"Australia, Chile, Egypt, Lithuania, Peru, Philippines, Portugal, Russia, Slovakia, and Turkey: 18+.",0,low
S001365,Snapchat,SnapChatAdPolicy,SnapChatAdPolicy.docx,1,1,Hormonal Contraceptives,"Hormonal contraceptives classified as medicines are subject to the policies for either prescriptions or OTC, as applicable according to country-specific requirements. Contraceptives should not be depicted in an overly sexualized manner.",0,low
S001366,Snapchat,SnapChatAdPolicy,SnapChatAdPolicy.docx,1,1,Hormonal Contraceptives,"Snap does not permit targeting ads for hormonal contraceptives to the following countries: Bahrain, Colombia, Czech Republic, Denmark, Germany, Iraq, Ireland, Italy, Kuwait, Lebanon, Monaco, Oman, Poland, Qatar, Romania, Saudi Arabia, Spain, Switzerland, Thailand, Turkey, the United Arab Emirates, and Uruguay.",0,low
S001368,Snapchat,SnapChatAdPolicy,SnapChatAdPolicy.docx,1,1,Hormonal Contraceptives,"Age targeting is required in the following countries: Australia, Egypt, Lithuania, Portugal, and Slovakia: 18+.",0,low
S001370,Snapchat,SnapChatAdPolicy,SnapChatAdPolicy.docx,1,1,Cosmetic Products and Procedures,Ads for cosmetic procedures and products must not: Promote skin lightening products anywhere on the Top Snap or attachment.,0,low
S001372,Snapchat,SnapChatAdPolicy,SnapChatAdPolicy.docx,1,1,Cosmetic Products and Procedures,"Showcase shocking imagery of blood, up-close needles, or any graphic depiction of the procedure itself.",0,low
S001373,Snapchat,SnapChatAdPolicy,SnapChatAdPolicy.docx,1,1,Cosmetic Products and Procedures,"Ads for plastic surgery must be age targeted to 18+, except Bahrain where they must be age targeted to 21+.",0,low
S001374,Snapchat,SnapChatAdPolicy,SnapChatAdPolicy.docx,1,1,Cosmetic Products and Procedures,"Ads for non-surgical cosmetic procedures (e.g., lip fillers, botox) must be age targeted 18+.",0,low
S001375,Snapchat,SnapChatAdPolicy,SnapChatAdPolicy.docx,1,1,Cosmetic Products and Procedures,"Snap does not permit targeting ads for plastic surgery to the following countries: Greece, Hong Kong, India, Indonesia, Italy, Jordan, Lebanon, Monaco, Oman, Philippines, Poland, Serbia, Tunisia, and Turkey",0,low
S001377,Snapchat,SnapChatAdPolicy,SnapChatAdPolicy.docx,1,1,Online Pharmacy,"Ads for online pharmacies must be registered with the relevant authorities in the country in which you are advertising. For example, in the United States and Canada online pharmacies must be verified by the National Association of Board of Pharmacies (NABP).",0,low
S001378,Snapchat,SnapChatAdPolicy,SnapChatAdPolicy.docx,1,1,3.5 Gaming and Gambling Services,"Our ad policies regarding the promotion of Gaming and Gambling Services apply to the promotion of online casinos, brick and mortar casinos, lotteries, daily fantasy sports, sweepstakes, gambling affiliates, and any product or service (including online or mobile games) that asks Snapchatters to pay to play games of chance to win prizes with real-world value (""Gaming and Gambling Services"").",0,low
S001379,Snapchat,SnapChatAdPolicy,SnapChatAdPolicy.docx,1,1,3.5 Gaming and Gambling Services,Advertisers for Gaming and Gambling Services must comply with all applicable licensing or registration requirements and must provide Snap with proof of current license or registration issued from regulatory authorities in each country or jurisdiction where they want to promote the Gaming and Gambling Service.,0,low
S001380,Snapchat,SnapChatAdPolicy,SnapChatAdPolicy.docx,1,1,3.5 Gaming and Gambling Services,Ads for Gaming and Gambling Services must not: Target territories where the advertiser is not authorized to operate.,0,low
S001382,Snapchat,SnapChatAdPolicy,SnapChatAdPolicy.docx,1,1,3.5 Gaming and Gambling Services,Target or be likely to appeal particularly to people under the legal gambling age in the territory where the ad will run.,0,low
S001383,Snapchat,SnapChatAdPolicy,SnapChatAdPolicy.docx,1,1,3.5 Gaming and Gambling Services,Glorify gambling or misrepresent the benefits of participation.,0,low
S001384,Snapchat,SnapChatAdPolicy,SnapChatAdPolicy.docx,1,1,3.5 Gaming and Gambling Services,Encourage individuals to play beyond their means.,0,low
S001385,Snapchat,SnapChatAdPolicy,SnapChatAdPolicy.docx,1,1,3.5 Gaming and Gambling Services,"All Gaming and Gambling Services advertisers must be pre-approved by Snap before they are permitted to run any ads. To apply for approval, advertisers must: Complete the Snap’s Gambling Ad Review Form",0,low
S001387,Snapchat,SnapChatAdPolicy,SnapChatAdPolicy.docx,1,1,3.5 Gaming and Gambling Services,Agree to Snap’s Gaming and Gambling Terms,0,low
S001388,Snapchat,SnapChatAdPolicy,SnapChatAdPolicy.docx,1,1,Receive written approval,"Important: The form must be submitted directly by the advertiser to Snap. Snap does not accept submissions from other third parties, such as agencies.",0,low
S001389,Snapchat,SnapChatAdPolicy,SnapChatAdPolicy.docx,1,1,Receive written approval,Snap permits gambling and gaming ads in the following countries: Online Gambling:,0,low
S001391,Snapchat,SnapChatAdPolicy,SnapChatAdPolicy.docx,1,1,Receive written approval,"Australia, Austria, Brazil, Bulgaria, Canada, Colombia, Croatia, Czech Republic, Denmark, Dominican Republic, Finland, France, Germany, Gibraltar, Greece, Hungary, Ireland, Japan, Kenya, Lithuania, Luxembourg, Mexico, Monaco, Netherlands, Norway, Peru, Philippines, Poland, Portugal, Puerto Rico, Romania, Serbia, Singapore, Slovakia, Slovenia, South Africa, Spain, Sweden, Switzerland, Turkey, United Kingdom, United States, and Uruguay.",0,low
S001392,Snapchat,SnapChatAdPolicy,SnapChatAdPolicy.docx,1,1,Receive written approval,"Brick and Mortar Casino: Australia, Austria, Bulgaria, Canada, Chile, Colombia, Costa Rica, Croatia, Czech Republic, Denmark, Dominican Republic, Finland, France, Germany, Gibraltar, Greece, Hungary, India, Ireland, Japan, Kazakhstan, Kenya, Lithuania, Luxembourg, Mexico, Monaco, Netherlands, New Zealand, Nigeria, Norway, Peru, Philippines, Portugal, Romania, Serbia, Singapore, Slovakia, Slovenia, South Africa, Spain, Sweden, Switzerland, United Kingdom, United States, and Uruguay.",0,low
S001394,Snapchat,SnapChatAdPolicy,SnapChatAdPolicy.docx,1,1,Receive written approval,"Lotteries: Australia, Austria, Brazil, Bulgaria, Canada, Chile, Colombia, Costa Rica, Croatia, Czech Republic, Denmark, Dominican Republic, Ecuador, Finland, France, Germany, Gibraltar, Greece, Hong Kong, Hungary, India, Indonesia, Iraq, Ireland, Israel, Italy, Japan, Jordan, Kazakhstan, Kenya, Lebanon, Lithuania, Luxembourg, Malaysia, Mexico, Monaco, Netherlands, New Zealand, Nigeria, Norway, Peru, Philippines, Poland, Portugal, Romania, Russia, Serbia, Singapore, Slovakia, Slovenia, South Africa, Spain, Sweden, Switzerland, Thailand, Turkey, United Kingdom, United States, and Uruguay.",0,low
S001396,Snapchat,SnapChatAdPolicy,SnapChatAdPolicy.docx,1,1,Receive written approval,Affiliates: Ads for financial products and services must clearly and prominently disclose all applicable material terms and conditions to consumers prior to the submission of an application.,0,low
S001398,Snapchat,SnapChatAdPolicy,SnapChatAdPolicy.docx,1,1,3.6 Financial Products and Services,"Ads for loans must disclose, among other things, APR, repayment period, fees and costs, penalties, and the contact information of the lending institution.",0,low
S001399,Snapchat,SnapChatAdPolicy,SnapChatAdPolicy.docx,1,1,3.6 Financial Products and Services,"Ads for products intended for a limited audience should only be targeted to that audience. For example, if a credit card offer is limited to individuals over the age of 18, the offer’s ad campaign must be age targeted to 18+.",0,low
S001400,Snapchat,SnapChatAdPolicy,SnapChatAdPolicy.docx,1,1,3.6 Financial Products and Services,"Ads for certain complex financial products, which may include cryptocurrency wallets and trading platforms, require prior approval from Snap.",0,low
S001401,Snapchat,SnapChatAdPolicy,SnapChatAdPolicy.docx,1,1,3.6 Financial Products and Services,"We prohibit: Get-rich-quick offers, pyramid schemes, or other deceptive or too-good-to-be true financial offers (see General Requirements: Fraud for more details).",0,low
S001403,Snapchat,SnapChatAdPolicy,SnapChatAdPolicy.docx,1,1,3.7 Dating,"Ads for dating services must be age targeted to 18+, or the legal age of majority in the location being targeted.",0,low
S001404,Snapchat,SnapChatAdPolicy,SnapChatAdPolicy.docx,1,1,3.7 Dating,Ads for dating services may not: Target the following countries:,0,low
S001406,Snapchat,SnapChatAdPolicy,SnapChatAdPolicy.docx,1,1,Promote or glamorize infidelity,"Algeria, Bahrain, Egypt, Gaza and the West Bank, Iraq, Jordan, Kuwait, Lebanon, Morocco, Oman, Pakistan, Qatar, Saudi Arabia, Tunisia, and the United Arab Emirates.",0,low
S001407,Snapchat,SnapChatAdPolicy,SnapChatAdPolicy.docx,1,1,3.8 Telecommunication Services,"Ads for calling, SMS and VPN services must contain clear pricing and terms, and must not reference using their services illegally or in a classroom setting.",0,low
S001408,Snapchat,SnapChatAdPolicy,SnapChatAdPolicy.docx,1,1,3.9 Sales to Government Entities,Government entities must work with a Snap sales representative and receive Snap authorization prior to running ads on our platform.,0,low
S001409,Snapchat,SnapChatAdPolicy,SnapChatAdPolicy.docx,1,1,3.9 Sales to Government Entities,"Snap does not accept ads submitted by, paid for by, or that promote, Russian state-owned entities.",0,low
S001410,Snapchat,SnapChatAdPolicy,SnapChatAdPolicy.docx,1,1,3.10 Snap Political and Advocacy Advertising Policies,"Snapchat empowers self-expression, including about politics. But political advertising that appears on Snapchat has to be transparent, lawful, and right for our users.",0,low
S001411,Snapchat,SnapChatAdPolicy,SnapChatAdPolicy.docx,1,1,Requirements,"These Political Advertising Policies apply to all political ads served by Snap, including election-related ads, advocacy ads, and issue ads.",0,low
S001412,Snapchat,SnapChatAdPolicy,SnapChatAdPolicy.docx,1,1,Requirements,"Election-related ads include ads about or paid for by candidates or parties for public office, ballot measures or referendums, political action committees, and ads that urge people to vote or register to vote.",0,low
S001413,Snapchat,SnapChatAdPolicy,SnapChatAdPolicy.docx,1,1,Requirements,"Advocacy or issue ads are ads concerning issues or organizations that are the subject of debate on a local, national, or global level, or of public importance. Examples include: ads about abortion, immigration, the environment, education, discrimination, and guns.",0,low
S001414,Snapchat,SnapChatAdPolicy,SnapChatAdPolicy.docx,1,1,Requirements,"Political advertising must comply with all applicable laws and regulations, including all national election and campaign finance laws, copyright law, defamation law, and (where applicable) Federal Election Commission regulations and state or local laws and regulations. Complying with those laws and regulations will be the sole responsibility of the advertiser.",0,low
S001415,Snapchat,SnapChatAdPolicy,SnapChatAdPolicy.docx,1,1,Requirements,"All political advertising must include a “paid for by” message in the ad that is followed by the name of the paying person or entity. Snap may also require a “paid for by” disclosure on ad content that links to political content, ad content for political merchandise, or in other cases in Snap’s sole discretion. In the United States, electoral ads must state whether or not the ad was authorized by a candidate or organization, and election ads not authorized by the candidate must include contact information for the sponsoring organization. These disclaimers vary by jurisdiction. Advertisers must ensure that each ad complies with all applicable federal, state, and local laws and regulations regarding “paid for by” disclaimers.",0,low
S001416,Snapchat,SnapChatAdPolicy,SnapChatAdPolicy.docx,1,1,Requirements,"Like all ads on Snapchat, political ads must comply with Snap's Terms of Service, Community Guidelines, and our Advertising Policies. That means, among other things: No content that harasses, intimidates, or threatens.",0,low
S001418,Snapchat,SnapChatAdPolicy,SnapChatAdPolicy.docx,1,1,Requirements,"No content that is misleading, deceptive, impersonates any person or entity, or otherwise misrepresents your affiliation with a person or entity.",0,low
S001419,Snapchat,SnapChatAdPolicy,SnapChatAdPolicy.docx,1,1,Requirements,"No content that includes synthetic avatars, or visual or audio likenesses of a real person that have been manipulated for false or misleading purposes (whether through generative AI or through deceptive editing).",0,low
S001420,Snapchat,SnapChatAdPolicy,SnapChatAdPolicy.docx,1,1,Requirements,"No content that violates the publicity, privacy, copyright, or other intellectual property rights of a third party.",0,low
S001421,Snapchat,SnapChatAdPolicy,SnapChatAdPolicy.docx,1,1,Requirements,No content that features graphic violence or calls for violence.,0,low
S001422,Snapchat,SnapChatAdPolicy,SnapChatAdPolicy.docx,1,1,Requirements,"We encourage political advertisers to be positive. But we don't categorically ban “attack” ads; expressing disagreement with or campaigning against a candidate or party is generally permissible if it meets our other guidelines. That said, political ads must not include attacks relating to a candidate's personal life.",0,low
S001423,Snapchat,SnapChatAdPolicy,SnapChatAdPolicy.docx,1,1,Requirements,"In Canada, Snap does not permit “partisan advertising” or “election advertising” (as defined by the Canada Elections Act, as amended from time to time (the “Act”)) purchased directly or indirectly on behalf of an eligible party, registered association, nomination contestant, potential or actual candidate, or a third party required to register under subsection 349.6(1) or 353(1) of the Act. This may include (without limitation) content that promotes or opposes any of these individuals/groups, or an issue associated with any of those individuals/groups.",0,low
S001424,Snapchat,SnapChatAdPolicy,SnapChatAdPolicy.docx,1,1,Requirements,"In the US, Snap does not currently permit ads for state or municipal elections or ballot initiatives in Washington state.",0,low
S001425,Snapchat,SnapChatAdPolicy,SnapChatAdPolicy.docx,1,1,Requirements,"From 1st October 2025, in the European Union (EU), Snap will not permit political advertising as defined under EU Regulation 2024/900 on the transparency and targeting of political advertising. This means that the following are not permitted: (a) ads by, for or on behalf of a political actor, which means a political party, political alliance, a candidate for or holder of any elected office at Union, national, regional and local level, or any leadership position within a political party, or member of Union institutions; or (b) ads which are liable and designed to influence the outcome of an election or referendum, voting behaviour or a legislative or regulatory process, at Union, national, regional or local level. The following ads are exempt from this prohibition: Messages from official Member State or EU sources that are strictly limited to the organisation of and modalities for participating in elections or referendums, including the announcement of candidacies, the question put for vote in referendum, or messages to promote participation in elections or referendums.",0,low
S001427,Snapchat,SnapChatAdPolicy,SnapChatAdPolicy.docx,1,1,Requirements,"Public communication that aims to provide official information to the public by, for or on behalf of any public authority of a Member State or by, for or on behalf of the EU, including by, for or on behalf of members of the government of a Member State, provided that they are not liable and designed to influence the outcome of an election or referendum, voting behavior or a legislative or regulatory process.",0,low
S001428,Snapchat,SnapChatAdPolicy,SnapChatAdPolicy.docx,1,1,Requirements,"Snap will continue to review and permit, on a case-by-case basis, social issue ads with neutral messaging about topics of general public relevance, as long as they do not fall within the definition of political advertising under EU Regulation 2024/900.",0,low
S001429,Snapchat,SnapChatAdPolicy,SnapChatAdPolicy.docx,1,1,Snap's rights,"Snap will review political ads on a case-by-case basis. To get started, please fill out our political advertiser form.",0,low
S001430,Snapchat,SnapChatAdPolicy,SnapChatAdPolicy.docx,1,1,Snap's rights,"We reserve the right to reject, in our sole discretion, or request modifications to ads that we believe violate the standards listed above or that are otherwise inappropriate. Our discretion will never be exercised with the intent to favor or disfavor any candidate, political view, or political party.",0,low
S001431,Snapchat,SnapChatAdPolicy,SnapChatAdPolicy.docx,1,1,Snap's rights,We also reserve the right to require substantiation of an advertiser's factual claims.,0,low
S001432,Snapchat,SnapChatAdPolicy,SnapChatAdPolicy.docx,1,1,Snap's rights,"Snap may publicly display and otherwise disclose information relating to political advertising, including ad content, targeting details, delivery, spend, and other campaign information.",0,low
S001433,Snapchat,SnapChatAdPolicy,SnapChatAdPolicy.docx,1,1,Political Advertising by Foreign Nationals or Entities,"Political ads served by Snap may not be paid for directly or indirectly by foreign nationals or entities, as those terms are defined by relevant law -- in other words, by people or entities that aren’t residents of the country where the ad will run. Snap does not engage in political activities, nor does it serve as a political consultant, publicity agent, or public-relations counsel, on behalf of any foreign principal. By placing an advertisement, the advertiser acknowledges that Snap reserves the right to limit the services it provides, at its sole discretion, to avoid engaging in such activities.",0,low
S001434,Snapchat,SnapChatAdPolicy,SnapChatAdPolicy.docx,1,1,Transparency,We’re proud to maintain transparency with our political ad library.,0,low
S001435,Snapchat,SnapChatAdPolicy,SnapChatAdPolicy.docx,1,1,4.1 Harassment,"Ads should not promote harassment, bullying, or shaming. For example: fitness ads should not belittle anyone on the basis of body shape or size.",0,low
S001436,Snapchat,SnapChatAdPolicy,SnapChatAdPolicy.docx,1,1,4.1 Harassment,"We prohibit profanity, obscenity and obscene gestures.",0,low
S001437,Snapchat,SnapChatAdPolicy,SnapChatAdPolicy.docx,1,1,4.2 Violent or Disturbing,"We prohibit the depiction of real-life graphic violence in creatives (e.g., top Snaps, Filters, Sponsored Lenses). Landing pages that depict real-life violent or disturbing imagery may do so only in a legitimate newsworthy or documentary context, only when the top Snap prepares the viewer in some way, and only if appropriately age-targeted.",0,low
S001438,Snapchat,SnapChatAdPolicy,SnapChatAdPolicy.docx,1,1,4.2 Violent or Disturbing,"For fictional violence in movie trailers, video games, etc., see the Entertainment section.",0,low
S001439,Snapchat,SnapChatAdPolicy,SnapChatAdPolicy.docx,1,1,4.2 Violent or Disturbing,"We prohibit the glorification of violence, including any glorification of self-harm, war, murder, abuse or animal abuse.",0,low
S001440,Snapchat,SnapChatAdPolicy,SnapChatAdPolicy.docx,1,1,4.2 Violent or Disturbing,"We prohibit disturbing content that may cause distress, such as graphic depictions of gore, physical afflictions, bodily fluids, and certain medical or cosmetic procedures.",0,low
S001441,Snapchat,SnapChatAdPolicy,SnapChatAdPolicy.docx,1,1,4.2 Violent or Disturbing,"We allow spooky and scary ads, but please avoid intense jump scares and audio of prolonged screaming or crying.",0,low
S001442,Snapchat,SnapChatAdPolicy,SnapChatAdPolicy.docx,1,1,4.3 Deceptive Content,We are vigilant in our enforcement against fraudulent ads. Fraud includes a range of scams and deceptive marketing practices that abuse community trust or otherwise entice users to make purchases or engage in activities under misleading pretenses.,0,low
S001443,Snapchat,SnapChatAdPolicy,SnapChatAdPolicy.docx,1,1,4.3 Deceptive Content,"We prohibit: Ads that are false or misleading, including deceptive claims, offers, functionality, or business practices, including manipulating content for false or misleading purposes (whether through generative AI or through deceptive editing).",0,low
S001445,Snapchat,SnapChatAdPolicy,SnapChatAdPolicy.docx,1,1,Unauthorized or undisclosed sponsored content,"Promotion of fraudulent goods or services, including counterfeit documents or certificates, or counterfeit products",0,low
S001446,Snapchat,SnapChatAdPolicy,SnapChatAdPolicy.docx,1,1,Creating or sharing content that mimics the appearance or function of Snapchat features or formats,"Ads that contain deceiving calls to action, or lead to landing pages unrelated to the brand or content being advertised.",0,low
S001447,Snapchat,SnapChatAdPolicy,SnapChatAdPolicy.docx,1,1,Creating or sharing content that mimics the appearance or function of Snapchat features or formats,"Cloaking, otherwise restricting landing page access, or modifications to URL content following submission in an attempt to circumvent review.",0,low
S001448,Snapchat,SnapChatAdPolicy,SnapChatAdPolicy.docx,1,1,Creating or sharing content that mimics the appearance or function of Snapchat features or formats,"Ads that encourage dishonest behavior. (e.g., ads for fake IDs, plagiarism, essay writing services).",0,low
S001449,Snapchat,SnapChatAdPolicy,SnapChatAdPolicy.docx,1,1,"4.4 Hate Speech, Hate Groups, Terrorism and Violent Extremism","The Snapchat community includes diverse users from all over the world. To foster a welcoming platform, we prohibit hateful, discriminatory, or extremist content that undermines our commitment to safety and inclusion.",0,low
S001450,Snapchat,SnapChatAdPolicy,SnapChatAdPolicy.docx,1,1,"4.4 Hate Speech, Hate Groups, Terrorism and Violent Extremism","Hate speech is content that demeans, defames, or promotes discrimination or violence on the basis of race, color, caste, ethnicity, national origin, religion, sexual orientation, gender identity, disability, or veteran status, immigration status, socio-economic status, age, weight or pregnancy status.",0,low
S001451,Snapchat,SnapChatAdPolicy,SnapChatAdPolicy.docx,1,1,"4.4 Hate Speech, Hate Groups, Terrorism and Violent Extremism",Avoid perpetuating stereotypes based on any of the categories listed above.,0,low
S001452,Snapchat,SnapChatAdPolicy,SnapChatAdPolicy.docx,1,1,"4.4 Hate Speech, Hate Groups, Terrorism and Violent Extremism",We strive to maintain an inclusive community for all Snapchatters. Avoid the inappropriate use of culturally-sensitive imagery.,0,low
S001453,Snapchat,SnapChatAdPolicy,SnapChatAdPolicy.docx,1,1,4.5 Illegal Activity,"We prohibit ads that facilitate or encourage illegal activity (conduct, products, or enterprises). For example, ads should not: depict illegal drug use",0,low
S001455,Snapchat,SnapChatAdPolicy,SnapChatAdPolicy.docx,1,1,4.5 Illegal Activity,"promote the illegal wildlife trade, or products and services derived from endangered or threatened species (For Example: elephant ivory products, traditional medicine or supplements derived from tigers, rhinos, sharks, etc.",0,low
S001456,Snapchat,SnapChatAdPolicy,SnapChatAdPolicy.docx,1,1,4.6 Dangerous Activities,"Ads should not encourage or enlist participation in dangerous or harmful activities. For example, ads should not encourage Snapping while driving.",0,low
S001457,Snapchat,SnapChatAdPolicy,SnapChatAdPolicy.docx,1,1,5. Conclusion,"For more information about how to launch and manage an ad campaign on Snapchat, or how to troubleshoot the ad review process, please visit our Business Help Center.",0,low
S001458,Snapchat,SnapchatCommunity Guidelines,SnapchatCommunity Guidelines.docx,1,1,Community Guidelines,"At Snap, we empower people to express themselves, live in the moment, learn about the world, and have fun together. We created these Community Guidelines, in line with our commitment to respecting human rights, to encourage self-expression while helping Snapchatters stay safe.",0,low
S001459,Snapchat,SnapchatCommunity Guidelines,SnapchatCommunity Guidelines.docx,1,1,Community Guidelines,"Community Guidelines are the rules that govern what is and is not allowed on Snapchat. These guidelines apply to all content and all who use or interact with Snapchat. This includes usernames and display names, Bitmojis, text, images, videos, generative AI, links or attachments, emojis, stickers, Lenses and other creative tools. It also applies to all behavior on Snapchat, including user-to-user interaction, as well as behavior that affects the integrity of our ecosystem, such as inauthentic activity or deceptive practices designed to manipulate Snap’s platform or products.",0,low
S001460,Snapchat,SnapchatCommunity Guidelines,SnapchatCommunity Guidelines.docx,1,1,Community Guidelines,"If these policies are violated, we may take action on the offending account, including by removing violating content, issuing warnings, limiting visibility of the account or content, or terminating the account. If your account is disabled for violating these guidelines, you are not allowed to use Snapchat again without our permission.",0,low
S001461,Snapchat,SnapchatCommunity Guidelines,SnapchatCommunity Guidelines.docx,1,1,Community Guidelines,"We want these guidelines to be clear and easy to understand. As noted in our Terms of Service, these guidelines, including the linked Explainers, are part of your agreement with Snap. Please see our Terms of Service and check your local laws to make sure you are old enough to join our community.",0,low
S001462,Snapchat,SnapchatCommunity Guidelines,SnapchatCommunity Guidelines.docx,1,1,Note About Severe Harm,"While we prohibit all content or behavior that violates our Community Guidelines, we are especially concerned with violations that pose a risk of severe harm to Snapchatters. Severe harms include child sexual exploitation, terrorism, and violent extremism, as well as other illegal content and conduct. When we identify accounts engaging in severe harm on Snapchat, we disable those accounts. Guidance about how we reduce the time that this content is visible on Snapchat and how we take action against it can be found in the Severe Harm explainer and relevant explainers linked throughout these guidelines.",1,medium
S001463,Snapchat,SnapchatCommunity Guidelines,SnapchatCommunity Guidelines.docx,1,1,Additional policies and restrictions may apply,"In addition to our Community Guidelines, we have additional policies for users who wish to reach a broader audience or monetize their content. In order to be eligible for algorithmic recommendation beyond the creator’s friends or followers, content must comply with our Content Guidelines for Recommendation Eligibility. Advertisers must comply with our Advertising Policies, which require that they are honest about their products, services, and content. Sponsored content, or organic promotion of products or services must adhere to our Commercial Content Policy. Please note that some regulated goods and activities may only be promoted by eligible accounts through approved advertising or sponsored content channels. Creators who wish to participate in monetization programs must follow our Monetization Policy. Media partners must comply with our Content Partner Terms, which requires their content to be accurate and, where appropriate, fact-checked. Developers are also subject to Developer Terms. Lenses must adhere to our Lens Studio Guidelines.",0,low
S001464,Snapchat,SnapchatCommunity Guidelines,SnapchatCommunity Guidelines.docx,1,1,Additional policies and restrictions may apply,"Snap offers generative AI features through our services and we expect Snapchatters to use AI responsibly. We implement safeguards designed to help keep generative AI content in line with our Community Guidelines, and to promote transparency so that no one is confused about the authenticity of content generated with Snapchat’s AI tools. On Spotlight and Discover, our content recommendation algorithms prioritize authentic content. Some regions require users to clearly disclose or label AI-generated content. You are responsible for ensuring your use and sharing of synthetic media meets the transparency requirements in your region. We reserve the right to take appropriate enforcement action against accounts that use AI to violate our Community Guidelines, abuse our AI products, or violate local laws. Our enforcement actions can include termination of an account.",0,low
S001465,Snapchat,SnapchatCommunity Guidelines,SnapchatCommunity Guidelines.docx,1,1,Additional policies and restrictions may apply,"We've outlined here and in our Terms of Service specific rules for content that is prohibited on Snapchat. We work to ensure these rules are applied consistently. When applying them, we take into account the nature of the content, including whether it is newsworthy, factual, and relates to a matter of political, social, or educational value. Additional context about how we moderate content and enforce our policies is available in our Moderation explainer. We also provide links to more detailed information about our Community Guidelines in each of the sections below.",0,low
S001466,Snapchat,SnapchatCommunity Guidelines,SnapchatCommunity Guidelines.docx,1,1,Additional policies and restrictions may apply,"We want Snapchat to be a safe and positive experience for everyone. We reserve the right to decide, at our sole discretion, what content or behavior violates the spirit of our rules. While we have the right to review, moderate, or remove any content from our platform, we do not proactively review all of it. We use a combination of automated tools and human review to help address concerns and moderate content. We cannot guarantee that other users will comply with our Community Guidelines or that our platform will be free of violating content. We strongly encourage Snapchatters to report any content that may be violating so that our teams can review and take appropriate action.",0,low
S001467,Snapchat,SnapchatCommunity Guidelines,SnapchatCommunity Guidelines.docx,1,1,Community Guidelines,"Our Community Guidelines apply to all content and behavior on Snapchat's platform and products, and cover the following topics: We prohibit any activity that involves sexual exploitation or abuse, or sexualization, of a minor, including sharing child sexual exploitation or abuse imagery, grooming for sexual purposes, sexual extortion (sextortion), or attempts to persuade, trick, or coerce a minor with the intent of sexual abuse or exploitation. Never post, save, send, forward, distribute, or ask for nude or sexually explicit content involving anyone under the age of 18 (this includes sending or saving such images of yourself). We prohibit any engagement with child sexual exploitation or abuse imagery, regardless of intention, even the sharing of such content is to raise awareness or express concern. We report all identified instances of child sexual exploitation and attempts to engage in such conduct to the appropriate authorities, including the National Center for Missing and Exploited Children (NCMEC), in line with legal requirements.",1,medium
S001469,Snapchat,SnapchatCommunity Guidelines,SnapchatCommunity Guidelines.docx,1,1,Sexual Content,"We prohibit promoting, distributing, or sharing pornographic content, including unsolicited sexual imagery (such as cyberflashing), sharing non-consensual intimate imagery, or engaging in sextortion. We also prohibit sexual harassment and commercial activities that relate to pornography or sexual interactions (whether online or offline).",0,low
S001470,Snapchat,SnapchatCommunity Guidelines,SnapchatCommunity Guidelines.docx,1,1,Sexual Content,"Breastfeeding and other depictions of nudity in non-sexual contexts are generally permitted, unless posted without the subject’s consent.",1,medium
S001471,Snapchat,SnapchatCommunity Guidelines,SnapchatCommunity Guidelines.docx,1,1,"Threat,Violence,Harm","Encouraging or engaging in violent or dangerous behavior is prohibited. Never intimidate or threaten to harm a person, a group of people, or someone’s property.",0,low
S001472,Snapchat,SnapchatCommunity Guidelines,SnapchatCommunity Guidelines.docx,1,1,"Threat,Violence,Harm","Threats to human life or serious physical injury that target a school, workplace, or place of worship, including a shooting or bomb threat, will be taken seriously. Do not make jokes threatening this type of behavior. Such statements may result in your account being enforced for violation of these Guidelines, regardless of intent.",0,low
S001473,Snapchat,SnapchatCommunity Guidelines,SnapchatCommunity Guidelines.docx,1,1,"Threat,Violence,Harm","We know, however, that keeping our community safe sometimes means speaking up. If you are sharing a threat made by someone else strictly to warn others, seek help, or alert authorities (for example, warning classmates about a threat made against a school), this is allowed. Always report these threats to local authorities and/or a trusted adult immediately.",0,low
S001474,Snapchat,SnapchatCommunity Guidelines,SnapchatCommunity Guidelines.docx,1,1,"Threat,Violence,Harm","Content depicting gratuitous or graphic violence, including animal abuse, is not allowed.",0,low
S001475,Snapchat,SnapchatCommunity Guidelines,SnapchatCommunity Guidelines.docx,1,1,"Threat,Violence,Harm","Graphic depictions of serious injury (whether real or realistic) to humans or animals are not allowed, except in the context of news coverage (for example, reporting from war zones — and even in such instances, we encourage blurring or obscuring graphic harm).",0,low
S001476,Snapchat,SnapchatCommunity Guidelines,SnapchatCommunity Guidelines.docx,1,1,"Threat,Violence,Harm","We don’t allow the glorification, promotion, encouragement, or assistance of self-harm, such as self-injury, suicide, eating disorders, or other forms of serious self-harm. We also prohibit the promotion or sharing of graphic self-harm content. When we see users engaging in this behavior, we may also send them resources.",0,low
S001477,Snapchat,SnapchatCommunity Guidelines,SnapchatCommunity Guidelines.docx,1,1,"Threat,Violence,Harm","Hateful Content,Terrorism,Violent Extremism: We prohibit the use of our platform to support terrorist organizations, violent extremists, or hate groups. We also prohibit content that supports, glorifies, praises, or advocates for terrorism, violent extremism, or hate.",0,low
S001479,Snapchat,SnapchatCommunity Guidelines,SnapchatCommunity Guidelines.docx,1,1,"Threat,Violence,Harm","We prohibit hate speech or content that abuses, demeans, defames, promotes discrimination or violence, or incites hatred on the basis of race, color, caste, ethnicity, national origin, religion, sexual orientation, gender, gender identity or reassignment, disability, veteran status, immigration status, age, or pregnancy status.",0,low
S001480,Snapchat,SnapchatCommunity Guidelines,SnapchatCommunity Guidelines.docx,1,1,Harrasement and Bullying,"We prohibit bullying and harassment.We consider harassment to include any unwanted behavior that would cause an ordinary person to experience emotional distress, including mocking, shaming, rumor spreading, wishing harm on another party, sharing humiliating imagery (including manipulated or AI-generated imagery), or repeated, unwanted contact. If someone blocks you, you may not contact them from another Snapchat account.",0,low
S001481,Snapchat,SnapchatCommunity Guidelines,SnapchatCommunity Guidelines.docx,1,1,Harrasement and Bullying,"We also prohibit non-consensual sharing of another person’s private content, imagery, or information, including sharing personally identifiable information (PII) for the purpose of harassment (i.e., “doxxing”).",0,low
S001482,Snapchat,SnapchatCommunity Guidelines,SnapchatCommunity Guidelines.docx,1,1,Harrasement and Bullying,"Harmful False or Deceptive Practices: We prohibit spreading false information that causes harm or is malicious, such as denying the existence of tragic events, unsubstantiated medical claims, undermining the integrity of civic processes, or manipulating content for false or misleading purposes (whether through generative AI or through deceptive editing).",0,low
S001484,Snapchat,SnapchatCommunity Guidelines,SnapchatCommunity Guidelines.docx,1,1,Harrasement and Bullying,"We prohibit pretending to be someone (or something) that you’re not, or attempting to deceive people about who you are. This includes impersonating your friends, celebrities, public figures, brands, or other people or organizations for harmful, non-satirical purposes.",0,low
S001485,Snapchat,SnapchatCommunity Guidelines,SnapchatCommunity Guidelines.docx,1,1,Harrasement and Bullying,"We prohibit spam, including pay-for-follower promotions or other follower-growth schemes, the promotion of spam applications, or the promotion of multilevel marketing or pyramid schemes.",0,low
S001486,Snapchat,SnapchatCommunity Guidelines,SnapchatCommunity Guidelines.docx,1,1,Harrasement and Bullying,"We prohibit fraud and other deceptive practices, including undisclosed paid or sponsored content, the promotion of fraudulent (counterfeit) goods or services or get-rich-quick schemes, or imitating Snapchat or Snap Inc.",0,low
S001487,Snapchat,SnapchatCommunity Guidelines,SnapchatCommunity Guidelines.docx,1,1,Harrasement and Bullying,"Illegal or Regulated Activities: Using Snapchat to engage in illegal activity may result in account termination, and may be a crime. Do not use Snapchat to engage in or encourage illegal activity.",0,low
S001489,Snapchat,SnapchatCommunity Guidelines,SnapchatCommunity Guidelines.docx,1,1,Harrasement and Bullying,"We prohibit facilitating, participating in, or encouraging human trafficking or human smuggling, as well as the promotion of gangs, organized crime, or recruiting for criminal activity.",0,low
S001490,Snapchat,SnapchatCommunity Guidelines,SnapchatCommunity Guidelines.docx,1,1,Harrasement and Bullying,"We prohibit the glorification, sale, or distribution of illicit drugs (including prescription medication that is commonly abused, such as opioids, barbiturates, and amphetamines).",0,low
S001491,Snapchat,SnapchatCommunity Guidelines,SnapchatCommunity Guidelines.docx,1,1,Harrasement and Bullying,We prohibit the sale or distribution of regulated drugs (including prescription drugs) and substances.,0,low
S001492,Snapchat,SnapchatCommunity Guidelines,SnapchatCommunity Guidelines.docx,1,1,Harrasement and Bullying,"We prohibit the sale or promotion of weapons (including fireworks or explosives), as well as the depiction of reckless or irresponsible weapons use.",0,low
S001493,Snapchat,SnapchatCommunity Guidelines,SnapchatCommunity Guidelines.docx,1,1,Harrasement and Bullying,"We prohibit the promotion of certain goods or activities that are often regulated. This includes the attempted sale or promotion of regulated goods such as tobacco, alcohol, vape products. We also prohibit the sale, facilitation, or promotion of regulated services and activities, such as offering financial loans or other financial products or services, or promoting gambling services (including betting websites, gambling apps, tip or prediction services, or referral codes).",0,low
S001494,Snapchat,SnapchatCommunity Guidelines,SnapchatCommunity Guidelines.docx,1,1,Harrasement and Bullying,\,0,low
S001495,Telegram,Telegram Privacy Policy,Telegram Privacy Policy.docx,1,1,1. Introduction,"This Privacy Policy sets out how we, Telegram Messenger Inc. (“Telegram”), use and protect your personal data that you provide to us, or that is otherwise obtained or generated by us, in connection with your use of our cloud-based messaging services (the “Services”). For the purposes of this Privacy Policy, ‘we’, ‘us’ and ‘our’ refers to Telegram, and ‘you’ refers to you, the user of the Services.",0,low
S001496,Telegram,Telegram Privacy Policy,Telegram Privacy Policy.docx,1,1,1.1 Privacy Principles,Telegram has two fundamental principles when it comes to collecting and processing private data: We don't use the contents of any of your chats or contact lists to show you ads.,0,low
S001498,Telegram,Telegram Privacy Policy,Telegram Privacy Policy.docx,1,1,1.1 Privacy Principles,We only store the data that Telegram needs to function as a secure and feature-rich messaging service.,0,low
S001499,Telegram,Telegram Privacy Policy,Telegram Privacy Policy.docx,1,1,1.2. Terms of Service,"This Privacy Policy forms part of our Terms of Service, which describes the terms under which you use our Services and which are available at https://telegram.org/tos. This Privacy Policy should therefore be read in conjunction with those terms.",0,low
S001500,Telegram,Telegram Privacy Policy,Telegram Privacy Policy.docx,1,1,1.3. Table of Contents,This Privacy Policy explains the following: the legal basis for processing your personal data;,0,low
S001502,Telegram,Telegram Privacy Policy,Telegram Privacy Policy.docx,1,1,1.3. Table of Contents,what personal data we may collect from you;,0,low
S001503,Telegram,Telegram Privacy Policy,Telegram Privacy Policy.docx,1,1,1.3. Table of Contents,how we keep your personal data safe;,0,low
S001504,Telegram,Telegram Privacy Policy,Telegram Privacy Policy.docx,1,1,1.3. Table of Contents,what we may use your personal data for;,0,low
S001505,Telegram,Telegram Privacy Policy,Telegram Privacy Policy.docx,1,1,1.3. Table of Contents,who your personal data may be shared with; and,0,low
S001506,Telegram,Telegram Privacy Policy,Telegram Privacy Policy.docx,1,1,1.3. Table of Contents,your rights regarding your personal data.,0,low
S001507,Telegram,Telegram Privacy Policy,Telegram Privacy Policy.docx,1,1,1.4. EEA Representative,"If you live in a country in the European Economic Area (EEA), the Services are provided by Telegram, which for the purposes of applicable data protection legislation is the data controller responsible for your personal data when you use our Services. However, as Telegram is located outside the EEA, we have designated a third party, European Data Protection Office (EDPO), as our representative pursuant to Article 27 of the GDPR. You can direct to EDPO any of your GDPR-related queries: by using EDPO’s online request form at https://edpo.com/telegram-gdpr-data-request/ or",1,medium
S001509,Telegram,Telegram Privacy Policy,Telegram Privacy Policy.docx,1,1,1.4. EEA Representative,"by writing to EDPO at Avenue Huart Hamoir 71, 1030 Brussels, Belgium.",1,medium
S001510,Telegram,Telegram Privacy Policy,Telegram Privacy Policy.docx,1,1,2. Legal Ground for Processing Your Personal Data,"We process your personal data on the ground that such processing is necessary to further our legitimate interests (including: (1) providing effective and innovative Services to our users; and (2) to detect, prevent or otherwise address fraud or security issues in respect of our provision of Services), unless those interests are overridden by your interest or fundamental rights and freedoms that require protections of personal data.",0,low
S001511,Telegram,Telegram Privacy Policy,Telegram Privacy Policy.docx,1,1,3.1. Basic Account Data,"Telegram is a communication service. You provide your mobile number and basic account data (which may include profile name, profile picture and about information) to create a Telegram account.",0,low
S001512,Telegram,Telegram Privacy Policy,Telegram Privacy Policy.docx,1,1,3.1. Basic Account Data,"To make it easier for your contacts and other people to reach you and recognize who you are, the screen name you choose, your profile pictures, and your username (should you choose to set one) on Telegram are always public. We don't want to know your real name, gender, age or what you like.",0,low
S001513,Telegram,Telegram Privacy Policy,Telegram Privacy Policy.docx,1,1,3.1. Basic Account Data,"We do not require your screen name to be your real name. Note that users who have you in their contacts will see you by the name they saved and not by your screen name. This way your mother can have the public name 'Johnny Depp' while appearing as 'Mom' to you and as 'Boss' to her underlings at work (or the other way around, depending on how these relationships are structured).",0,low
S001514,Telegram,Telegram Privacy Policy,Telegram Privacy Policy.docx,1,1,3.1.1. Optional Data,"You can add your birthday (with or without the year) to your Telegram profile if you wish to do so. You can granularly choose which users are able to see it on your profile (by default, your Contacts), and they will be shown a reminder on the day. We may use data about your age to determine your eligibility for accessing age-specific content.",0,low
S001515,Telegram,Telegram Privacy Policy,Telegram Privacy Policy.docx,1,1,3.1.1. Optional Data,"Telegram Business subscribers can add a fixed location and a list of opening hours to their profile, to help clients identify and engage with their business more efficiently on Telegram. If you choose to add it to your profile, this information is always public.",0,low
S001516,Telegram,Telegram Privacy Policy,Telegram Privacy Policy.docx,1,1,3.2. Your Email Address,"When you enable 2-step-verification for your account or store documents using the Telegram Passport feature, you can opt to set up a password recovery email. This address will only be used to send you a password recovery code if you forget it. That's right: no marketing or “we miss you” bullshit.",0,low
S001517,Telegram,Telegram Privacy Policy,Telegram Privacy Policy.docx,1,1,3.2. Your Email Address,"From September 2022, we may ask some users to provide an email address to receive login codes via email instead of SMS (with an option to use 'Sign in with Google' / 'Sign in with Apple'). In this case, we will receive an email address which will be stored separately from the recovery email, and will only be used to send you authentication codes when you log in to your account. The login email address will be stored until it is changed or the account is deleted.",0,low
S001518,Telegram,Telegram Privacy Policy,Telegram Privacy Policy.docx,1,1,3.3.1. Cloud Chats,"Telegram is a cloud service. We store messages, photos, videos and documents from your cloud chats on our servers so that you can access your data from any of your devices anytime without having to rely on third-party backups. All data is stored heavily encrypted and the encryption keys in each case are stored in several other data centers in different jurisdictions. This way local engineers or physical intruders cannot get access to user data.",2,medium
S001519,Telegram,Telegram Privacy Policy,Telegram Privacy Policy.docx,1,1,3.3.2. Secret Chats,"Secret chats use end-to-end encryption. This means that all data is encrypted with a key that only you and the recipient know. There is no way for us or anybody else without direct access to your device to learn what content is being sent in those messages. We do not store your secret chats on our servers. We also do not keep any logs for messages in secret chats, so after a short period of time we no longer know who or when you messaged via secret chats. For the same reasons secret chats are not available in the cloud — you can only access those messages from the device they were sent to or from.",1,medium
S001520,Telegram,Telegram Privacy Policy,Telegram Privacy Policy.docx,1,1,3.3.3. Media in Secret Chats,"When you send photos, videos or files via secret chats, before being uploaded, each item is encrypted with a separate key, not known to the server. This key and the file’s location are then encrypted again, this time with the secret chat’s key — and sent to your recipient. They can then download and decipher the file. This means that the file is technically on one of Telegram’s servers, but it looks like a piece of random indecipherable garbage to everyone except for you and the recipient. We don’t know what this random data stands for and we have no idea which particular chat it belongs to. We periodically purge this random data from our servers to save disk space.",1,medium
S001521,Telegram,Telegram Privacy Policy,Telegram Privacy Policy.docx,1,1,3.3.4. Public Chats,"In addition to private messages, Telegram also supports public channels and public groups. All public chats are cloud chats (see section 3.3.1 above). Like everything on Telegram, the data you post in public communities is encrypted, both in storage and in transit — but everything you post in public will be accessible to everyone.",1,medium
S001522,Telegram,Telegram Privacy Policy,Telegram Privacy Policy.docx,1,1,3.3.5. Paid Posts,"As of June 2024, creators are able to offer paid access to specific channel posts by accepting Telegram Stars. When users pay to unlock a channel post, a permanent copy is created which resides in the parties' transaction history. This copy remains accessible even if the post is later deleted or either party loses access to the channel.",0,low
S001523,Telegram,Telegram Privacy Policy,Telegram Privacy Policy.docx,1,1,3.4. Phone Number and Contacts,Telegram uses phone numbers as unique identifiers so that it is easy for you to switch from SMS and other messaging apps and retain your social graph. We ask your permission before syncing your contacts.,0,low
S001524,Telegram,Telegram Privacy Policy,Telegram Privacy Policy.docx,1,1,3.4. Phone Number and Contacts,We store your up-to-date contacts in order to notify you as soon as one of your contacts signs up for Telegram and to properly display names in notifications. We only need the number and name (first and last) for this to work and store no other data about your contacts.,0,low
S001525,Telegram,Telegram Privacy Policy,Telegram Privacy Policy.docx,1,1,3.4. Phone Number and Contacts,"Our automatic algorithms can also use anonymized sets of phone numbers to calculate the approximate number of potential contacts an unregistered phone number may have on Telegram. When you open the 'Invite friends' interface, we display the resulting statistics next to your contacts to give you an idea of who could benefit most from joining Telegram.",0,low
S001526,Telegram,Telegram Privacy Policy,Telegram Privacy Policy.docx,1,1,3.4. Phone Number and Contacts,You can always stop syncing contacts or delete them from our servers in Settings > Privacy & Security > Data Settings.,0,low
S001527,Telegram,Telegram Privacy Policy,Telegram Privacy Policy.docx,1,1,3.4. Phone Number and Contacts,"If you are using Android, Telegram will ask you for permission to access your phone call logs (READ_CALL_LOG). If you grant this permission, Telegram will be able verify your account by transmitting a phone call instead of asking you to enter a code. Telegram uses this permission only to confirm receipt of the confirmation call by verifying the number in the call log.",0,low
S001528,Telegram,Telegram Privacy Policy,Telegram Privacy Policy.docx,1,1,3.5. Location Data,"If you share a location in a chat, this location data is treated like other messages in cloud or secret chats respectively.",0,low
S001529,Telegram,Telegram Privacy Policy,Telegram Privacy Policy.docx,1,1,3.5. Location Data,"If you share your Live Location in any chat or turn on ’Make Myself Visible’ in People Nearby, Telegram will use your data to display your location to those users with whom you are sharing it, even when the app is closed – for as long as you keep these optional features activated.",0,low
S001530,Telegram,Telegram Privacy Policy,Telegram Privacy Policy.docx,1,1,3.6. Cookies,"The only cookies we use are those to operate and provide our Services on the web. We do not use cookies for profiling or advertising. The cookies we use are small text files that allow us to provide and customize our Services, and in doing so provide you with an enhanced user experience. Your browser should allow you to control these cookies, including whether or not to accept them and how to remove them. You may choose to block cookies with your web browser, however, if you do disable these cookies you will not be able to log in to Telegram Web.",0,low
S001531,Telegram,Telegram Privacy Policy,Telegram Privacy Policy.docx,1,1,4.1. Storing Data,"If you signed up for Telegram from the UK or the EEA, your data is stored in data centers in the Netherlands. These are third-party provided data centers in which Telegram rents a designated space. However, the servers and networks that sit inside these data centers and on which your personal data is stored are owned by Telegram. As such, we do not share your personal data with such data centers. All data is stored heavily encrypted so that local Telegram engineers or physical intruders cannot get access.",1,medium
S001532,Telegram,Telegram Privacy Policy,Telegram Privacy Policy.docx,1,1,4.2. End-to-End Encrypted Data,"Your messages, media and files from secret chats (see section 3.3.2 above), as well as the contents of your calls and the data you store in your Telegram Passport are processed only on your device and on the device of your recipient. Before this data reaches our servers, it is encrypted with a key known only to you and the recipient. While Telegram servers will handle this end-to-end encrypted data to deliver it to the recipient – or store it in the case of Telegram Passport data, we have no ways of deciphering the actual information. In this case, we neither store nor process your personal data, rather we store and process random sequences of symbols that have no meaning without the keys which we don’t have.",1,medium
S001533,Telegram,Telegram Privacy Policy,Telegram Privacy Policy.docx,1,1,4.3. Retention,"Unless stated otherwise in this Privacy Policy, the personal data that you provide us will only be stored for as long as it is necessary for us to fulfill our obligations in respect of the provision of the Services.",0,low
S001534,Telegram,Telegram Privacy Policy,Telegram Privacy Policy.docx,1,1,5.1. Our Services,"Telegram is a cloud service. We will process your data to deliver your cloud chat history, including messages, media and files, to any devices of your choosing without a need for you to use third-party backups or cloud storage.",0,low
S001535,Telegram,Telegram Privacy Policy,Telegram Privacy Policy.docx,1,1,5.2. Safety and Security,"Telegram supports massive communities which we have to police against abuse and Terms of Service violations. Telegram also has more than 1 billion users which makes it a lucrative target for spammers. To improve the security of your account, as well as to prevent spam, abuse, and other violations of our Terms of Service, we may collect metadata such as your IP address, devices and Telegram apps you've used, history of username changes, etc. If collected, this metadata can be kept for 12 months maximum.",0,low
S001536,Telegram,Telegram Privacy Policy,Telegram Privacy Policy.docx,1,1,5.3. Spam and Abuse,"To prevent phishing, spam and other kinds of abuse and violations of Telegram’s Terms of Service, our moderators may check messages that were reported to them by their recipients. If a spam report on a message you sent is confirmed by our moderators, your account may be limited from contacting strangers – temporarily or permanently. You can send an appeal using @Spambot. In case of more serious violations, your account may be banned. We may also use automated algorithms to analyze messages in cloud chats to stop spam and phishing.",0,low
S001537,Telegram,Telegram Privacy Policy,Telegram Privacy Policy.docx,1,1,5.4. Cross-Device Functionality,We may also store some aggregated metadata to create Telegram features (see section 5.5 below) that work across all your devices.,0,low
S001538,Telegram,Telegram Privacy Policy,Telegram Privacy Policy.docx,1,1,5.5. Advanced features,"We may use some aggregated data about how you use Telegram to build useful features. For example, when you open the Search menu, Telegram displays the people you are more likely to message in a box at the top of the screen. To do this, we calculate a rating that shows which people you message frequently. A similar rating is calculated for inline bots so that the app can suggest the bots you are most likely to use in the attachment menu (or when you start a new message with “@”). To turn this feature off and delete the relevant data, go to Settings > Privacy & Security > Data Settings and disable “Suggest Frequent Contacts”.",0,low
S001539,Telegram,Telegram Privacy Policy,Telegram Privacy Policy.docx,1,1,5.6. No Ads Based on Contents of Chats or Contact Lists,"Unlike other services, we don't use the contents of your private chats or contacts lists for ad targeting or other commercial purposes. Telegram only stores the information it needs to function as a secure and feature-rich cloud service.",0,low
S001540,Telegram,Telegram Privacy Policy,Telegram Privacy Policy.docx,1,1,5.6. No Ads Based on Contents of Chats or Contact Lists,"Telegram offers a tool for advertisers to promote their messages in public one-to-many channels (with 1,000 subscribers or more), as well as in bots, stories, and Telegram’s public search. By default, these sponsored messages are based solely on the topic of the public channels or search terms in which they are shown. No contents of private chats or contacts lists are mined or analyzed to display ads or sponsored messages.",0,low
S001541,Telegram,Telegram Privacy Policy,Telegram Privacy Policy.docx,1,1,5.6. No Ads Based on Contents of Chats or Contact Lists,Telegram Premium users don’t see ads and are not affected by the Telegram Ad Platform.,0,low
S001542,Telegram,Telegram Privacy Policy,Telegram Privacy Policy.docx,1,1,5.6.1. Additional advertising tools,Non-intrusive advertising models help us sustain our Services. The data relied upon to serve ads is processed on the basis of Telegram’s legitimate interest of delivering effective and innovative Services to you. This data cannot be disclosed to any third parties – advertisers included.,0,low
S001543,Telegram,Telegram Privacy Policy,Telegram Privacy Policy.docx,1,1,5.6.1. Additional advertising tools,Telegram Premium users don’t see ads and are not affected by the Ad Platform. Targeting-related data referenced in this section is not processed for such users.,0,low
S001544,Telegram,Telegram Privacy Policy,Telegram Privacy Policy.docx,1,1,5.6.1. Additional advertising tools,"In large public one-to-many channels (with 1,000 subscribers or more), and public search results, ads may be shown based on the language of the content – however, that language may be common to several different countries. To keep ads relevant, ads can be shown in a particular country and city, approximated based on the country and area code of a user's phone number or their IP address. This data is never passed to advertisers, no other geolocation data is used, and no precise location-tracking is involved for these purposes. This makes it possible for advertisers to restrict ad visibility to certain countries or regions – for instance, creating an ad for Spanish-speaking audiences but opting not to display it within Spain.",0,low
S001545,Telegram,Telegram Privacy Policy,Telegram Privacy Policy.docx,1,1,5.6.1. Additional advertising tools,"Users following a sufficient number of large public one-to-many channels (e.g., Finance, Business & Entrepreneurship, or Humor & Memes), may see ads from that category in other large public channels or in other bots as well. Users may also see ads selected on the basis of the channels they follow. This data is never passed to advertisers.",0,low
S001546,Telegram,Telegram Privacy Policy,Telegram Privacy Policy.docx,1,1,5.6.1. Additional advertising tools,Your rights described in section 9 below remain unaffected.,0,low
S001547,Telegram,Telegram Privacy Policy,Telegram Privacy Policy.docx,1,1,6.1. Ecosystem,"Telegram has an API that allows third-party developers to create bots. Bots are apps that look like special Telegram users: you can talk to them from your chat list, add them to groups or use a special “inline” interface to access their features. By performing any of these actions, you will be sending some of your data to the respective third-party bot developers.",0,low
S001548,Telegram,Telegram Privacy Policy,Telegram Privacy Policy.docx,1,1,6.2. How Bots Can Receive Data,You can send data to bot developers when you interact with their bots in one of these ways: By sending messages to a bot.,0,low
S001550,Telegram,Telegram Privacy Policy,Telegram Privacy Policy.docx,1,1,6.2. How Bots Can Receive Data,By using an inline bot.,0,low
S001551,Telegram,Telegram Privacy Policy,Telegram Privacy Policy.docx,1,1,6.2. How Bots Can Receive Data,By participating in a group with a bot.,0,low
S001552,Telegram,Telegram Privacy Policy,Telegram Privacy Policy.docx,1,1,6.2. How Bots Can Receive Data,By pressing buttons in messages sent by a bot.,0,low
S001553,Telegram,Telegram Privacy Policy,Telegram Privacy Policy.docx,1,1,6.2. How Bots Can Receive Data,By paying for goods and services via bots (see section 7 below).,0,low
S001554,Telegram,Telegram Privacy Policy,Telegram Privacy Policy.docx,1,1,6.2. How Bots Can Receive Data,By sending a join request to a group or channel.,0,low
S001555,Telegram,Telegram Privacy Policy,Telegram Privacy Policy.docx,1,1,6.2. How Bots Can Receive Data,By using Telegram Business features that connect a chatbot to your account.,0,low
S001556,Telegram,Telegram Privacy Policy,Telegram Privacy Policy.docx,1,1,6.2. How Bots Can Receive Data,By opening a chat with a Telegram Business account controlled by a chatbot (see section 6.5 below).,0,low
S001557,Telegram,Telegram Privacy Policy,Telegram Privacy Policy.docx,1,1,6.3. What Data Bots Receive,"In any of the above cases, the developers of an automated user (bot) can get your public account data (see section 3.1 above): your screen name, username and profile picture(s).",0,low
S001558,Telegram,Telegram Privacy Policy,Telegram Privacy Policy.docx,1,1,6.3. What Data Bots Receive,Bots can also receive the following data when you interact with them.,0,low
S001559,Telegram,Telegram Privacy Policy,Telegram Privacy Policy.docx,1,1,6.3. What Data Bots Receive,Bots will obviously get your messages when you send them something.,0,low
S001560,Telegram,Telegram Privacy Policy,Telegram Privacy Policy.docx,1,1,6.3. What Data Bots Receive,"If you click on links or buttons provided by the bot, the bot can potentially get your IP address (provided that it controls the website to which the link leads).",0,low
S001561,Telegram,Telegram Privacy Policy,Telegram Privacy Policy.docx,1,1,6.3. What Data Bots Receive,"If the bot is a member of the same group with you, it may know you are a member.",0,low
S001562,Telegram,Telegram Privacy Policy,Telegram Privacy Policy.docx,1,1,6.3. What Data Bots Receive,When you start your message with the username of an inline bot (e.g. @gif) the interface transforms so that everything you type becomes a query to that bot. This query is sent to the bot so that it can provide its service. We will warn you about this the first time you use an inline bot.,0,low
S001563,Telegram,Telegram Privacy Policy,Telegram Privacy Policy.docx,1,1,6.3. What Data Bots Receive,"Bots added to groups can operate in two modes: with access to messages in the group or without access. If the bot has access to messages, it can see everything that happens in the group. The interface clearly shows whether or not a bot has access to messages in groups.",0,low
S001564,Telegram,Telegram Privacy Policy,Telegram Privacy Policy.docx,1,1,6.3. What Data Bots Receive,"To facilitate text localization, bots you interact with (including via chats managed by Telegram Business Chatbots), may receive your interface language based on your app or operating system language settings. Note that if you update your language settings, bots may continue to receive your previous language for some time.",0,low
S001565,Telegram,Telegram Privacy Policy,Telegram Privacy Policy.docx,1,1,6.4. Bots Are Not Maintained by Telegram,The terms of use for certain bots are set by Telegram. No other bots or third-party bot developers are affiliated with Telegram. They are completely independent from us. They should ask you for your permission before they access your data or you make it available to them.,1,medium
S001566,Telegram,Telegram Privacy Policy,Telegram Privacy Policy.docx,1,1,6.4. Bots Are Not Maintained by Telegram,"Your usage of the Bot and Mini App features is governed by the Terms of Service for Bots and the Terms of Services for Mini Apps, respectively.",0,low
S001567,Telegram,Telegram Privacy Policy,Telegram Privacy Policy.docx,1,1,6.5. Telegram Business Chatbots,"Telegram Business subscribers can connect third-party bots to their Telegram account, to help them automatically process and respond to messages from users.",0,low
S001568,Telegram,Telegram Privacy Policy,Telegram Privacy Policy.docx,1,1,6.5.1. Communicating with a Business Chatbot,"Telegram users have been able to communicate with bots, including bots run by businesses, since 2015. With the introduction of Telegram Business, users can also seamlessly interface with bots in private chats with Telegram Business users who have connected a chatbot to their account.",0,low
S001569,Telegram,Telegram Privacy Policy,Telegram Privacy Policy.docx,1,1,6.5.1. Communicating with a Business Chatbot,"If you message a Business user who connected a chatbot to their account, depending on their settings, you may be effectively communicating with a bot, and it will receive basic data about you as detailed in section 6.3 above.",0,low
S001570,Telegram,Telegram Privacy Policy,Telegram Privacy Policy.docx,1,1,6.5.2. Using a Business Chatbot to Manage Your Chats,"If you connect a third-party bot to your account via Telegram Business, the bot will have access to basic information about your account (see section 6.3 above), and will be able to message you privately. Additionally, the bot will have access to all messages, media and files contained in the private chats you allow it to manage. Lastly, if you grant it permission to do so (and only in the private chats you assigned to it), the bot will be able to send messages and perform other actions on your behalf.",0,low
S001571,Telegram,Telegram Privacy Policy,Telegram Privacy Policy.docx,1,1,6.5.2. Using a Business Chatbot to Manage Your Chats,"You can alter or revoke the bot’s permissions, including the list of chats it can access, at any time from Settings > Telegram Business > Chatbots on official Telegram clients.",0,low
S001572,Telegram,Telegram Privacy Policy,Telegram Privacy Policy.docx,1,1,7.1. Payment Information,The Payment Platform for Bots is available to users as of Telegram 4.0. Telegram does not process payments from users and instead relies on different payment providers around the world. It is the payment providers that handle and store your credit card details. Neither Telegram nor the merchants on the platform (bot developers) have access to this information. Although we work with payment providers they are completely independent from Telegram. Please study their relevant privacy policies before making your data available to them.,0,low
S001573,Telegram,Telegram Privacy Policy,Telegram Privacy Policy.docx,1,1,7.2. Credit Card Information,"When making a purchase, you enter your credit card details into a form supplied by the payment provider that will be processing the payment, and this information goes directly to the payment provider's server. Your credit card information never reaches Telegram's servers. We do not access and do not store your credit card information. When you save your credit card info, it is saved on the respective payment provider's servers and the payment provider gives Telegram a token that you can reuse for future payments. It is not possible to reconstruct your credit card info from the token.",0,low
S001574,Telegram,Telegram Privacy Policy,Telegram Privacy Policy.docx,1,1,7.3 Shipping Information,"When you enter shipping information in the process of placing an order, we send it directly to the merchant bot developer. We can store your shipping information for you if you choose to save it for future purchases. We will delete this information immediately if you ask us to.",0,low
S001575,Telegram,Telegram Privacy Policy,Telegram Privacy Policy.docx,1,1,7.4. Clearing Payment Information,"You can clear all payment information associated with your account at any time by going to Telegram Settings > Privacy & Security > Data Settings and selecting ‘Clear Payment & Shipping Info’. If you choose to remove your payment information, we will delete your stored shipping info and payment tokens from all providers and ask the payment providers to remove your credit card information that they store.",0,low
S001576,Telegram,Telegram Privacy Policy,Telegram Privacy Policy.docx,1,1,7.5. Payment Disputes,"Due to the fact that Telegram doesn't store any credit card details or transaction information, it is impossible for us to handle complaints or cashbacks – any disputed payments are the responsibility of the bot developers, payment providers, and banks that participated in the exchange.",1,medium
S001577,Telegram,Telegram Privacy Policy,Telegram Privacy Policy.docx,1,1,8.1. Other Telegram Users,"Other users of our Services with whom you choose to communicate with and share certain information, who may be located outside the EEA. Note that by entering into the Terms of Service and choosing to communicate with such other users of Telegram, you are instructing us to transfer your personal data, on your behalf, to those users in accordance with this Privacy Policy. We employ all appropriate technical and organizational measures (including encryption of your personal data) to ensure a level of security for your personal data that is appropriate to the risk. However, note that if you chat with others and share data with them, they become capable of sharing such data further with third parties without your knowledge or consent, and Telegram has no way to prevent this.",2,medium
S001578,Telegram,Telegram Privacy Policy,Telegram Privacy Policy.docx,1,1,8.1. Other Telegram Users,8.2. Telegram’s Group Companies,0,low
S001579,Telegram,Telegram Privacy Policy,Telegram Privacy Policy.docx,1,1,8.1. Other Telegram Users,"To provide, improve and support our Services, we may share your personal data with: (1) our parent company, Telegram Group Inc, located in the British Virgin Islands, (2) Telegraph Inc., a group member also located in the BVI; and (3) Telegram FZ-LLC, a group member located in Dubai. We will implement appropriate safeguards to protect the security and integrity of that personal data. This will take the form of standard contract clauses approved by the European Commission in an agreement between us and our relevant group companies. If you would like more information regarding these clauses, please contact our EEA representative using the details in section 1.4 above.",0,low
S001580,Telegram,Telegram Privacy Policy,Telegram Privacy Policy.docx,1,1,8.3. Law Enforcement Authorities,"If Telegram receives a valid order from the relevant judicial authorities that confirms you're a suspect in a case involving criminal activities that violate the Telegram Terms of Service, we will perform a legal analysis of the request and may disclose your IP address and phone number to the relevant authorities. If any data is shared, we will include such occurrences in a quarterly transparency report published at: https://t.me/transparency.",0,low
S001581,Telegram,Telegram Privacy Policy,Telegram Privacy Policy.docx,1,1,"8.4. Translation of Chats, Channels and specific Messages at the Request of the User","Users can choose to translate a specific text message into a different language by tapping “Translate” in the action menu of the message (to enable this option, a user should first turn on Translation services in the Settings > Languages section of the Telegram application). Telegram Premium users can also optionally enable automatic live translation on any chat, group or channel.",0,low
S001582,Telegram,Telegram Privacy Policy,Telegram Privacy Policy.docx,1,1,"8.4. Translation of Chats, Channels and specific Messages at the Request of the User","Since Telegram may rely on Google LLC or Microsoft Corporation for automatic translation of messages, the text of any message or set of messages that users choose to translate may be shared with Google or Microsoft in order to obtain their translated versions. These third-party companies will only access the data to provide a translation and will not use it for any other products, services, or advertising.",0,low
S001583,Telegram,Telegram Privacy Policy,Telegram Privacy Policy.docx,1,1,8.5. Transcription of Voice and Video Messages at the Request of the User,"Some users can choose to convert a voice or video message to text by tapping on the Voice-to-Text icon (“->A”) displayed on eligible messages (to be able to use this option, users should subscribe to Telegram Premium in the Settings > Telegram Premium section of the Telegram application).",0,low
S001584,Telegram,Telegram Privacy Policy,Telegram Privacy Policy.docx,1,1,8.5. Transcription of Voice and Video Messages at the Request of the User,"Since Telegram may rely on a third party, Google LLC, subsidiary of Alphabet Inc, for voice-to-text conversion, the audio data of voice and video messages that users choose to convert to text may be shared with Google in order to obtain their transcribed versions. Only audio data may be shared for this purpose (no other data, such as the user's IP address or any information about their account is shared). According to the agreement between Telegram and Google, Telegram will pay for the transcriptions on behalf of its users and Google will only access the audio data to provide a transcribed version – it will not log audio data or transcripts, and will not use the data for any other Google products, services, or advertising.",0,low
S001585,Telegram,Telegram Privacy Policy,Telegram Privacy Policy.docx,1,1,9.1. Your Rights,"Under applicable data protection legislation, in certain circumstances, you have rights concerning your personal data. You have a right to: (1) request a copy of all your personal data that we store and to transmit that copy to another data controller; (2) delete (see section 10 below) or amend your personal data; (3) restrict, or object to, the processing of your personal data; (4) correct any inaccurate or incomplete personal data we hold on you; and (5) lodge a complaint with national data protection authorities regarding our processing of your personal data.",1,medium
S001586,Telegram,Telegram Privacy Policy,Telegram Privacy Policy.docx,1,1,9.2. Exercising Your Rights,"If you wish to exercise any of these rights, kindly use the contact details in section 12 below.",0,low
S001587,Telegram,Telegram Privacy Policy,Telegram Privacy Policy.docx,1,1,9.3. Data Settings,"You can control how your data is used (e.g., delete synced contacts) in Settings > Privacy & Security > Data Settings (using one of our mobile apps).",0,low
S001588,Telegram,Telegram Privacy Policy,Telegram Privacy Policy.docx,1,1,9.3. Data Settings,"Sadly, if you're not OK with Telegram's modest minimum requirements, it won't be possible for us to provide you with our Services. You can delete your Telegram account by proceeding to the deactivation page.",0,low
S001589,Telegram,Telegram Privacy Policy,Telegram Privacy Policy.docx,1,1,10.1. Accounts,"If you would like to delete your account, you can do this on the deactivation page. Deleting your account removes all messages, media, contacts and every other piece of data you store in the Telegram cloud. This action must be confirmed via your Telegram account and cannot be undone.",0,low
S001590,Telegram,Telegram Privacy Policy,Telegram Privacy Policy.docx,1,1,10.2. Messages,"In secret chats, deleting a message always instructs the app on the other end to delete it too.",0,low
S001591,Telegram,Telegram Privacy Policy,Telegram Privacy Policy.docx,1,1,10.2. Messages,"In cloud chats, you can choose to delete a message for all participants within at least 48 hours after sending. Otherwise, deleting a message will delete it from your message history. This means that a copy will stay on the server as part of your partner's message history. As soon as your partner deletes it too, it's gone forever.",0,low
S001592,Telegram,Telegram Privacy Policy,Telegram Privacy Policy.docx,1,1,10.2. Messages,"As of version 5.5, any party can choose to delete any messages in one-on-one chats, both sent and received, for both sides. There is no time limit. Any party can also opt to clear the entire chat history for both parties, in which case the apps will be instructed to remove all messages in that chat, regardless of how many messages are retained by either of the participants.",0,low
S001593,Telegram,Telegram Privacy Policy,Telegram Privacy Policy.docx,1,1,10.2. Messages,"In supergroups and channels, deleting a message removes it for all participants. Note that deleted messages and original versions of edited messages from supergroups are stored for 48 hours after deletion in order to be shown in admins' Recent Actions panel. For paid posts in channels, see 3.3.5.",0,low
S001594,Telegram,Telegram Privacy Policy,Telegram Privacy Policy.docx,1,1,10.3. Self-Destructing Messages,"Messages in Secret Chats can be ordered to self-destruct. As soon as such a message is read (2 checks appear), the countdown starts. When the timer expires, both devices participating in a secret chat are instructed to delete the message (photo, video, etc.). Media with short timers (less than a minute) are shown with blurred previews. The timer is triggered when they are viewed.",0,low
S001595,Telegram,Telegram Privacy Policy,Telegram Privacy Policy.docx,1,1,10.4. Account Self-Destruction,"By default, if you stop using Telegram and do not come online for at least 18 months, your account will be deleted along with all messages, media, contacts and every other piece of data you store in the Telegram cloud. You can go to Settings to change the exact period after which your inactive account will self-destruct.",0,low
S001596,Telegram,Telegram Privacy Policy,Telegram Privacy Policy.docx,1,1,11. Changes to this Privacy Policy,"We will review and may update this Privacy Policy from time to time. Any changes to this Privacy Policy will become effective when we post the revised Privacy Policy on this page www.telegram.org/privacy. Please check our website frequently to see any updates or changes to our Privacy Policy, a summary of which we will set out below.",0,low
S001597,Telegram,Telegram Privacy Policy,Telegram Privacy Policy.docx,1,1,"March 25, 2019","Expanded 10.2. Deleting Messages with data on the new features in version 5.5, which allow both participants to remove any messages from one-on-one chats for both sides without a time limit.",0,low
S001598,Telegram,Telegram Privacy Policy,Telegram Privacy Policy.docx,1,1,"March 24, 2021",Added 3.5. Location Data.,0,low
S001599,Telegram,Telegram Privacy Policy,Telegram Privacy Policy.docx,1,1,"March 24, 2021","Improved structure, moving 3.3.5 to 3.4 and 3.3.6 to 3.6.",0,low
S001600,Telegram,Telegram Privacy Policy,Telegram Privacy Policy.docx,1,1,"October 26, 2021",Expanded 5.6. No Ads Based on User Data with information about sponsored messages in public channels.,0,low
S001601,Telegram,Telegram Privacy Policy,Telegram Privacy Policy.docx,1,1,"June 19, 2022",Added 8.4. Translation of Messages at the Request of the User and 8.5. Transcription of Voice Messages at the Request of the User.,0,low
S001602,Telegram,Telegram Privacy Policy,Telegram Privacy Policy.docx,1,1,"September 8, 2022",Expanded 3.2. Your Email Address with information on login emails.,0,low
S001603,Telegram,Telegram Privacy Policy,Telegram Privacy Policy.docx,1,1,"February 3, 2023",Updated 8.4 and 8.5 to reflect the new premium feature that allows translating entire chats.,0,low
S001604,Telegram,Telegram Privacy Policy,Telegram Privacy Policy.docx,1,1,"April 24, 2023","Updated 1.4, 9.2 and 12 to update the details of Telegram’s EEA representative for GDPR matters.",0,low
S001605,Telegram,Telegram Privacy Policy,Telegram Privacy Policy.docx,1,1,"April 24, 2023","Updated 8.2 to mention Telegraph Inc., a member of the Telegram group of companies.",0,low
S001606,Telegram,Telegram Privacy Policy,Telegram Privacy Policy.docx,1,1,"March 31, 2024",Added 3.1.1. Optional Data.,0,low
S001607,Telegram,Telegram Privacy Policy,Telegram Privacy Policy.docx,1,1,"March 31, 2024","Added information about Telegram Business chatbots to the Bot Messages section (6.2, 6.3, 6.5).",0,low
S001608,Telegram,Telegram Privacy Policy,Telegram Privacy Policy.docx,1,1,"September 23, 2024","Updated 8.3, see this post for more details.",0,low
S001609,Telegram,Telegram Privacy Policy,Telegram Privacy Policy.docx,1,1,"September 29, 2024",Updated 10.4 to reflect the new default time period for Account Self-Destruction.,0,low
S001610,Telegram,Telegram Privacy Policy,Telegram Privacy Policy.docx,1,1,"August 21, 2026",The Privacy Policy was updated to describe geographic limitations and other advertising tools that may affect the ways how ads are displayed.,0,low
S001611,Telegram,Telegram Privacy Policy,Telegram Privacy Policy.docx,1,1,"August 21, 2026",Important changes made to this Privacy Policy will be notified to you via Telegram.,0,low
S001612,Telegram,Telegram Privacy Policy,Telegram Privacy Policy.docx,1,1,12. Further Information,If you have any questions please feel free to explore our FAQ or contact Telegram's Volunteer Support in-app via Settings > Ask a Question.,0,low
S001613,Telegram,Telegram Privacy Policy,Telegram Privacy Policy.docx,1,1,12. Further Information,"If you live in the EU and would like to submit a GDPR-related request, please see here.",0,low
S001614,Telegram,Telegram Privacy Policy,Telegram Privacy Policy.docx,1,1,12. Further Information,Telegram is an open source project. You can find more information on our: API at: https://core.telegram.org/api;,0,low
S001616,Telegram,Telegram Privacy Policy,Telegram Privacy Policy.docx,1,1,12. Further Information,Bot Platform at: https://core.telegram.org/bots;,0,low
S001617,Telegram,Telegram Privacy Policy,Telegram Privacy Policy.docx,1,1,12. Further Information,Protocol at: https://core.telegram.org/mtproto; and,0,low
S001618,Telegram,Telegram Privacy Policy,Telegram Privacy Policy.docx,1,1,12. Further Information,Source Code at: https://telegram.org/apps#source-code.,0,low
S001619,Telegram,Telegram Privacy Policy,Telegram Privacy Policy.docx,1,1,12. Further Information,Confirm that Telegram apps downloaded from app stores are using the same code that we publish at: https://core.telegram.org/reproducible-builds,0,low
S001620,Telegram,Telegram_premium_Terms of Service,Telegram_premium_Terms of Service.docx,1,1,,"By signing up for Telegram, you accept our Privacy Policy and agree not to: Use our service to send spam or scam users.",0,low
S001622,Telegram,Telegram_premium_Terms of Service,Telegram_premium_Terms of Service.docx,1,1,,"Promote violence on publicly viewable Telegram channels, bots, etc.",0,low
S001623,Telegram,Telegram_premium_Terms of Service,Telegram_premium_Terms of Service.docx,1,1,,"Post illegal pornographic content on publicly viewable Telegram channels, bots, etc., distribute or promote child sexual abuse materials.",1,medium
S001624,Telegram,Telegram_premium_Terms of Service,Telegram_premium_Terms of Service.docx,1,1,,Spread harmful misinformation (including harmful deepfake images or videos).,0,low
S001625,Telegram,Telegram_premium_Terms of Service,Telegram_premium_Terms of Service.docx,1,1,,Violate copyright and intellectual property rights.,0,low
S001626,Telegram,Telegram_premium_Terms of Service,Telegram_premium_Terms of Service.docx,1,1,,We reserve the right to update these Terms of Service later.,0,low
S001627,Telegram,Telegram_premium_Terms of Service,Telegram_premium_Terms of Service.docx,1,1,,"Users in EU countries, the United Kingdom and Australia must be at least 18 years old to sign up.",0,low
S001628,Telegram,Telegram_premium_Terms of Service,Telegram_premium_Terms of Service.docx,1,1,Terms of Service for Telegram Premium,"Telegram is a free application that provides a wide range of services, including unlimited cloud storage, 2 GB file uploads, audio and video calls, group chats up to 200,000 members, support for multiple devices, and more, free of charge. Some additional services, such as Telegram Premium, may be available for purchase in certain countries – offering an even more powerful messaging experience and a chance to support the continuing development of the Telegram platform.",0,low
S001629,Telegram,Telegram_premium_Terms of Service,Telegram_premium_Terms of Service.docx,1,1,1. Introduction,"Telegram Premium is a subscription membership that unlocks exclusive features and improved functionality. By purchasing Telegram Premium, you agree that you are authorizing recurring monthly or yearly payments, which will be made to Telegram using the payment method you selected until the subscription is canceled by you or Telegram.",0,low
S001630,Telegram,Telegram_premium_Terms of Service,Telegram_premium_Terms of Service.docx,1,1,1. Introduction,Telegram uses third-party payment processors to securely facilitate purchases of Telegram Premium.,0,low
S001631,Telegram,Telegram_premium_Terms of Service,Telegram_premium_Terms of Service.docx,1,1,1.1. Payment,"You can manage your Telegram Premium subscription by accessing the Telegram Premium section in the Settings of your Telegram account. If your payment method is declined, you must provide new payment information or your Telegram Premium subscription will be canceled. If you provide new payment information and are successfully charged, your new subscription period will be based on the original renewal date and not the date of the successful charge.",0,low
S001632,Telegram,Telegram_premium_Terms of Service,Telegram_premium_Terms of Service.docx,1,1,1.2. Taxes and Conversion Rates,"Users in certain regions may be required to pay local taxes, which will be calculated and added to the total cost of a purchase. Payment providers may apply their own commissions and conversion rates to payments in various currencies. This is outside of Telegram’s control.",0,low
S001633,Telegram,Telegram_premium_Terms of Service,Telegram_premium_Terms of Service.docx,1,1,2.1. Cancelling a Subscription,"You can cancel Telegram Premium any time. To cancel your subscription, follow the instructions in the Telegram Premium section in the Settings of your Telegram account. If you purchased Telegram Premium using your Apple ID, you can cancel your subscription through your device's Account Settings or in the Manage Subscriptions section of the Apple App Store. If you purchased Telegram Premium using Google Play, you can cancel your subscriptions by visiting the Subscriptions section of Google Play.",0,low
S001634,Telegram,Telegram_premium_Terms of Service,Telegram_premium_Terms of Service.docx,1,1,2.2 Refunds and Effective Cancellation,"Your subscription will remain active from the time you cancel until the end of your current billing period, and you will not receive a refund or credit for any remaining days in your current billing period. At the end of your subscription you will lose access to all features associated with Telegram Premium.",0,low
S001635,Telegram,Telegram_premium_Terms of Service,Telegram_premium_Terms of Service.docx,1,1,2.2 Refunds and Effective Cancellation,Deleting your Telegram account or removing the Telegram application from your device does not cancel your subscription.,0,low
S001636,Telegram,Telegram_premium_Terms of Service,Telegram_premium_Terms of Service.docx,1,1,3. Paid Services Obtained Through Third Parties,"If you obtain a Telegram Premium subscription via a third party (e.g. Google Play, Apple App Store), your purchase may be further subject to the third party's terms as agreed between you and the third party. For Paid Services obtained via a third party, your billing relationship will be directly with the applicable third party.",0,low
S001637,Telegram,Telegram_premium_Terms of Service,Telegram_premium_Terms of Service.docx,1,1,4.1. Compliance with the Terms,"Failure to comply with the Telegram Terms of Service may result in a temporary or a permanent ban from Telegram or some of its services. In such instances, you might lose the benefits of Telegram Premium and we will not compensate you for this loss.",0,low
S001638,Telegram,Telegram_premium_Terms of Service,Telegram_premium_Terms of Service.docx,1,1,4.2. Unilateral Termination,"Telegram can decide to stop offering subscriptions at any time, including in response to unforeseen circumstances beyond our control, or to comply with a legal requirement; in this case we will cancel your subscription and refund the prorated portion of any prepaid subscription fee equal to the remaining unused term of the subscription.",0,low
S001639,Telegram,Telegram_premium_Terms of Service,Telegram_premium_Terms of Service.docx,1,1,"5. Taxes, Fees and Refunds","You are responsible for all applicable taxes, data plans, internet fees, and other fees associated with your use of Telegram.",0,low
S001640,Telegram,Telegram_premium_Terms of Service,Telegram_premium_Terms of Service.docx,1,1,"5. Taxes, Fees and Refunds","Generally, all charges for purchases are nonrefundable. It is not possible to get a “partial refund” or credit if a user wishes to cancel their recurring subscription early – it will remain valid until the end of its purchased duration.",0,low
S001641,Telegram,Telegram_premium_Terms of Service,Telegram_premium_Terms of Service.docx,1,1,6.1. Pricing and Terms,"While we do not anticipate frequent changes to the price of Telegram Premium, we reserve the right to change both these terms and the fees in effect on renewal of your subscription, to reflect factors such as changes to our business, different product offerings, or new economic conditions.",0,low
S001642,Telegram,Telegram_premium_Terms of Service,Telegram_premium_Terms of Service.docx,1,1,6.2. Advance Notice,We will give you no less than 30 days' advance notice of any material changes via a message to your Telegram account and you will have the opportunity to cancel your subscription before the new fee comes into effect. Any correspondence from the Telegram Team about a user’s Premium account will be sent via verified service accounts in the Telegram app.,0,low
S001643,Telegram,Telegram_premium_Terms of Service,Telegram_premium_Terms of Service.docx,1,1,6.2. Advance Notice,Messages from Telegram about your Premium account will contain relevant information about your subscription or payment status – not special offers or promotions.,0,low
S001644,Telegram,Telegram_premium_Terms of Service,Telegram_premium_Terms of Service.docx,1,1,7.1. Included Services,"The services included in the Telegram Premium subscription (“Premium Services”) are listed in the Premium Section. From time to time, we may add new items into the Premium Services. We may also remove some of the existing Premium Services if we are no longer able to provide them for legal or technical reasons. In addition, some Premium Services may become free of charge for all Telegram users in the future.",0,low
S001645,Telegram,Telegram_premium_Terms of Service,Telegram_premium_Terms of Service.docx,1,1,7.2. Availability,"Telegram strives to make its services available for all users all the time, but occasional technical issues may occur, temporarily preventing us from delivering services, including Premium Services, to our users. Telegram will not compensate you for any direct or indirect loss resulting from our temporary inability to provide any free or paid services.",0,low
S001646,Telegram,Telegram_premium_Terms of Service,Telegram_premium_Terms of Service.docx,1,1,7.2. Availability,"Premium Services are available on major Telegram clients, such as the official iOS and Android apps. Some Telegram apps made by Telegram or by third parties may not offer all Premium Services immediately after they are launched or at all.",0,low
S001647,Telegram,Telegram_premium_Terms of Service,Telegram_premium_Terms of Service.docx,1,1,7.3. Software Requirements,"Some Premium Services may require the latest version of the Telegram application to be installed on your device. In some cases, users you interact with may also need to have the latest version of the Telegram application installed on their devices in order to be able to view the content you share with them by the use of Premium Services. For example, exclusive stickers available only to the Telegram Premium subscribers or documents larger than 2 GB may be correctly viewed only by users with an up-to-date version of Telegram.",0,low
S001648,Telegram,Telegram_premium_Terms of Service,Telegram_premium_Terms of Service.docx,1,1,7.3. Software Requirements,"In general, users you interact with will not have to purchase a Telegram Premium subscription in order to view the content you share with them by the use of Premium Services.",0,low
S001649,Telegram,Telegram_premium_Terms of Service,Telegram_premium_Terms of Service.docx,1,1,7.4. Chat translation and Voice-to-text conversion,"Premium Services include the optional ability to request the conversion of any video and voice message on Telegram to text. Additionally, the services include optional live translation for any chat, group or channel.",0,low
S001650,Telegram,Telegram_premium_Terms of Service,Telegram_premium_Terms of Service.docx,1,1,7.4. Chat translation and Voice-to-text conversion,"These technologies are still evolving and there is no guarantee that every message you attempt to either transcribe or translate will be processed correctly, or at all. The accuracy and availability of these technologies depend on a third party (Google LLC, subsidiary of Alphabet Inc.), and we can not guarantee that they will always be accurate and available.",0,low
S001651,Telegram,Telegram_premium_Terms of Service,Telegram_premium_Terms of Service.docx,1,1,7.5. Increased Download Speed,"Premium Services include increased download speed of media and documents on Telegram. This increase is allowed by the removal of all relevant speed limits on Telegram’s side. However, your actual download speed will also depend on external factors such as your hardware, your internet provider and certain intermediary connectivity providers. Therefore, there is no guarantee that enabling Premium Services will always affect the speed with which you download documents and media on Telegram.",1,medium
S001652,Telegram,Telegram_premium_Terms of Service,Telegram_premium_Terms of Service.docx,1,1,7.6. The Absence of Advertisements,"In certain countries Telegram shows sponsored messages in one-to-many channels that have over 1000 subscribers. The subscribers of Telegram Premium won't see such sponsored messages displayed by Telegram. However, channels on Telegram are managed by other users, their administrators, who may publish their own content featuring third-party promotions or sponsorships. These ads are not part of the Telegram advertisement platform and subscribers of Telegram Premium may still see them.",0,low
S001653,Telegram,Telegram_premium_Terms of Service,Telegram_premium_Terms of Service.docx,1,1,7.7. Boosts,"Premium Services provide users with a number of “boosts” which they can assign to channels to contribute to increasing the level of these channels, with each level unlocking or extending certain features for the channel.",0,low
S001654,Telegram,Telegram_premium_Terms of Service,Telegram_premium_Terms of Service.docx,1,1,7.7. Boosts,A purchased Telegram Premium subscription provides 4 boosts. Gifted subscriptions provide 1 boost to the gift recipient and 3 boosts to the gifter. Telegram Premium subscriptions distributed via giveaways in channels do not provide boosts to the accounts that activate them and instead boost the channel which organized the giveaway.,0,low
S001655,Telegram,Telegram_premium_Terms of Service,Telegram_premium_Terms of Service.docx,1,1,7.7. Boosts,"Leveling requirements, unlockable features and earned boosts may be altered or removed at any time.",0,low
S001656,Telegram,Telegram_premium_Terms of Service,Telegram_premium_Terms of Service.docx,1,1,7.8. Giveaways in Channels,"Channel admins can organize giveaways at their expense, purchasing a number of premium subscriptions to be distributed among present or future subscribers and immediately gain 4 boosts per purchased subscription. The boosts received by the channel can’t be reassigned to another channel, they are activated the moment the giveaway is first launched and remain active for the purchased duration of the subscriptions distributed in the giveaway.",0,low
S001657,Telegram,Telegram_premium_Terms of Service,Telegram_premium_Terms of Service.docx,1,1,7.8. Giveaways in Channels,"Telegram selects winners based on the criteria that channel administrators choose when setting up the giveaway. The results are final and cannot be altered or reversed. In the rare chance that a technical issue results in an unintended outcome, Telegram will attempt to rectify the situation but makes no guarantees to the organizers of a giveaway or its participants.",1,medium
S001658,Telegram,Telegram_premium_Terms of Service,Telegram_premium_Terms of Service.docx,1,1,7.8. Giveaways in Channels,"Winners of a giveaway will receive a shareable link that contains a unique gift code which confirms that they won and activates a Telegram Premium subscription, but does not provide any boosts for the user account that activated it.",0,low
S001659,Telegram,Telegram_premium_Terms of Service,Telegram_premium_Terms of Service.docx,1,1,7.8. Giveaways in Channels,"Giveaways are available for purchase on Telegram’s store apps, direct and web versions and on Fragment. Prices may vary between each option. All purchases are nonrefundable. If there are not enough eligible participants to distribute all the prizes, the channel admins will receive all the undistributed premium activation links, to be used at the admins’ discretion. Undistributed prizes cannot be “rolled over” into other giveaways.",0,low
S001660,Telegram,Telegram_premium_Terms of Service,Telegram_premium_Terms of Service.docx,1,1,7.8. Giveaways in Channels,"Admins who sponsored a giveaway are not entitled to a refund if they lose access to their channel. Reasons for losing access include but are not limited to being demoted, banned, transferring ownership, and the channel being deleted by its owner or restricted by Telegram due to violations of these Terms of Service or the terms of app stores.",0,low
S001661,Telegram,Telegram_premium_Terms of Service,Telegram_premium_Terms of Service.docx,1,1,7.8. Giveaways in Channels,"Channels that mislead users into joining by means of giveaways that are later refunded with a third party (e.g., a bank) may be terminated or assigned a scam label and removed from Telegram search. Subscribers gained as a result of such actions may be removed from the channel sponsoring the giveaway, all channels listed in the selection criteria and other associated channels at our sole discretion.",0,low
S001662,Telegram,Telegram_premium_Terms of Service,Telegram_premium_Terms of Service.docx,1,1,7.8. Giveaways in Channels,"Certain countries or jurisdictions may impose regulatory constraints on giveaways. If you run a giveaway, you are solely responsible for complying with applicable law. You explicitly acknowledge that Telegram is not liable in the event of sanctions, fees, and any form of legal or administrative action incurred as a result of or in relation to your use of the “Giveaway” feature provided by Telegram.",0,low
S001663,Telegram,Telegram_Terms of Service,Telegram_Terms of Service.docx,1,1,,"By signing up for Telegram, you accept our Privacy Policy and agree not to: Use our service to send spam or scam users.",0,low
S001665,Telegram,Telegram_Terms of Service,Telegram_Terms of Service.docx,1,1,,"Promote violence on publicly viewable Telegram channels, bots, etc.",0,low
S001666,Telegram,Telegram_Terms of Service,Telegram_Terms of Service.docx,1,1,,"Post illegal pornographic content on publicly viewable Telegram channels, bots, etc., distribute or promote child sexual abuse materials.",1,medium
S001667,Telegram,Telegram_Terms of Service,Telegram_Terms of Service.docx,1,1,,Spread harmful misinformation (including harmful deepfake images or videos).,0,low
S001668,Telegram,Telegram_Terms of Service,Telegram_Terms of Service.docx,1,1,,Violate copyright and intellectual property rights.,0,low
S001669,Telegram,Telegram_Terms of Service,Telegram_Terms of Service.docx,1,1,,We reserve the right to update these Terms of Service later.,0,low
S001670,Telegram,Telegram_Terms of Service,Telegram_Terms of Service.docx,1,1,,"Users in EU countries, the United Kingdom and Australia must be at least 18 years old to sign up.",0,low
S001671,Telegram,Telegram_Terms of Service,Telegram_Terms of Service.docx,1,1,Terms of Service for Telegram Premium,"Telegram is a free application that provides a wide range of services, including unlimited cloud storage, 2 GB file uploads, audio and video calls, group chats up to 200,000 members, support for multiple devices, and more, free of charge. Some additional services, such as Telegram Premium, may be available for purchase in certain countries – offering an even more powerful messaging experience and a chance to support the continuing development of the Telegram platform.",0,low
S001672,Telegram,Telegram_Terms of Service,Telegram_Terms of Service.docx,1,1,1. Introduction,"Telegram Premium is a subscription membership that unlocks exclusive features and improved functionality. By purchasing Telegram Premium, you agree that you are authorizing recurring monthly or yearly payments, which will be made to Telegram using the payment method you selected until the subscription is canceled by you or Telegram.",0,low
S001673,Telegram,Telegram_Terms of Service,Telegram_Terms of Service.docx,1,1,1. Introduction,Telegram uses third-party payment processors to securely facilitate purchases of Telegram Premium.,0,low
S001674,Telegram,Telegram_Terms of Service,Telegram_Terms of Service.docx,1,1,1.1. Payment,"You can manage your Telegram Premium subscription by accessing the Telegram Premium section in the Settings of your Telegram account. If your payment method is declined, you must provide new payment information or your Telegram Premium subscription will be canceled. If you provide new payment information and are successfully charged, your new subscription period will be based on the original renewal date and not the date of the successful charge.",0,low
S001675,Telegram,Telegram_Terms of Service,Telegram_Terms of Service.docx,1,1,1.2. Taxes and Conversion Rates,"Users in certain regions may be required to pay local taxes, which will be calculated and added to the total cost of a purchase. Payment providers may apply their own commissions and conversion rates to payments in various currencies. This is outside of Telegram’s control.",0,low
S001676,Telegram,Telegram_Terms of Service,Telegram_Terms of Service.docx,1,1,2.1. Cancelling a Subscription,"You can cancel Telegram Premium any time. To cancel your subscription, follow the instructions in the Telegram Premium section in the Settings of your Telegram account. If you purchased Telegram Premium using your Apple ID, you can cancel your subscription through your device's Account Settings or in the Manage Subscriptions section of the Apple App Store. If you purchased Telegram Premium using Google Play, you can cancel your subscriptions by visiting the Subscriptions section of Google Play.",0,low
S001677,Telegram,Telegram_Terms of Service,Telegram_Terms of Service.docx,1,1,2.2 Refunds and Effective Cancellation,"Your subscription will remain active from the time you cancel until the end of your current billing period, and you will not receive a refund or credit for any remaining days in your current billing period. At the end of your subscription you will lose access to all features associated with Telegram Premium.",0,low
S001678,Telegram,Telegram_Terms of Service,Telegram_Terms of Service.docx,1,1,2.2 Refunds and Effective Cancellation,Deleting your Telegram account or removing the Telegram application from your device does not cancel your subscription.,0,low
S001679,Telegram,Telegram_Terms of Service,Telegram_Terms of Service.docx,1,1,3. Paid Services Obtained Through Third Parties,"If you obtain a Telegram Premium subscription via a third party (e.g. Google Play, Apple App Store), your purchase may be further subject to the third party's terms as agreed between you and the third party. For Paid Services obtained via a third party, your billing relationship will be directly with the applicable third party.",0,low
S001680,Telegram,Telegram_Terms of Service,Telegram_Terms of Service.docx,1,1,4.1. Compliance with the Terms,"Failure to comply with the Telegram Terms of Service may result in a temporary or a permanent ban from Telegram or some of its services. In such instances, you might lose the benefits of Telegram Premium and we will not compensate you for this loss.",0,low
S001681,Telegram,Telegram_Terms of Service,Telegram_Terms of Service.docx,1,1,4.2. Unilateral Termination,"Telegram can decide to stop offering subscriptions at any time, including in response to unforeseen circumstances beyond our control, or to comply with a legal requirement; in this case we will cancel your subscription and refund the prorated portion of any prepaid subscription fee equal to the remaining unused term of the subscription.",0,low
S001682,Telegram,Telegram_Terms of Service,Telegram_Terms of Service.docx,1,1,"5. Taxes, Fees and Refunds","You are responsible for all applicable taxes, data plans, internet fees, and other fees associated with your use of Telegram.",0,low
S001683,Telegram,Telegram_Terms of Service,Telegram_Terms of Service.docx,1,1,"5. Taxes, Fees and Refunds","Generally, all charges for purchases are nonrefundable. It is not possible to get a “partial refund” or credit if a user wishes to cancel their recurring subscription early – it will remain valid until the end of its purchased duration.",0,low
S001684,Telegram,Telegram_Terms of Service,Telegram_Terms of Service.docx,1,1,6.1. Pricing and Terms,"While we do not anticipate frequent changes to the price of Telegram Premium, we reserve the right to change both these terms and the fees in effect on renewal of your subscription, to reflect factors such as changes to our business, different product offerings, or new economic conditions.",0,low
S001685,Telegram,Telegram_Terms of Service,Telegram_Terms of Service.docx,1,1,6.2. Advance Notice,We will give you no less than 30 days' advance notice of any material changes via a message to your Telegram account and you will have the opportunity to cancel your subscription before the new fee comes into effect. Any correspondence from the Telegram Team about a user’s Premium account will be sent via verified service accounts in the Telegram app.,0,low
S001686,Telegram,Telegram_Terms of Service,Telegram_Terms of Service.docx,1,1,6.2. Advance Notice,Messages from Telegram about your Premium account will contain relevant information about your subscription or payment status – not special offers or promotions.,0,low
S001687,Telegram,Telegram_Terms of Service,Telegram_Terms of Service.docx,1,1,7.1. Included Services,"The services included in the Telegram Premium subscription (“Premium Services”) are listed in the Premium Section. From time to time, we may add new items into the Premium Services. We may also remove some of the existing Premium Services if we are no longer able to provide them for legal or technical reasons. In addition, some Premium Services may become free of charge for all Telegram users in the future.",0,low
S001688,Telegram,Telegram_Terms of Service,Telegram_Terms of Service.docx,1,1,7.2. Availability,"Telegram strives to make its services available for all users all the time, but occasional technical issues may occur, temporarily preventing us from delivering services, including Premium Services, to our users. Telegram will not compensate you for any direct or indirect loss resulting from our temporary inability to provide any free or paid services.",0,low
S001689,Telegram,Telegram_Terms of Service,Telegram_Terms of Service.docx,1,1,7.2. Availability,"Premium Services are available on major Telegram clients, such as the official iOS and Android apps. Some Telegram apps made by Telegram or by third parties may not offer all Premium Services immediately after they are launched or at all.",0,low
S001690,Telegram,Telegram_Terms of Service,Telegram_Terms of Service.docx,1,1,7.3. Software Requirements,"Some Premium Services may require the latest version of the Telegram application to be installed on your device. In some cases, users you interact with may also need to have the latest version of the Telegram application installed on their devices in order to be able to view the content you share with them by the use of Premium Services. For example, exclusive stickers available only to the Telegram Premium subscribers or documents larger than 2 GB may be correctly viewed only by users with an up-to-date version of Telegram.",0,low
S001691,Telegram,Telegram_Terms of Service,Telegram_Terms of Service.docx,1,1,7.3. Software Requirements,"In general, users you interact with will not have to purchase a Telegram Premium subscription in order to view the content you share with them by the use of Premium Services.",0,low
S001692,Telegram,Telegram_Terms of Service,Telegram_Terms of Service.docx,1,1,7.4. Chat translation and Voice-to-text conversion,"Premium Services include the optional ability to request the conversion of any video and voice message on Telegram to text. Additionally, the services include optional live translation for any chat, group or channel.",0,low
S001693,Telegram,Telegram_Terms of Service,Telegram_Terms of Service.docx,1,1,7.4. Chat translation and Voice-to-text conversion,"These technologies are still evolving and there is no guarantee that every message you attempt to either transcribe or translate will be processed correctly, or at all. The accuracy and availability of these technologies depend on a third party (Google LLC, subsidiary of Alphabet Inc.), and we can not guarantee that they will always be accurate and available.",0,low
S001694,Telegram,Telegram_Terms of Service,Telegram_Terms of Service.docx,1,1,7.5. Increased Download Speed,"Premium Services include increased download speed of media and documents on Telegram. This increase is allowed by the removal of all relevant speed limits on Telegram’s side. However, your actual download speed will also depend on external factors such as your hardware, your internet provider and certain intermediary connectivity providers. Therefore, there is no guarantee that enabling Premium Services will always affect the speed with which you download documents and media on Telegram.",1,medium
S001695,Telegram,Telegram_Terms of Service,Telegram_Terms of Service.docx,1,1,7.6. The Absence of Advertisements,"In certain countries Telegram shows sponsored messages in one-to-many channels that have over 1000 subscribers. The subscribers of Telegram Premium won't see such sponsored messages displayed by Telegram. However, channels on Telegram are managed by other users, their administrators, who may publish their own content featuring third-party promotions or sponsorships. These ads are not part of the Telegram advertisement platform and subscribers of Telegram Premium may still see them.",0,low
S001696,Telegram,Telegram_Terms of Service,Telegram_Terms of Service.docx,1,1,7.7. Boosts,"Premium Services provide users with a number of “boosts” which they can assign to channels to contribute to increasing the level of these channels, with each level unlocking or extending certain features for the channel.",0,low
S001697,Telegram,Telegram_Terms of Service,Telegram_Terms of Service.docx,1,1,7.7. Boosts,A purchased Telegram Premium subscription provides 4 boosts. Gifted subscriptions provide 1 boost to the gift recipient and 3 boosts to the gifter. Telegram Premium subscriptions distributed via giveaways in channels do not provide boosts to the accounts that activate them and instead boost the channel which organized the giveaway.,0,low
S001698,Telegram,Telegram_Terms of Service,Telegram_Terms of Service.docx,1,1,7.7. Boosts,"Leveling requirements, unlockable features and earned boosts may be altered or removed at any time.",0,low
S001699,Telegram,Telegram_Terms of Service,Telegram_Terms of Service.docx,1,1,7.8. Giveaways in Channels,"Channel admins can organize giveaways at their expense, purchasing a number of premium subscriptions to be distributed among present or future subscribers and immediately gain 4 boosts per purchased subscription. The boosts received by the channel can’t be reassigned to another channel, they are activated the moment the giveaway is first launched and remain active for the purchased duration of the subscriptions distributed in the giveaway.",0,low
S001700,Telegram,Telegram_Terms of Service,Telegram_Terms of Service.docx,1,1,7.8. Giveaways in Channels,"Telegram selects winners based on the criteria that channel administrators choose when setting up the giveaway. The results are final and cannot be altered or reversed. In the rare chance that a technical issue results in an unintended outcome, Telegram will attempt to rectify the situation but makes no guarantees to the organizers of a giveaway or its participants.",1,medium
S001701,Telegram,Telegram_Terms of Service,Telegram_Terms of Service.docx,1,1,7.8. Giveaways in Channels,"Winners of a giveaway will receive a shareable link that contains a unique gift code which confirms that they won and activates a Telegram Premium subscription, but does not provide any boosts for the user account that activated it.",0,low
S001702,Telegram,Telegram_Terms of Service,Telegram_Terms of Service.docx,1,1,7.8. Giveaways in Channels,"Giveaways are available for purchase on Telegram’s store apps, direct and web versions and on Fragment. Prices may vary between each option. All purchases are nonrefundable. If there are not enough eligible participants to distribute all the prizes, the channel admins will receive all the undistributed premium activation links, to be used at the admins’ discretion. Undistributed prizes cannot be “rolled over” into other giveaways.",0,low
S001703,Telegram,Telegram_Terms of Service,Telegram_Terms of Service.docx,1,1,7.8. Giveaways in Channels,"Admins who sponsored a giveaway are not entitled to a refund if they lose access to their channel. Reasons for losing access include but are not limited to being demoted, banned, transferring ownership, and the channel being deleted by its owner or restricted by Telegram due to violations of these Terms of Service or the terms of app stores.",0,low
S001704,Telegram,Telegram_Terms of Service,Telegram_Terms of Service.docx,1,1,7.8. Giveaways in Channels,"Channels that mislead users into joining by means of giveaways that are later refunded with a third party (e.g., a bank) may be terminated or assigned a scam label and removed from Telegram search. Subscribers gained as a result of such actions may be removed from the channel sponsoring the giveaway, all channels listed in the selection criteria and other associated channels at our sole discretion.",0,low
S001705,Telegram,Telegram_Terms of Service,Telegram_Terms of Service.docx,1,1,7.8. Giveaways in Channels,"Certain countries or jurisdictions may impose regulatory constraints on giveaways. If you run a giveaway, you are solely responsible for complying with applicable law. You explicitly acknowledge that Telegram is not liable in the event of sanctions, fees, and any form of legal or administrative action incurred as a result of or in relation to your use of the “Giveaway” feature provided by Telegram.",0,low
S001706,Telegram,TelegramTerms of Service for Mini Apps,TelegramTerms of Service for Mini Apps.docx,1,1,Terms of Service for Mini Apps,Mini Apps (“MA”) on Telegram allow you to connect to third-party Service Providers (“SP”) in their mini app environment and access services or purchase goods directly from such Service Providers using Telegram apps.,0,low
S001707,Telegram,TelegramTerms of Service for Mini Apps,TelegramTerms of Service for Mini Apps.docx,1,1,Terms of Service for Mini Apps,"These Terms of Service for Mini Apps (“MA Terms”) govern your usage of the Telegram Mini App Feature (“MAF”) provided by Telegram Messenger Inc. (“Telegram”) and constitute a legally binding agreement between you and Telegram. For the purposes of these terms, ‘we’, ‘us’ and ‘our’ refers to Telegram, and ‘you’ refers to you, the user of the MAF.",0,low
S001708,Telegram,TelegramTerms of Service for Mini Apps,TelegramTerms of Service for Mini Apps.docx,1,1,Terms of Service for Mini Apps,"When you connect to a Mini App (“MA”), you may be further subject to its SP terms as agreed between you and the SP. Such terms are to be considered in addition to this document.",0,low
S001709,Telegram,TelegramTerms of Service for Mini Apps,TelegramTerms of Service for Mini Apps.docx,1,1,1. Acceptance of MA Terms,"By using the MAF, you agree that you have read in full, understood and accepted to be legally bound by the terms contained herein, in addition to Telegram’s Terms of Service, Telegram’s Privacy Policy and the respective Terms of Service of each MA you access, if any. All of the aforementioned terms may be amended from time to time without notice. Should you decide to purchase goods through a MA, you may further be subject to the Terms of Service of the provider that will process your payment, as agreed between you and the payment provider.",0,low
S001710,Telegram,TelegramTerms of Service for Mini Apps,TelegramTerms of Service for Mini Apps.docx,1,1,1. Acceptance of MA Terms,"For clarity, your continued access to and use of MAF shall constitute your acceptance of these MA Terms and all other terms that are incorporated herein, including any updates or modifications to them from time to time.",0,low
S001711,Telegram,TelegramTerms of Service for Mini Apps,TelegramTerms of Service for Mini Apps.docx,1,1,2. Mini Apps,"All products and services offered via MAF are offered and managed by third-party SP. These SP are also responsible for any continued operation and maintenance for their MA on the Telegram platform. We are not affiliated with any of these SP, and they operate independently of Telegram. By using MAF on the Telegram platform, you acknowledge and agree that: You are accessing a third-party service directly from its SP;",0,low
S001713,Telegram,TelegramTerms of Service for Mini Apps,TelegramTerms of Service for Mini Apps.docx,1,1,2. Mini Apps,"Telegram only provides SP with access to third-party payment providers via its Payment Platform, and does not itself process payments or hold funds;",0,low
S001714,Telegram,TelegramTerms of Service for Mini Apps,TelegramTerms of Service for Mini Apps.docx,1,1,2. Mini Apps,SP may have additional terms as a part of their products or services with which you must comply;,0,low
S001715,Telegram,TelegramTerms of Service for Mini Apps,TelegramTerms of Service for Mini Apps.docx,1,1,2. Mini Apps,"You fully acknowledge and explicitly assume any and all risks related to transactions with SP, and agree that we shall not be liable for any risks or adverse consequences arising from such transactions.",0,low
S001716,Telegram,TelegramTerms of Service for Mini Apps,TelegramTerms of Service for Mini Apps.docx,1,1,2. Mini Apps,"The individual SP that operate MA are solely responsible for the content, products, goods, or services made available to you directly via their respective MA – including but not limited to quality, performance and availability. You should contact the respective SP directly with any queries, and any disputes shall be resolved directly with the respective SP.",0,low
S001717,Telegram,TelegramTerms of Service for Mini Apps,TelegramTerms of Service for Mini Apps.docx,1,1,2. Mini Apps,"Cancellations or refunds for purchases from SP via MAF are subject to the applicable terms of the specific SP from which the purchase was made. Telegram has no role in processing payments and governing refund or cancellation charges. Any disputes must be resolved by contacting the SP directly, who is responsible for resolving the dispute.",0,low
S001718,Telegram,TelegramTerms of Service for Mini Apps,TelegramTerms of Service for Mini Apps.docx,1,1,3. Payments,"Telegram does not process payments. Instead, payments are processed by third-party payment providers, which are chosen by the SP for their MA, at the SP’s sole discretion.",0,low
S001719,Telegram,TelegramTerms of Service for Mini Apps,TelegramTerms of Service for Mini Apps.docx,1,1,3.1. Payment Information,Telegram does not store your credit card details for purchases made via MAF. Such data is handled solely by third-party payment providers. See our Privacy Policy for more details.,0,low
S001720,Telegram,TelegramTerms of Service for Mini Apps,TelegramTerms of Service for Mini Apps.docx,1,1,3.2. Payment-Related Disputes,"Payments conducted or initiated through a MA are processed by a third-party payment provider, as agreed between you, the SP and the payment provider, which at times may coincide.",0,low
S001721,Telegram,TelegramTerms of Service for Mini Apps,TelegramTerms of Service for Mini Apps.docx,1,1,3.2. Payment-Related Disputes,"Telegram does not handle, manage, oversee, verify or provide any sort of warranty over such transactions. Consequently, any disputes, claims, losses, misunderstandings, technical errors, or issues of any kind (both accidental and allegedly intentional) related to payments or transactions must be directed towards the respective payment provideror SP. Telegram bears no responsibility whatsoever and will not be a party to any payment-related disputes or discussions, nor is it liable for any losses or damages the parties involved may incur.",0,low
S001722,Telegram,TelegramTerms of Service for Mini Apps,TelegramTerms of Service for Mini Apps.docx,1,1,4.1. Data We Share,"When you interact with a MA, it will automatically acquire your IP address. Additionally, depending on which MA you use and how it was opened, we may also share some basic data with it, like your Telegram user id, public Telegram name, username and profile picture, an IETF language tag of your client language, your premium subscription status and some color parameters related to your in-app theme.",0,low
S001723,Telegram,TelegramTerms of Service for Mini Apps,TelegramTerms of Service for Mini Apps.docx,1,1,4.1. Data We Share,"MA launched from the attachment menu in private chats will also receive similar information about your chat partner. MA launched from the attachment menu in channels and group chats may also receive the ID, type, title, username and photo of the chat in which they were opened.",0,low
S001724,Telegram,TelegramTerms of Service for Mini Apps,TelegramTerms of Service for Mini Apps.docx,1,1,4.1. Data We Share,"By utilizing the MAF, you expressly acknowledge and understand that such data will be shared with the SP that operates the MA you choose to access. Further, you agree not to hold us liable for any mismanagement, misuse, or mishandling of this data by the SP, under any circumstances.",0,low
S001725,Telegram,TelegramTerms of Service for Mini Apps,TelegramTerms of Service for Mini Apps.docx,1,1,4.2. Data You Share,"You may also choose to provide certain data to the MA, including but not limited to your phone number, text, media or locations in order to facilitate the service offered by its SP, or for any other reason as determined solely by you. By providing this data to the MA, you are in turn providing it to the SP, which is responsible for handling and storing any data provided to it.",0,low
S001726,Telegram,TelegramTerms of Service for Mini Apps,TelegramTerms of Service for Mini Apps.docx,1,1,4.2. Data You Share,"Any processing or collection of data by the SP via MAF is subject to any applicable terms between you and the SP. After transmitting it, Telegram does not have any access to or control over data shared between users and SP via MAF. Any data that is shared with Telegram itself is governed by the Telegram Privacy Policy. Accordingly, you agree not to hold Telegram liable should the SP mismanage, misuse, or mishandle the data you provide to it, under any circumstances.",0,low
S001727,Telegram,TelegramTerms of Service for Mini Apps,TelegramTerms of Service for Mini Apps.docx,1,1,5. Disclaimers,"To the maximum extent permitted under applicable law, MAF are offered to you on an “as is” and “as available” basis, and you agree to waive, and we categorically disclaim, any and all other warranties of any kind, whether express or implied, regardless of nature, including, without limitation, warranties of merchantability, fitness for a particular purpose, title or non-infringement warranties that arise from course of performance, course of dealing or usage in trade.",0,low
S001728,Telegram,TelegramTerms of Service for Mini Apps,TelegramTerms of Service for Mini Apps.docx,1,1,5. Disclaimers,"Without limiting the foregoing, we do not represent or warrant: (a) that MAF, its contents and all goods or services provided therein are reliable, accurate, up to date, truthful, complete, functional, error-free, free of malware and any other harmful or otherwise unwanted elements; or (b) that the goods and services you have purchased and will receive directly from the SP will remain available, functional, performant, relevant or maintain any value or quality.",0,low
S001729,Telegram,TelegramTerms of Service for Mini Apps,TelegramTerms of Service for Mini Apps.docx,1,1,5. Disclaimers,"You further acknowledge and agree that matters, issues, complaints and disputes pertaining to warranty, guarantee, quality and service shall be resolved in accordance with the terms set forth by the SP, and you consent to manage such concerns and disputes directly with the SP, without involving Telegram in any capacity.",3,high
S001730,Telegram,TelegramTerms of Service for Mini Apps,TelegramTerms of Service for Mini Apps.docx,1,1,5. Disclaimers,"Since goods and services are provided by the respective SP, you recognize and agree that we shall have no obligation, liability or responsibility to you concerning the goods and services, their quality, functionality, performance, value or general availability.",0,low
S001731,Telegram,TelegramTerms of Service for Mini Apps,TelegramTerms of Service for Mini Apps.docx,1,1,5. Disclaimers,"You further understand and agree that we will not be liable for any damages or losses due to or relating to: Any inaccuracy, defect, error or omission of price data, including but not limited to cryptocurrency price data;",0,low
S001733,Telegram,TelegramTerms of Service for Mini Apps,TelegramTerms of Service for Mini Apps.docx,1,1,5. Disclaimers,"Any error or delay in the transmission of price data, including but not limited to the transmission of your orders to both SP and payment providers;",0,low
S001734,Telegram,TelegramTerms of Service for Mini Apps,TelegramTerms of Service for Mini Apps.docx,1,1,5. Disclaimers,Interruption in any such data;,0,low
S001735,Telegram,TelegramTerms of Service for Mini Apps,TelegramTerms of Service for Mini Apps.docx,1,1,5. Disclaimers,"Any routine, unannounced or unscheduled maintenance as we see fit, either carried out by us directly, by our partners or by SP. This includes but is not limited to temporary or permanent interruptions in the provision of MAF or goods and services deriving from or sustained as a result of such maintenance;",0,low
S001736,Telegram,TelegramTerms of Service for Mini Apps,TelegramTerms of Service for Mini Apps.docx,1,1,5. Disclaimers,Any harm or damage incurred as a result of illegal actions by third parties that were not sanctioned by us;,0,low
S001737,Telegram,TelegramTerms of Service for Mini Apps,TelegramTerms of Service for Mini Apps.docx,1,1,5. Disclaimers,"Any harm or damage resulting either directly or indirectly from user actions, negligence, omissions or violations of any applicable laws and governing terms;",0,low
S001738,Telegram,TelegramTerms of Service for Mini Apps,TelegramTerms of Service for Mini Apps.docx,1,1,5. Disclaimers,Any other exceptions as described herein or in any other terms that govern your use of MAF.,0,low
S001739,Telegram,TelegramTerms of Service for Mini Apps,TelegramTerms of Service for Mini Apps.docx,1,1,5. Disclaimers,"You acknowledge and agree that these MA Terms govern the relationship between you and us. Any and all agreements, dealings, transactions, or any other form of engagement you may have with Service Providers are solely between you and the respective SP; this includes SP found through, accessed through, or promoted through the MAF. We have no liability, obligation, or responsibility to you in relation to any SP, including but not limited to their respective content, goods, services, terms either express or implied, or any other deliverables you obtained or intended to obtain from such SP, regardless of your optional engagement with the SP through their MA using Telegram’s MAF.",0,low
S001740,Telegram,TelegramTerms of Service for Mini Apps,TelegramTerms of Service for Mini Apps.docx,1,1,5. Disclaimers,"By accepting these MA Terms, you acknowledge and fully understand that MA are operated by third parties. In light of this understanding, you agree that any and all legal actions, claims, or disputes arising out of or in relation to your usage of MA shall be exclusively directed towards the SP that operated the relevant MA. Further, to the maximum extent permitted under applicable law, no such legal recourse shall be initiated against Telegram.",0,low
S001741,Telegram,TelegramTerms of Service for Mini Apps,TelegramTerms of Service for Mini Apps.docx,1,1,5.3. Indemnity,"You accept and agree to grant Telegram and its subsidiaries, affiliates, officers, agents, contractors and employees absolute indemnity and to hold them harmless from and against any and all claims, actions, proceedings, obligations, investigations, demands, suits, expenses, costs and damages (including but not limited to legal fees, fines or penalties imposed by any authorities or regulatory institutions) arising from, related to, or in any way incurred as a result of your use of, conduct in connection with, your purchase, receipt of and access to services and goods from the SP via the MAF. For clarity, this indemnity clause complements the rights, privileges and protections already provided to us under the Telegram Terms of Service (if applicable).",0,low
S001742,Telegram,TelegramTerms of Service for Mini Apps,TelegramTerms of Service for Mini Apps.docx,1,1,5.4. Conflicts of Rules,"Should any controversy arise between these MA Terms, the SP terms and any other provisions governing your use of MA, it shall be resolved in the manner that is most favorable to Telegram, to the full extent permitted under applicable law.",0,low
S001743,Telegram,TelegramTerms of Service for Mini Apps,TelegramTerms of Service for Mini Apps.docx,1,1,6. Modification of MAF,"We may, at our sole and absolute discretion and without liability, at any time and without notice, modify MAF in any way we deem necessary. We hold no liability for how these changes may affect access to and services provided by MA. SP are solely responsible for ensuring that their services are available to their users and compatible with MAF. These changes include but are not limited to: Altering, suspending, or fully discontinuing features within the MA platform, including but not limited to the MAF itself;",0,low
S001745,Telegram,TelegramTerms of Service for Mini Apps,TelegramTerms of Service for Mini Apps.docx,1,1,6. Modification of MAF,Imposing limits on or restricting access to certain SP;,0,low
S001746,Telegram,TelegramTerms of Service for Mini Apps,TelegramTerms of Service for Mini Apps.docx,1,1,6. Modification of MAF,Restricting certain users from accessing MAF or the Telegram platform;,0,low
S001747,Telegram,TelegramTerms of Service for Mini Apps,TelegramTerms of Service for Mini Apps.docx,1,1,6. Modification of MAF,"Adjusting, modifying or radically reshaping the way in which users find, access, interact with or otherwise make use of MAF, to meet evolving technological, economical or regulatory standards.",0,low
S001748,Telegram,TelegramTerms of Service for Mini Apps,TelegramTerms of Service for Mini Apps.docx,1,1,7. Changes to MA Terms,"We will review and may update these MA Terms from time to time. Any changes to these MA Terms will become effective when we post the revised MAF Terms of Service on this page www.telegram.org/tos/mini-apps. Please check our website frequently to see any updates or changes to our Terms, an optional summary of which we may set out below.",0,low
S001749,WhatsApp,Intellectual Property Policy,Intellectual Property Policy.pdf,1,1,Copyrights and Trademarks,Table of Contents  Copyright  Trademark  Repeat Infringer Policy  Appeals,0,low
S001750,WhatsApp,Intellectual Property Policy,Intellectual Property Policy.pdf,1,1,Copyrights and Trademarks,"WhatsApp LLC (if you live in the UK or outside of the European Region) and WhatsApp Ireland Limited (if you live in the European Region) (collectively ""WhatsApp,"" ""our,"" ""we,"" or ""us"") is committed to helping people and organizations protect their intellectual property rights. Our users agree to our Terms of Service (""Terms"") by installing, accessing, or using our apps, services, features, software, or website (together, ""Services"").",0,low
S001751,WhatsApp,Intellectual Property Policy,Intellectual Property Policy.pdf,1,1,Copyrights and Trademarks,"Our Terms do not allow our users to violate someone else's intellectual property rights when using our Services, including their copyrights and trademarks.",0,low
S001752,WhatsApp,Intellectual Property Policy,Intellectual Property Policy.pdf,1,1,Copyrights and Trademarks,"As explained in more detail in our Privacy Policy, we do not retain our users' messages in the ordinary course of providing our Services. We do, however, host our users' account information, including our users' profile picture, profile name, or about message, if they decide to include them as part of their account information, as well as content on Channels.",0,low
S001753,WhatsApp,Intellectual Property Policy,Intellectual Property Policy.pdf,1,1,Copyright,"Copyright is a legal right that seeks to protect original works of authorship (example: books, music, film, art). Generally, copyright protects original expression such as words or images. It does not protect facts and ideas, although it may protect the original words or images used to describe an idea. Copyright also doesn’t protect things like names, titles and slogans; however, another legal right called a trademark might protect those.",0,low
S001754,WhatsApp,Intellectual Property Policy,Intellectual Property Policy.pdf,2,2,Copyright,"If you believe content on WhatsApp violates your copyrighted work, you can report it by filling out this contact form or by contacting our designated agent at the following address: Phone: (650) 543-4800 Email: ip@whatsapp.com",0,low
S001756,WhatsApp,Intellectual Property Policy,Intellectual Property Policy.pdf,2,2,"Menlo Park, CA 94025","Before you report a claim of copyright infringement, you may want to send a message to the relevant WhatsApp user you believe may be infringing your copyright. You may be able to resolve the issue with them directly.",0,low
S001757,WhatsApp,Intellectual Property Policy,Intellectual Property Policy.pdf,2,2,Trademark,"A trademark is a word, slogan, symbol or design (example: brand name, logo) that distinguishes the products or services offered by one person, group or company from another. Generally, trademark law seeks to prevent confusion among consumers about who provides or is affiliated with a product or service.",0,low
S001758,WhatsApp,Intellectual Property Policy,Intellectual Property Policy.pdf,2,2,Trademark,"If you believe content on WhatsApp violates your trademark work, you can report it by filling out this contact form.",0,low
S001759,WhatsApp,Intellectual Property Policy,Intellectual Property Policy.pdf,2,2,Trademark,WhatsApp Intellectual Property Contact Form What right is being violated or infringed?,0,low
S001760,WhatsApp,Intellectual Property Policy,Intellectual Property Policy.pdf,3,3,Counterfeit,"Before you report a claim of trademark infringement, you may want to send a message to the relevant WhatsApp user you believe may be infringing your trademark. You may be able to resolve the issue with them directly.",0,low
S001761,WhatsApp,Intellectual Property Policy,Intellectual Property Policy.pdf,3,3,Repeated intellectual property infringer policy,If a person repeatedly posts content that violates intellectual property rights then the following may occur:  Their Account may be banned. Learn more about account bans here.  Their Channel may be suspended. Learn more about actions we may take here.,0,low
S001762,WhatsApp,Intellectual Property Policy,Intellectual Property Policy.pdf,3,3,Repeated intellectual property infringer policy,"If any of the actions we take are reversed due to an appeal or because a rights owner withdrew their report, then we’ll take that into account under our repeat infringer policy.",0,low
S001763,WhatsApp,Intellectual Property Policy,Intellectual Property Policy.pdf,3,3,Appeals,"If we have removed your content from your Channel because of an intellectual property report, and you believe we should not have done so, you can submit an appeal.",0,low
S001764,WhatsApp,Intellectual Property Policy,Intellectual Property Policy.pdf,3,3,Appeals,"To appeal the intellectual property action taken on your Channel, tap channel alerts on the banner or tap your channel name > channel alerts.",0,low
S001765,WhatsApp,Supplemental Terms of Service for WhatsApp Channels,Supplemental Terms of Service for WhatsApp Channels.pdf,1,1,"Status and Channels, those terms replace this Supplemental Terms of","Service for WhatsApp Channels and covers your use of Status and Channels. WhatsApp Channels is one of the “Services” provided to you by WhatsApp. These Supplemental Terms of Service for Channels (the “Supplemental Terms”) supplement the WhatsApp Terms of Service, and together, apply to your use of Channels. The terms and conditions of the Supplemental Terms will take precedence and apply to your use of Channels. Nothing in these Supplemental Terms limits any of our rights under the WhatsApp Terms of Service or any additional terms or policies they reference.",0,low
S001766,WhatsApp,Supplemental Terms of Service for WhatsApp Channels,Supplemental Terms of Service for WhatsApp Channels.pdf,1,1,The WhatsApp Channels Privacy Policy supplements the WhatsApp,"Privacy Policy and explains how we collect, use, and share information when you use Channels. You can also go to your settings at any time to review your privacy choices. Your use of Channels does not impact the privacy of your personal WhatsApp messages, which continue to be endto-end encrypted as described in the WhatsApp Privacy Policy.",1,medium
S001767,WhatsApp,Supplemental Terms of Service for WhatsApp Channels,Supplemental Terms of Service for WhatsApp Channels.pdf,1,1,About WhatsApp Channels,Channels is a one-to-many broadcast service that allows you to view and interact with relevant and timely updates shared by other WhatsApp users.,0,low
S001768,WhatsApp,Supplemental Terms of Service for WhatsApp Channels,Supplemental Terms of Service for WhatsApp Channels.pdf,1,1,About WhatsApp Channels,"You can create a Channel to share updates, that anyone can discover, follow, and view. We may also list Channels that you may be interested in following based on your country or local language.",0,low
S001769,WhatsApp,Supplemental Terms of Service for WhatsApp Channels,Supplemental Terms of Service for WhatsApp Channels.pdf,1,1,Legal and Acceptable Use of Channels,"You must access and use Channels only for legal, authorized, and acceptable purposes. Channel admins are responsible for the content on their Channels and are required to maintain an age-appropriate and safe",0,low
S001770,WhatsApp,Supplemental Terms of Service for WhatsApp Channels,Supplemental Terms of Service for WhatsApp Channels.pdf,2,2,Legal and Acceptable Use of Channels,experience for their followers. We do not control what users do or say on,0,low
S001771,WhatsApp,Supplemental Terms of Service for WhatsApp Channels,Supplemental Terms of Service for WhatsApp Channels.pdf,2,2,Legal and Acceptable Use of Channels,"Channels, and we are not responsible for their (or your) actions or conduct (whether online or offline) or content (including illegal or objectionable content).",0,low
S001772,WhatsApp,Supplemental Terms of Service for WhatsApp Channels,Supplemental Terms of Service for WhatsApp Channels.pdf,2,2,Channel admins must not engage in activity that violates these,"Supplemental Terms or other terms and policies that apply to your use of our Services, including but not limited to the WhatsApp Channels Guidelines. This includes:  Illegal Activity  Activity that could cause serious harm to people  Activity that is not age-appropriate for WhatsApp’s user base  Fraudulent activity",0,low
S001773,WhatsApp,Supplemental Terms of Service for WhatsApp Channels,Supplemental Terms of Service for WhatsApp Channels.pdf,2,2,"Reporting, Content Removal, and Remediation",WhatsApp users can report any Channel or specific update that potentially violates their rights or our terms and policies. You can learn more about how to report and block on WhatsApp here.,0,low
S001774,WhatsApp,Supplemental Terms of Service for WhatsApp Channels,Supplemental Terms of Service for WhatsApp Channels.pdf,2,2,"Reporting, Content Removal, and Remediation","WhatsApp may remove, prevent sharing of, or limit access to any content or information shared on Channels that violates the WhatsApp Terms of",0,low
S001775,WhatsApp,Supplemental Terms of Service for WhatsApp Channels,Supplemental Terms of Service for WhatsApp Channels.pdf,2,2,"Service, these Supplemental Terms, our policies (including the WhatsApp","Channels Guidelines), or where we are permitted or required to do so by law. We may also remove or restrict access to certain features, disable or suspend an account, or contact law enforcement to protect our Services and our users. We may work with third-party service providers, including",0,low
S001776,WhatsApp,Supplemental Terms of Service for WhatsApp Channels,Supplemental Terms of Service for WhatsApp Channels.pdf,2,2,"Meta Companies, to ensure security, safety, and integrity across","WhatsApp, as described in the WhatsApp Terms of Service, and WhatsApp Privacy Policy.",0,low
S001777,WhatsApp,Supplemental Terms of Service for WhatsApp Channels,Supplemental Terms of Service for WhatsApp Channels.pdf,2,2,"Meta Companies, to ensure security, safety, and integrity across","WhatsApp further reserves the right to terminate your access to the entire Service, consistent with the WhatsApp Terms of Service. While we aim to apply our policies consistently across all jurisdictions, in some jurisdictions there may be specific requirements under applicable laws which require varying applications of enforcement.",0,low
S001778,WhatsApp,Supplemental Terms of Service for WhatsApp Channels,Supplemental Terms of Service for WhatsApp Channels.pdf,3,3,"Meta Companies, to ensure security, safety, and integrity across",Licenses We need certain permissions from you to provide Channels. The license you grant us in the WhatsApp Terms of Service (<Your License to WhatsApp>) includes the content that you share on WhatsApp Channels.,0,low
S001779,WhatsApp,Supplemental Terms of Service for WhatsApp Channels,Supplemental Terms of Service for WhatsApp Channels.pdf,3,3,"Meta Companies, to ensure security, safety, and integrity across",Functionality May Change or Be Limited The functionality and/or performance of Channels may change over time.,0,low
S001780,WhatsApp,Supplemental Terms of Service for WhatsApp Channels,Supplemental Terms of Service for WhatsApp Channels.pdf,3,3,"Meta Companies, to ensure security, safety, and integrity across","We may introduce new features, impose limits on, suspend, eliminate, change, restrict access, or update certain existing features or any part of Channels. We may offer limited versions of Channels, and these versions may have limited features or contain other limitations. If a feature or content is no longer available, the information, data, or content created or provided by you in connection with such feature or content may be deleted or become inaccessible.",0,low
S001781,WhatsApp,Supplemental Terms of Service for WhatsApp Channels,Supplemental Terms of Service for WhatsApp Channels.pdf,3,3,"Meta Companies, to ensure security, safety, and integrity across","Updating These Supplemental Terms We may amend or update these Supplemental Terms. We will provide you notice of material amendments to our Supplemental Terms, as appropriate, and update the ""Last modified"" date at the top of our Supplemental Terms.",0,low
S001782,WhatsApp,Supplemental Terms of Service for WhatsApp Channels,Supplemental Terms of Service for WhatsApp Channels.pdf,3,3,"Meta Companies, to ensure security, safety, and integrity across","Your continued use of Channels confirms your acceptance of our Supplemental Terms, as amended. We hope you will continue using",0,low
S001783,WhatsApp,Supplemental Terms of Service for WhatsApp Channels,Supplemental Terms of Service for WhatsApp Channels.pdf,3,3,"Meta Companies, to ensure security, safety, and integrity across","Channels, but if you do not agree to our Supplemental Terms, as amended, you must stop using Channels or stop using our Services by deleting your account.",0,low
S001784,WhatsApp,WhatsApp Business App Privacy Policy,WhatsApp Business App Privacy Policy.pdf,1,1,Scope of This WhatsApp Business App Privacy Policy,"The WhatsApp Business App provides similar features and functionality to the WhatsApp Messenger App (“Main App Functionality”), but provides additional features and functionality tailored for business needs (“Business Functions”). Business Functions include things like catalog, and greeting and away messages. While the WhatsApp Business App includes various features available in the WhatsApp Messenger App, some features may not be available; and not all Business Functions are available everywhere. Business Functions may be offered by WhatsApp, third parties and/or Meta, via integrations into our Business App, and may be subject to the third parties’ own terms of service and privacy policies. This WhatsApp Business App Privacy Policy (“Business App Privacy Policy”) explains WhatsApp’s data practices with respect to the Business",0,low
S001785,WhatsApp,WhatsApp Business App Privacy Policy,WhatsApp Business App Privacy Policy.pdf,1,1,"Functions, and applies only to the extent information relating to users of the","WhatsApp Business App would be considered personal data and is processed by WhatsApp as a controller, each under applicable law. Users should refer to the WhatsApp Privacy Policy, incorporated herein by reference, to understand how their information is processed in Main App Functionality. Learn more about Business Functions and the Main App Functionality available on WhatsApp Business App here. Please also read the WhatsApp Business Terms of Service (""Business Terms""), which describe the terms under which you use and we provide the WhatsApp Business App.",0,low
S001786,WhatsApp,WhatsApp Business App Privacy Policy,WhatsApp Business App Privacy Policy.pdf,1,1,Information We Collect,"In addition to the information described in the applicable WhatsApp Privacy Policy, we collect the following information.",0,low
S001787,WhatsApp,WhatsApp Business App Privacy Policy,WhatsApp Business App Privacy Policy.pdf,1,1,Information We Collect,Information You Provide  Your Business Account Information.,0,low
S001788,WhatsApp,WhatsApp Business App Privacy Policy,WhatsApp Business App Privacy Policy.pdf,2,2,"In addition to your phone number, you must provide basic information","about your business to create a WhatsApp business account, including your business name and business category. If you don’t provide us with this information, you will not be able to create an account to use our WhatsApp Business App. You can add other optional information to your business account, such as a profile picture and cover photo; contact information like your business address, business email, and website; a description of your business and any products or services you offer (such as their names, descriptions, images, videos, prices, and related marketing materials); and your intended audience.",0,low
S001789,WhatsApp,WhatsApp Business App Privacy Policy,WhatsApp Business App Privacy Policy.pdf,2,2,"In addition to your phone number, you must provide basic information","Automatically Collected Information  Usage and Log Information. We collect information about your use of the Business Functions. For example, we collect information about your business profile settings; how you use Business Functions like catalogs, labels and quick replies; purchases and transactions with your business; and metrics related to how customers interact with your business.",0,low
S001790,WhatsApp,WhatsApp Business App Privacy Policy,WhatsApp Business App Privacy Policy.pdf,2,2,"In addition to your phone number, you must provide basic information","Information Received From Others  User Reports, Feedback, Preferences and Blocks.",0,low
S001791,WhatsApp,WhatsApp Business App Privacy Policy,WhatsApp Business App Privacy Policy.pdf,2,2,"In addition to your phone number, you must provide basic information","Users can report, submit feedback, set communication preferences, or block businesses on WhatsApp, which we associate with the business that is the subject of the report, feedback, preference, or block.",0,low
S001792,WhatsApp,WhatsApp Business App Privacy Policy,WhatsApp Business App Privacy Policy.pdf,2,2,We use the information we collect for the same purposes described in the,"WhatsApp Privacy Policy, and also to operate, provide, improve, understand, customize, support, and market our WhatsApp Business App and Business Functions.  Our WhatsApp Business App.",0,low
S001793,WhatsApp,WhatsApp Business App Privacy Policy,WhatsApp Business App Privacy Policy.pdf,3,3,"WhatsApp Business App and Business Functions, including providing",you with business support; providing onboarding tools; providing message creation and delivery tools; providing you new and premium,0,low
S001794,WhatsApp,WhatsApp Business App Privacy Policy,WhatsApp Business App Privacy Policy.pdf,3,3,"WhatsApp Business App and Business Functions, including providing","Business Functions (some of which may be offered by third parties and/or Meta); and improving, fixing, and customizing our WhatsApp Business App. We also use information we have to understand how you use our WhatsApp Business App; evaluate and improve our WhatsApp Business App; research, develop, and test new services and features; and conduct troubleshooting activities. We also use your information to respond to you when you contact us.  Safety, Security and Integrity.",0,low
S001795,WhatsApp,WhatsApp Business App Privacy Policy,WhatsApp Business App Privacy Policy.pdf,3,3,"WhatsApp Business App and Business Functions, including providing","In addition to the safety, security and integrity purposes described in the WhatsApp Privacy Policy, we also use the information we have to maintain safety, security and integrity on our WhatsApp Business",0,low
S001796,WhatsApp,WhatsApp Business App Privacy Policy,WhatsApp Business App Privacy Policy.pdf,3,3,"WhatsApp Business App and Business Functions, including providing","App, for example: to create quality and integrity inferences about businesses; secure WhatsApp systems and WhatsApp Business App users’ accounts; fight threats, abuse, or infringement activities; promote safety, security, and integrity on the WhatsApp Business App; and to ensure compliance with our terms and policies.",0,low
S001797,WhatsApp,WhatsApp Business App Privacy Policy,WhatsApp Business App Privacy Policy.pdf,3,3,Information You and We Share,"You and we share information as described in the WhatsApp Privacy Policy, plus additional sharing relevant to the Business Functions.  Information About Your Business Profile.",0,low
S001798,WhatsApp,WhatsApp Business App Privacy Policy,WhatsApp Business App Privacy Policy.pdf,3,3,Information You and We Share,"Business profile information is publicly available, including your business name, phone number, hours of operation, business category, address, email address, website(s), description, and Facebook and Instagram accounts (if added). We may provide ways for our users to find or reach you, like our Business Search or other search functionality.  Other Integrations.",0,low
S001799,WhatsApp,WhatsApp Business App Privacy Policy,WhatsApp Business App Privacy Policy.pdf,3,3,Information You and We Share,We allow you to connect the WhatsApp Business App to products and services offered by third parties and/or Meta. These can include for example: cloud storage and hosting services; customer,0,low
S001800,WhatsApp,WhatsApp Business App Privacy Policy,WhatsApp Business App Privacy Policy.pdf,4,4,Information You and We Share,"relationship management tools; ad and message creation, delivery and management services; business analytics services; and AI tools.",0,low
S001801,WhatsApp,WhatsApp Business App Privacy Policy,WhatsApp Business App Privacy Policy.pdf,4,4,Information You and We Share,"When you use these products or services, their own terms and privacy policies will govern your use of those services and products.",0,low
S001802,WhatsApp,WhatsApp Business App Privacy Policy,WhatsApp Business App Privacy Policy.pdf,4,4,How We Work With Other Meta Companies,Review the WhatsApp Privacy Policy to understand how we work with the other Meta Companies for the WhatsApp Business App.,0,low
S001803,WhatsApp,WhatsApp Business App Privacy Policy,WhatsApp Business App Privacy Policy.pdf,4,4,"Assignment, Change Of Control, And Transfer","In the event that we are involved in a merger, acquisition, restructuring, bankruptcy, or sale of all or some of our assets, we will share your information with the successor entities or new owners in connection with the transaction in accordance with applicable data protection laws.",0,low
S001804,WhatsApp,WhatsApp Business App Privacy Policy,WhatsApp Business App Privacy Policy.pdf,4,4,Managing And Retaining Your Information,"The WhatsApp Business App follows the same information management, retention and deletion practices described in the WhatsApp Privacy Policy.",0,low
S001805,WhatsApp,WhatsApp Business App Privacy Policy,WhatsApp Business App Privacy Policy.pdf,4,4,"Law, Our Rights, And Protection","Review the WhatsApp Privacy Policy to understand how we access, preserve, and share your information in response to legal obligations.",0,low
S001806,WhatsApp,WhatsApp Business App Privacy Policy,WhatsApp Business App Privacy Policy.pdf,4,4,Our Global Operations,Review the WhatsApp Privacy Policy to understand how our global operations impact how your information is processed.,0,low
S001807,WhatsApp,WhatsApp Business App Privacy Policy,WhatsApp Business App Privacy Policy.pdf,4,4,Our Global Operations,"Updates to Our Privacy Policy We may amend or update our Business App Privacy Policy. We will provide you notice of amendments to this Business App Privacy Policy, as appropriate, and update the “Effective Date” at the top of this Business App",0,low
S001808,WhatsApp,WhatsApp Business App Privacy Policy,WhatsApp Business App Privacy Policy.pdf,5,5,Our Global Operations,Privacy Policy. Please review our Business App Privacy Policy from time to time.,0,low
S001809,WhatsApp,WhatsApp Business Data Processing Terms,WhatsApp Business Data Processing Terms.pdf,1,1,,"WhatsApp Business Data Processing Terms (""Data Processing Terms"")",0,low
S001810,WhatsApp,WhatsApp Business Data Processing Terms,WhatsApp Business Data Processing Terms.pdf,1,1,,"1. Definitions. For the purposes of these Data Processing Terms, the following terms have the meanings set out below: “Controller” means the natural or legal person, public authority, agency or other body which determines the purposes and means of the processing of Personal Information. “Personal Information” means any information relating to an identified or identifiable natural person (“Data Subject”) who can be identified, directly or indirectly, in particular by reference to an identifier such as a name, an identification number, an online identifier or to one or more factors specific to that natural person. The term “Personal Information” also covers information relating to deceased natural persons and/or juristic persons where this is required under applicable Data Privacy Law. “Personal Information Breach” means a breach of security leading to the accidental or unlawful destruction, loss, alteration, unauthorised disclosure of, or access to, Personal Information transmitted, stored or otherwise Processed under these Data “Processing” means any operation or set of operations which is performed on Personal Information or on sets of Personal",0,low
S001811,WhatsApp,WhatsApp Business Data Processing Terms,WhatsApp Business Data Processing Terms.pdf,1,1,,"Information, whether or not by automated means, such as collection, recording, organisation, structuring, storage, adaptation or alteration, retrieval, consultation, use, disclosure by transmission, dissemination or otherwise making available, alignment or combination, restriction, erasure or destruction. “Processed” and “Process” shall be construed in accordance with the definition of “Processing”.",2,medium
S001812,WhatsApp,WhatsApp Business Data Processing Terms,WhatsApp Business Data Processing Terms.pdf,2,2,,"“Processor” means a natural or legal person, public authority, agency or other body which processes Personal Information on behalf of the Controller.",0,low
S001813,WhatsApp,WhatsApp Business Data Processing Terms,WhatsApp Business Data Processing Terms.pdf,2,2,,Other capitalized terms used but not defined herein have the meanings set forth in the Business Terms or are otherwise defined contextually within these Data Processing Terms.,0,low
S001814,WhatsApp,WhatsApp Business Data Processing Terms,WhatsApp Business Data Processing Terms.pdf,2,2,,2. Applicability. These Data Processing Terms apply to the extent that the Business Terms state that WhatsApp Processes Personal Information in your Customer Data as your Processor. In the case of an express conflict between these Data Processing Terms and the,0,low
S001815,WhatsApp,WhatsApp Business Data Processing Terms,WhatsApp Business Data Processing Terms.pdf,2,2,,"Business Terms, these Data Processing Terms will govern solely to the extent of the conflict.",0,low
S001816,WhatsApp,WhatsApp Business Data Processing Terms,WhatsApp Business Data Processing Terms.pdf,2,2,,"3. Our Obligations as Processor. To the extent required by applicable Data Privacy Law, WhatsApp and you agree to the following: a. WhatsApp shall only Process Personal Information in accordance with your instructions as set out in the Business Terms and these Data Processing Terms.",0,low
S001818,WhatsApp,WhatsApp Business Data Processing Terms,WhatsApp Business Data Processing Terms.pdf,2,2,,"b. WhatsApp confirms that: i. the duration, subject matter, nature and purpose of the Processing shall be as specified in the Business Terms; ii. the types of Personal Information Processed comprise customer contact information as described in the Business Terms; iii. the categories of Data Subjects comprise customers with whom you communicate using the WhatsApp service; and iv. your obligations and rights as Controller in relation to this",0,low
S001819,WhatsApp,WhatsApp Business Data Processing Terms,WhatsApp Business Data Processing Terms.pdf,3,3,Personal Information are as set out in these Data,c. WhatsApp shall ensure that any person authorised to Process,0,low
S001820,WhatsApp,WhatsApp Business Data Processing Terms,WhatsApp Business Data Processing Terms.pdf,3,3,Personal Information are as set out in these Data,Personal Information under these Data Processing Terms is bound by appropriate obligations of confidentiality.,0,low
S001821,WhatsApp,WhatsApp Business Data Processing Terms,WhatsApp Business Data Processing Terms.pdf,3,3,Personal Information are as set out in these Data,"d. WhatsApp will implement appropriate technical and organizational measures to protect the Personal Information processed under these Data Processing Terms including against unauthorized or unlawful Processing or accidental loss, alteration, disclosure, or destruction. These include the measures listed in the Data Security Terms (as updated from time to time, for example, to reflect technological developments) which are expressly incorporated into these Data Processing Terms;",1,medium
S001822,WhatsApp,WhatsApp Business Data Processing Terms,WhatsApp Business Data Processing Terms.pdf,3,3,Personal Information are as set out in these Data,e. WhatsApp will notify you without undue delay of the discovery by WhatsApp of any Personal Information Breach;,0,low
S001823,WhatsApp,WhatsApp Business Data Processing Terms,WhatsApp Business Data Processing Terms.pdf,3,3,Personal Information are as set out in these Data,"f. Taking into account the nature of the Processing and the information available to WhatsApp, WhatsApp will assist you in your role as a Controller, by appropriate technical and organisational measures, insofar as this is possible, in fulfilling any obligations under Data Privacy Law applicable to you as a",0,low
S001824,WhatsApp,WhatsApp Business Data Processing Terms,WhatsApp Business Data Processing Terms.pdf,3,3,Personal Information are as set out in these Data,Controller to respond to requests from Data Subjects regarding the exercise of their Data Subject rights;,0,low
S001825,WhatsApp,WhatsApp Business Data Processing Terms,WhatsApp Business Data Processing Terms.pdf,3,3,Personal Information are as set out in these Data,"g. To the extent required by Data Privacy Law applicable to you as the Controller, the Processor agrees to support your obligations as a Controller, in particular regarding the security of the Processing or regarding Personal Information Breaches, by providing you with reasonable assistance, taking into account the nature of the Processing and the information available to WhatsApp;",0,low
S001826,WhatsApp,WhatsApp Business Data Processing Terms,WhatsApp Business Data Processing Terms.pdf,3,3,Personal Information are as set out in these Data,"h. Upon your request, WhatsApp will make available to you all information and provide all assistance that is reasonably necessary to demonstrate WhatsApp’s compliance with its",0,low
S001827,WhatsApp,WhatsApp Business Data Processing Terms,WhatsApp Business Data Processing Terms.pdf,4,4,Personal Information are as set out in these Data,legal obligations as a Processor under these Data Processing Terms;,0,low
S001828,WhatsApp,WhatsApp Business Data Processing Terms,WhatsApp Business Data Processing Terms.pdf,4,4,Personal Information are as set out in these Data,"i. WhatsApp may subcontract its Processing obligations under these Data Processing Terms to a sub-processor, who may be based in a country other than the one in which you or",0,low
S001829,WhatsApp,WhatsApp Business Data Processing Terms,WhatsApp Business Data Processing Terms.pdf,4,4,Personal Information are as set out in these Data,"WhatsApp are located given the global nature of the WhatsApp service, including the European Economic Area or the United",0,low
S001830,WhatsApp,WhatsApp Business Data Processing Terms,WhatsApp Business Data Processing Terms.pdf,4,4,Personal Information are as set out in these Data,"States, only by way of written agreement that shall impose obligations on the sub-processor that are no less rigorous than the obligations imposed upon WhatsApp by these Data Processing Terms. WhatsApp will remain fully liable to you for the performance of that sub-processor’s obligations. Where",0,low
S001831,WhatsApp,WhatsApp Business Data Processing Terms,WhatsApp Business Data Processing Terms.pdf,4,4,Personal Information are as set out in these Data,"WhatsApp Ireland Limited is your contracting entity, the WhatsApp Business Data Transfer Addendum applies and is incorporated by reference into these Data",0,low
S001832,WhatsApp,WhatsApp Business Data Processing Terms,WhatsApp Business Data Processing Terms.pdf,4,4,Personal Information are as set out in these Data,i.,0,low
S001833,WhatsApp,WhatsApp Business Data Processing Terms,WhatsApp Business Data Processing Terms.pdf,4,4,"LLC is your contracting entity, the WhatsApp Business","UK Data Transfer Addendum, which is incorporated by reference into these Data Processing Terms, applies with respect to your transfer of Personal Information to WhatsApp LLC and Meta Platforms Inc. (formerly known as Facebook Inc.). ii.",0,low
S001834,WhatsApp,WhatsApp Business Data Processing Terms,WhatsApp Business Data Processing Terms.pdf,4,4,"LLC is your contracting entity, the WhatsApp Business","Global Data Transfer Addendum is incorporated by reference into these Data Processing Terms, and applies with respect to your transfer of Personal Information to",0,low
S001835,WhatsApp,WhatsApp Business Data Processing Terms,WhatsApp Business Data Processing Terms.pdf,4,4,"LLC is your contracting entity, the WhatsApp Business",WhatsApp LLC to the extent such transfer is subject to the data protection laws specified in the addendum.,0,low
S001836,WhatsApp,WhatsApp Business Data Processing Terms,WhatsApp Business Data Processing Terms.pdf,4,4,"LLC is your contracting entity, the WhatsApp Business","j. Without limiting Section 3.i. above, you hereby authorize",0,low
S001837,WhatsApp,WhatsApp Business Data Processing Terms,WhatsApp Business Data Processing Terms.pdf,5,5,WhatsApp to engage other Meta Companies and third parties,as its sub-processor(s). Subject to applicable Data Privacy,0,low
S001838,WhatsApp,WhatsApp Business Data Processing Terms,WhatsApp Business Data Processing Terms.pdf,5,5,WhatsApp to engage other Meta Companies and third parties,"Law, WhatsApp will notify you in advance of any changes related to its sub-processor(s). If you reasonably object to such changes, you may inform WhatsApp in writing and stop using our Business Services; and",0,low
S001839,WhatsApp,WhatsApp Business Data Processing Terms,WhatsApp Business Data Processing Terms.pdf,5,5,WhatsApp to engage other Meta Companies and third parties,"k. Upon termination of the Business Terms, WhatsApp shall cease Processing Personal Information and shall delete it within the time period set forth in the Business Terms unless applicable law requires further storage or to the extent that",0,low
S001840,WhatsApp,WhatsApp Business Data Processing Terms,WhatsApp Business Data Processing Terms.pdf,5,5,WhatsApp to engage other Meta Companies and third parties,WhatsApp has a right or obligation to use the Personal Information independent of the Business Terms.,0,low
S001841,WhatsApp,WhatsApp Business Data Security Terms,WhatsApp Business Data Security Terms.pdf,1,1,,"WhatsApp Business Data Security Terms (""Data Security Terms"")",0,low
S001842,WhatsApp,WhatsApp Business Data Security Terms,WhatsApp Business Data Security Terms.pdf,1,1,,"October 29, 2020 These WhatsApp Business Data Security Terms (“Data Security Terms”) apply in respect of WhatsApp’s provision of Business Services to you in accordance with the Business Terms. Capitalized terms used but not defined in these Data Security Terms have the meanings given in the Business Terms. These Data Security Terms describe the minimum security standards that WhatsApp maintains applicable to the Business",0,low
S001843,WhatsApp,WhatsApp Business Data Security Terms,WhatsApp Business Data Security Terms.pdf,1,1,,"Services made available under the Business Terms, including the data you send to WhatsApp using the Business Services (“Covered Data”).",0,low
S001844,WhatsApp,WhatsApp Business Data Security Terms,WhatsApp Business Data Security Terms.pdf,1,1,,1. Organization of Information Security. WhatsApp has personnel responsible for oversight of security of the Business Services.,0,low
S001845,WhatsApp,WhatsApp Business Data Security Terms,WhatsApp Business Data Security Terms.pdf,1,1,,"2. Physical and Environmental Security. WhatsApp’s security measures will include controls designed to provide reasonable assurance that physical access to physical processing facilities under WhatsApp’s control that are used to provide the Business Services (“Data Processing Facility”) is limited to authorized persons and that environmental controls are established to detect, prevent, and control destruction due to environmental hazards. The controls will include: a. Logging and auditing of physical access to the Data Processing Facility by employees and contractors;",1,medium
S001847,WhatsApp,WhatsApp Business Data Security Terms,WhatsApp Business Data Security Terms.pdf,1,1,,b. Camera surveillance systems at the Data Processing Facility;,0,low
S001848,WhatsApp,WhatsApp Business Data Security Terms,WhatsApp Business Data Security Terms.pdf,1,1,,c. Systems that monitor and control the temperature and humidity for the computer equipment at the Data Processing Facility;,0,low
S001849,WhatsApp,WhatsApp Business Data Security Terms,WhatsApp Business Data Security Terms.pdf,1,1,,d. Power supply and backup generators at the Data Processing Facility;,0,low
S001850,WhatsApp,WhatsApp Business Data Security Terms,WhatsApp Business Data Security Terms.pdf,2,2,,"e. Procedures for secure deletion and disposal of data, subject to the Business Terms; and",0,low
S001851,WhatsApp,WhatsApp Business Data Security Terms,WhatsApp Business Data Security Terms.pdf,2,2,,f. Protocols requiring ID cards for entry to all WhatsApp facilities for all personnel working on the Business Services.,0,low
S001852,WhatsApp,WhatsApp Business Data Security Terms,WhatsApp Business Data Security Terms.pdf,2,2,3. Personnel,a. Training. WhatsApp will ensure that all personnel with access to Covered Data undergo security training.,0,low
S001853,WhatsApp,WhatsApp Business Data Security Terms,WhatsApp Business Data Security Terms.pdf,2,2,3. Personnel,b. Confidentiality. WhatsApp will contractually bind personnel with access to Covered Data to appropriate confidentiality requirements.,0,low
S001854,WhatsApp,WhatsApp Business Data Security Terms,WhatsApp Business Data Security Terms.pdf,2,2,3. Personnel,"c. Screening and Background Checks. WhatsApp will have a process for: verifying the identity of the personnel with access to Covered Data; and performing background checks, where legally permissible, on personnel working on or supporting aspects pertaining to the Business Services in accordance with WhatsApp standards.",0,low
S001855,WhatsApp,WhatsApp Business Data Security Terms,WhatsApp Business Data Security Terms.pdf,2,2,3. Personnel,d. Personnel Security Breach. WhatsApp will take disciplinary action in the event of unauthorized access to Covered Data by,1,medium
S001856,WhatsApp,WhatsApp Business Data Security Terms,WhatsApp Business Data Security Terms.pdf,2,2,3. Personnel,"WhatsApp personnel, including, where legally permissible, punishments up to and including termination.",0,low
S001857,WhatsApp,WhatsApp Business Data Security Terms,WhatsApp Business Data Security Terms.pdf,2,2,3. Personnel,4. Security Testing. WhatsApp will perform regular security and vulnerability testing to assess whether key controls are implemented properly and are effective.,0,low
S001858,WhatsApp,WhatsApp Business Data Security Terms,WhatsApp Business Data Security Terms.pdf,2,2,3. Personnel,5. Access Control.,1,medium
S001859,WhatsApp,WhatsApp Business Data Security Terms,WhatsApp Business Data Security Terms.pdf,2,2,3. Personnel,a. Password Management. WhatsApp has established and will maintain procedures for password management for its,0,low
S001860,WhatsApp,WhatsApp Business Data Security Terms,WhatsApp Business Data Security Terms.pdf,3,3,3. Personnel,"personnel, designed to ensure passwords are personal to each individual, and inaccessible to unauthorized persons, including at minimum: password provisioning, including procedures designed to verify the identity of the user prior to a new, replacement, or temporary password; cryptographically protecting passwords when stored in computer systems or in transit over the network; iii. altering default passwords from vendors; iv. strong passwords relative to their intended use; and v. education on good password practices.",0,low
S001861,WhatsApp,WhatsApp Business Data Security Terms,WhatsApp Business Data Security Terms.pdf,3,3,3. Personnel,"b. Access Management. WhatsApp will also control and monitor its personnel’s access to its systems using the following: established procedures for changing and revoking access rights and user IDs, without undue delay; established procedures for reporting and revoking compromised access credentials (passwords, tokens etc.); iii. maintaining appropriate security logs including where applicable with userid and timestamp; iv. synchronizing clocks with NTP; and v.",0,low
S001862,WhatsApp,WhatsApp Business Data Security Terms,WhatsApp Business Data Security Terms.pdf,3,3,3. Personnel,Logging the following minimum user access management events  Authorization changes;  Failed and successful authentication and access attempts; and  Read and write operations.,0,low
S001863,WhatsApp,WhatsApp Business Data Security Terms,WhatsApp Business Data Security Terms.pdf,4,4,6. Communications Security,a. Network Security,0,low
S001864,WhatsApp,WhatsApp Business Data Security Terms,WhatsApp Business Data Security Terms.pdf,4,4,6. Communications Security,WhatsApp will employ technology that is consistent with industry standards for network segregation.,0,low
S001865,WhatsApp,WhatsApp Business Data Security Terms,WhatsApp Business Data Security Terms.pdf,4,4,6. Communications Security,Remote network access to WhatsApp systems will require encrypted communication via secured protocols and use of multi-factor authentication.,1,medium
S001866,WhatsApp,WhatsApp Business Data Security Terms,WhatsApp Business Data Security Terms.pdf,4,4,6. Communications Security,b. Protection of Data in Transit,0,low
S001867,WhatsApp,WhatsApp Business Data Security Terms,WhatsApp Business Data Security Terms.pdf,4,4,6. Communications Security,WhatsApp will enforce use of appropriate protocols designed to protect the confidentiality of data in transit over public networks.,0,low
S001868,WhatsApp,WhatsApp Business Data Security Terms,WhatsApp Business Data Security Terms.pdf,4,4,6. Communications Security,7. Vulnerability Management. WhatsApp has instituted and will maintain a vulnerability management program covering the Business,0,low
S001869,WhatsApp,WhatsApp Business Data Security Terms,WhatsApp Business Data Security Terms.pdf,4,4,6. Communications Security,"Services that includes definitions of roles and responsibilities for vulnerability monitoring, vulnerability risk assessment, and patch deployment.",0,low
S001870,WhatsApp,WhatsApp Business Data Security Terms,WhatsApp Business Data Security Terms.pdf,4,4,8. Security Incident Management,"a. Security Incident Response. WhatsApp will maintain a security incident response plan for monitoring, detecting, and handling possible security incidents affecting Covered Data. The security incident response plan at least includes definitions of roles and responsibility, communication, and post-mortem reviews, including root cause analysis and remediation plans.",1,medium
S001871,WhatsApp,WhatsApp Business Data Security Terms,WhatsApp Business Data Security Terms.pdf,4,4,8. Security Incident Management,b. Monitoring. WhatsApp will monitor for any security breaches and malicious activity affecting Covered Data.,1,medium
S001872,WhatsApp,WhatsApp Business Data Security Terms,WhatsApp Business Data Security Terms.pdf,4,4,8. Security Incident Management,"In the event of any express conflict between the Business Terms and these Data Security Terms, the Business Terms will govern solely with respect to your use of the Business Services and solely to the extent of the",0,low
S001873,WhatsApp,WhatsApp Business Data Security Terms,WhatsApp Business Data Security Terms.pdf,5,5,8. Security Incident Management,conflict. WhatsApp may update these Data Security Terms from time to time to reflect evolving security standards.,0,low
S001874,WhatsApp,WhatsApp Business Data Transfer Addendum,WhatsApp Business Data Transfer Addendum.pdf,1,1,Addendum,"1. You acknowledge and agree that, to provide the Business Services pursuant to the Business Terms, WhatsApp Ireland transfers European Data to WhatsApp LLC and Meta Platforms Inc. and onward transfers of European Data may be made to other WhatsApp Subprocessors.",0,low
S001875,WhatsApp,WhatsApp Business Data Transfer Addendum,WhatsApp Business Data Transfer Addendum.pdf,1,1,Addendum,"2. WhatsApp Ireland relies on the EU-U.S. Data Privacy Framework for transfers of European data to WhatsApp LLC in the US as set out in WhatsApp LLC’s Data Privacy Framework Disclosure and to Meta Platforms, Inc. as set out in Meta Platforms Inc.’s Data Privacy Framework Disclosure. WhatsApp Ireland reserves the right to rely on alternative transfer mechanism recognized by the",0,low
S001876,WhatsApp,WhatsApp Business Data Transfer Addendum,WhatsApp Business Data Transfer Addendum.pdf,1,1,GDPR and other applicable data protection laws in the EEA and,"Switzerland, such as the Processor to Processor SCCs or other adequacy decisions. Onward transfers to WhatsApp sub-processors are made in accordance with the requirements of the applicable transfer mechanism, and pursuant to the general authorisation under the Data Processing Terms.",0,low
S001877,WhatsApp,WhatsApp Business Data Transfer Addendum,WhatsApp Business Data Transfer Addendum.pdf,1,1,GDPR and other applicable data protection laws in the EEA and,"3. In order to facilitate an efficient and coordinated service, you agree that all communication with WhatsApp LLC, Meta Platforms Inc. or any other WhatsApp Subprocessor, to the extent possible, will be coordinated and directed through WhatsApp Ireland.",0,low
S001878,WhatsApp,WhatsApp Business Data Transfer Addendum,WhatsApp Business Data Transfer Addendum.pdf,2,2,GDPR and other applicable data protection laws in the EEA and,4. This Data Transfer Addendum takes priority over the Business Terms and the Data Processing Terms to the extent of a conflict or inconsistency.,0,low
S001879,WhatsApp,WhatsApp Business Data Transfer Addendum,WhatsApp Business Data Transfer Addendum.pdf,2,2,GDPR and other applicable data protection laws in the EEA and,5. In this Data Transfer Addendum: a. “SCCs” means the European Commission's Standard,0,low
S001881,WhatsApp,WhatsApp Business Data Transfer Addendum,WhatsApp Business Data Transfer Addendum.pdf,2,2,GDPR and other applicable data protection laws in the EEA and,"Contractual Clauses for the transfer of personal data to third countries pursuant to Regulation (EU) 2016/679 as set out in annex to Commission Decision 2021/914 which, as of the last updated date, are available at the link https://eurlex.europa.eu/eli/dec_impl/2021/914/oj, and which are incorporated herein by reference.",1,medium
S001882,WhatsApp,WhatsApp Business Data Transfer Addendum,WhatsApp Business Data Transfer Addendum.pdf,2,2,GDPR and other applicable data protection laws in the EEA and,b. “EEA” means European Economic Area.,0,low
S001883,WhatsApp,WhatsApp Business Data Transfer Addendum,WhatsApp Business Data Transfer Addendum.pdf,2,2,GDPR and other applicable data protection laws in the EEA and,c. “European Data” means Personal Data which is Processed by WhatsApp Ireland as your Processor pursuant to the,0,low
S001884,WhatsApp,WhatsApp Business Data Transfer Addendum,WhatsApp Business Data Transfer Addendum.pdf,2,2,GDPR and other applicable data protection laws in the EEA and,"Business Terms, to the extent that the GDPR or other data protection laws in the EEA or Switzerland apply to your Processing of such data.",0,low
S001885,WhatsApp,WhatsApp Business Data Transfer Addendum,WhatsApp Business Data Transfer Addendum.pdf,2,2,GDPR and other applicable data protection laws in the EEA and,"d. “Processor to Processor SCCs” means, as applicable to the transfer: (a) module 3 (processor to processor) of the standard contractual clauses or (b) such other (processor to processor) standard contractual clauses for the transfer of personal data to third countries that are recognised under the applicable data protection laws in the EEA or Switzerland (in either case with any optional clauses as chosen by WhatsApp Ireland).",1,medium
S001886,WhatsApp,WhatsApp Business Data Transfer Addendum,WhatsApp Business Data Transfer Addendum.pdf,2,2,GDPR and other applicable data protection laws in the EEA and,"e. “WhatsApp Subprocessor” means a processor that is engaged by WhatsApp LLC or Meta Platforms Inc., under the Processor to Processor SCCs to Process European Data.",0,low
S001887,WhatsApp,WhatsApp Business Data Transfer Addendum,WhatsApp Business Data Transfer Addendum.pdf,2,2,GDPR and other applicable data protection laws in the EEA and,Any other capitalised terms have the meaning given to them in the Business Terms or the Data Processing Terms.,0,low
S001888,WhatsApp,WhatsApp Business Terms of Service,WhatsApp Business Terms of Service.pdf,1,1,1. Introduction,"You and the company or business that you are authorized to represent (“you,” “your,” or “Company”) agree to these WhatsApp Business Terms of",0,low
S001889,WhatsApp,WhatsApp Business Terms of Service,WhatsApp Business Terms of Service.pdf,1,1,1. Introduction,"Service and all other applicable terms, policies, and documentation (collectively, “Business Terms”) by downloading or using WhatsApp’s apps, software, features, services, and APIs designed and developed for businesses (“Business Services”).",0,low
S001890,WhatsApp,WhatsApp Business Terms of Service,WhatsApp Business Terms of Service.pdf,1,1,WhatsApp LLC is the contracting entity providing you our Business,"Services, unless you are in a country in the European Economic Area and any other included country or territory (“European Region”), in which case",0,low
S001891,WhatsApp,WhatsApp Business Terms of Service,WhatsApp Business Terms of Service.pdf,1,1,WhatsApp LLC is the contracting entity providing you our Business,"WhatsApp Ireland Limited is the contracting entity providing you our Business Services (each contracting entity individually, “WhatsApp,” “our,” “we,” or “us”). We provide our Business Services solely for your business or commercial use. NO ACCESS TO EMERGENCY SERVICES. Please note important differences between our Business Services and mobile phone, fixed-line telephone, or SMS services. Our Business Services do not provide access to emergency services or emergency services providers, including the police, fire departments, or hospitals, or otherwise connect to public safety answering points. Company should ensure that it can contact its relevant emergency services providers through a mobile phone, fixed-line telephone, or other service.",0,low
S001892,WhatsApp,WhatsApp Business Terms of Service,WhatsApp Business Terms of Service.pdf,1,1,2. Additional Terms and Policies,These Business Terms incorporate by reference the following policies and documents:  WhatsApp Business Messaging Policy  WhatsApp Messaging Guidelines,0,low
S001893,WhatsApp,WhatsApp Business Terms of Service,WhatsApp Business Terms of Service.pdf,2,2,2. Additional Terms and Policies, WhatsApp Business Data Processing Terms  WhatsApp Intellectual Property Policy  WhatsApp Brand Guidelines,0,low
S001894,WhatsApp,WhatsApp Business Terms of Service,WhatsApp Business Terms of Service.pdf,2,2,2. Additional Terms and Policies,"To the extent that any of the additional terms and policies conflict with these Business Terms, the additional terms and policies will govern.",0,low
S001895,WhatsApp,WhatsApp Business Terms of Service,WhatsApp Business Terms of Service.pdf,2,2,2. Additional Terms and Policies,"3. WhatsApp Business Account Business Use and Eligibility. You represent and warrant that you: (a) will use our Business Services solely for business, commercial, and authorized purposes, and not for personal use; (b) will only provide registration information associated with your Company; (c) are authorized to enter into these Business Terms and are at least 18 years old (or the age of majority in your country of residence); and (d) have not been previously suspended or removed from our Business Services, or engaged in any activity that could result in suspension or removal. Registration and Account. Company must create a WhatsApp business account by providing accurate, current, and complete information, including its valid legal business phone number, Company name, and other information we require. Company will keep its business account information updated. Company’s name must not: (a) be false, misleading, deceptive, or defamatory; (b) parody a third party or include character symbols, excessive punctuation, or trademark designations; or (c) infringe any trademark, violate any right of publicity, or otherwise violate anyone’s rights. We reserve the right to reclaim account names on behalf of any business or individual that holds legal claim in those names. Communication Preferences.",0,low
S001896,WhatsApp,WhatsApp Business Terms of Service,WhatsApp Business Terms of Service.pdf,2,2,2. Additional Terms and Policies,"As part of your relationship with us, you permit WhatsApp and third party providers to use your contact information to send you electronic communications (such as messages, emails, and phone calls via WhatsApp or otherwise) from us or our third-party providers, including: (a) notices about your account, password changes, payment authorizations, and other transactional information; (b) notices about updates to our Business Terms; and (c) information about products,",0,low
S001897,WhatsApp,WhatsApp Business Terms of Service,WhatsApp Business Terms of Service.pdf,3,3,2. Additional Terms and Policies,"services, surveys, events, news, and promotions offered by WhatsApp or the other Meta Companies where permitted by applicable law. If you do not wish for WhatsApp to communicate with you regarding (c) above, you may opt-out of future communications by writing to WhatsApp as specified in the Notices section below, or by clicking the “unsubscribe” link in any such communication. Devices and Software. You must provide certain devices, software, and data connections, which we do not otherwise supply, to use our Business Services. You agree to manually or automatically download and install updates to our Business Services. Fees and Taxes. You are responsible for all carrier data plans, Internet fees, and other fees and taxes associated with your use of our Business Services. Linking to Facebook. To use all or certain features of our Business",2,medium
S001898,WhatsApp,WhatsApp Business Terms of Service,WhatsApp Business Terms of Service.pdf,3,3,2. Additional Terms and Policies,"Services, we may require Company to link its WhatsApp business account with the Facebook account used for its business. Facebook’s terms and policies apply to the extent that you use Facebook’s services. Third-Party Services. Our Business Services may allow Company to access, use, or interact with websites, apps, content, and other products and services that are not provided by WhatsApp. For example, Company may choose to use third-party data backup services (such as iCloud or Google Drive) that may be used with some of our Business Services.",0,low
S001899,WhatsApp,WhatsApp Business Terms of Service,WhatsApp Business Terms of Service.pdf,3,3,2. Additional Terms and Policies,"Please note that when Company uses these other services, their own terms and privacy policies will govern Company’s use of those services.",0,low
S001900,WhatsApp,WhatsApp Business Terms of Service,WhatsApp Business Terms of Service.pdf,3,3,2. Additional Terms and Policies,"WhatsApp will not be responsible or liable for your use of those services, the third-party’s terms, or any actions you take under the third-party’s terms.",0,low
S001901,WhatsApp,WhatsApp Business Terms of Service,WhatsApp Business Terms of Service.pdf,3,3,2. Additional Terms and Policies,"4. Company’s Legal, Privacy, and Security Responsibilities Compliance with Laws and Regulations. You may only use our Business",0,low
S001902,WhatsApp,WhatsApp Business Terms of Service,WhatsApp Business Terms of Service.pdf,3,3,2. Additional Terms and Policies,Services if you have ensured that your use of our Business Services complies with all legal and regulatory requirements applicable to Company; it is your sole responsibility to determine your legal obligations. Our,0,low
S001903,WhatsApp,WhatsApp Business Terms of Service,WhatsApp Business Terms of Service.pdf,4,4,2. Additional Terms and Policies,"Business Services are not intended for intra-company usage. We make no representations or warranties that our Business Services meet the needs of entities regulated by laws and regulations with heightened confidentiality requirements for personal data, such as healthcare, financial, or legal services entities. Company must provide all necessary data disclosures and notices (such as maintaining a privacy policy or labelling marketing messages). Company must also secure all necessary rights, consents, and permissions (for example, opt-in) to share its customers’ contact and other personal data with WhatsApp, and to communicate with its customers via the WhatsApp service using this information. WhatsApp is not liable for any acts or omissions by Company that breach any applicable laws. Company must also honor and comply with all WhatsApp user requests to stop or opt-out of receiving certain or all types of WhatsApp messages from Company. WhatsApp users may block Company, mark Company’s messages as spam, or report Company’s actions or messages to us to notify us that Company is violating our terms and policies. WhatsApp will then take appropriate action, which could result in WhatsApp suspending or terminating Company’s use of our Business Services. Security Responsibilities.",2,medium
S001904,WhatsApp,WhatsApp Business Terms of Service,WhatsApp Business Terms of Service.pdf,4,4,2. Additional Terms and Policies,Company may only allow authorized individuals acting on behalf of Company to access and use its WhatsApp business account for purposes authorized under these Business Terms. Company is responsible for all activities occurring under its account. Company must: (a) maintain the security of its account credentials; (b) keep its devices and WhatsApp account safe and secure; (c) prevent unauthorized use of or access to our Business Services; and (d) immediately notify us if Company discovers or suspects any security breaches related to our Business,2,medium
S001905,WhatsApp,WhatsApp Business Terms of Service,WhatsApp Business Terms of Service.pdf,4,4,2. Additional Terms and Policies,"Services or if Company discovers or suspects any such unauthorized access or use. Company will implement and follow generally recognized industry standards and best practices for data and information security to protect Company’s data, network, and systems from unauthorized access, use, or copying. Company must promptly delete any user’s information it obtained via our Business Services if we determine, in our reasonable discretion, that Company breached its obligation to protect and prevent unauthorized use or access to its devices, account, or systems, or otherwise breached these Business Terms.",0,low
S001906,WhatsApp,WhatsApp Business Terms of Service,WhatsApp Business Terms of Service.pdf,5,5,2. Additional Terms and Policies,"5. Licenses and Intellectual Property Company License to Us. Our Business Services enable you to create, post, store, send, and receive content, such as text, images, videos, and other materials, including Company’s trademarks, logos, slogans, and other proprietary materials (collectively, “Company Content”). For example, you may post Company’s logo, or images and descriptions of Company’s goods and services, to Company’s business profile. You grant WhatsApp, and its subsidiaries and affiliates, a worldwide, non-exclusive, sub-licensable, and transferable license to use, reproduce, modify, adapt, publish, translate, create derivative works from, distribute, and publicly perform or display",0,low
S001907,WhatsApp,WhatsApp Business Terms of Service,WhatsApp Business Terms of Service.pdf,5,5,2. Additional Terms and Policies,"Company Content that you upload, submit, store, send, or receive on or through our Business Services, solely for the purposes of providing, operating, developing, promoting, updating, and improving our Business Services, and researching and developing new services, features, or uses.",0,low
S001908,WhatsApp,WhatsApp Business Terms of Service,WhatsApp Business Terms of Service.pdf,5,5,2. Additional Terms and Policies,"You represent and warrant that you have all rights necessary to grant us the license to Company Content, and that our use of it, as permitted by these Business Terms, will not violate any right of, or cause injury to, any person or entity. Company’s Rights. Except for the license you grant to us above, you retain all ownership and other rights in and to your Company Content. Our License to Company. Subject to your compliance with these Business Terms, we grant you a limited, revocable, non-exclusive, nonsublicensable, and non-transferable license to use our Business Services solely as authorized in these Business Terms. You can only use our trademarks as expressly permitted by our WhatsApp Brand Guidelines or with our prior written permission. WhatsApp’s Rights. Except for the express license granted in these",0,low
S001909,WhatsApp,WhatsApp Business Terms of Service,WhatsApp Business Terms of Service.pdf,5,5,2. Additional Terms and Policies,"Business Terms, we grant no other licenses or rights to Company by implication or otherwise. Unless otherwise indicated, we own all copyrights, trademarks, domains, logos, trade dress, trade secrets, patents, and other intellectual property rights associated with our Business Services.",0,low
S001910,WhatsApp,WhatsApp Business Terms of Service,WhatsApp Business Terms of Service.pdf,6,6,2. Additional Terms and Policies,"Restrictions. Except as otherwise permitted by WhatsApp in writing,",0,low
S001911,WhatsApp,WhatsApp Business Terms of Service,WhatsApp Business Terms of Service.pdf,6,6,2. Additional Terms and Policies,"Company must not directly, indirectly, or through automated or other means: (a) distribute, sell, resell, or rent our Business Services to third parties; (b) distribute or make our Business Services available over a network to be used by multiple devices at the same time, except as authorized through tools and configurations that we have expressly provided for your use via our Business Services; and (c) copy, reproduce, distribute, publicly perform or display, modify, or make derivative works based upon all or portions of our Business Services. Company must not directly, indirectly, or through automated or other means: (d) remove any proprietary rights notices or markings; (e) reverse engineer any aspect of our Business Services or do anything that may discover source code; (f) scrape or extract data from our Business Services; (g) develop or use any applications that interact with our Business Services without our prior written consent; and (h) create software or APIs that function substantially the same as our Business Services and offer them for use by third parties in an unauthorized manner on or utilizing the WhatsApp platform or our Business Services.",2,medium
S001912,WhatsApp,WhatsApp Business Terms of Service,WhatsApp Business Terms of Service.pdf,6,6,2. Additional Terms and Policies,"Reporting Third-Party Copyright, Trademark, and Other Intellectual Property Infringement. To report claims of third-party copyright, trademark, or other intellectual property infringement, please visit our WhatsApp Intellectual Property Policy. If you infringe the intellectual property rights of others, we may take action with respect to your account, including disabling or suspending your account. Feedback. We always appreciate your feedback or other suggestions about WhatsApp. You agree that any questions, comments, suggestions, ideas, original or creative materials, or other information about WhatsApp or our products or services that you post, submit, or otherwise communicate to us (collectively, “Feedback”) is non-confidential and that we will be entitled to the unrestricted use and dissemination of Feedback for any purpose, commercial or otherwise, without acknowledgment or compensation to you.",0,low
S001913,WhatsApp,WhatsApp Business Terms of Service,WhatsApp Business Terms of Service.pdf,7,7,2. Additional Terms and Policies,"6. Acceptable Use of our Business Services Acceptable Use. Company will not (nor assist others to) violate any applicable law, contract, intellectual property, or other third-party right, and",0,low
S001914,WhatsApp,WhatsApp Business Terms of Service,WhatsApp Business Terms of Service.pdf,7,7,2. Additional Terms and Policies,Company is solely responsible for its conduct while using our Business Services.,0,low
S001915,WhatsApp,WhatsApp Business Terms of Service,WhatsApp Business Terms of Service.pdf,7,7,2. Additional Terms and Policies,"Company must not directly, indirectly, or through automated or other means: (a) use our Business Services for personal, family, or household purposes or without applicable business licenses; (b) instigate, engage in, or encourage any harassing, threatening, intimidating, predatory, or stalking conduct, or any other conduct that would be illegal or otherwise inappropriate, such as promoting violent crimes, endangering or exploiting children or others, or coordinating harm; (c) use or attempt to use another user’s account without prior authorization from that user and WhatsApp; (d) impersonate or register on behalf of any person or entity or otherwise misrepresent your affiliation with a person or entity, perpetrate fraud, or publish falsehoods or misleading statements; (e) collect information of or about other users in any impermissible or unauthorized manner; (f) use our Business Services other than for their intended purpose or interfere with, disrupt, negatively affect, or inhibit other users; (g) damage, disable, overburden, or impair our Business Services; (h) send, distribute, or post spam, unsolicited electronic communications, chain letters, pyramid schemes, or illegal or impermissible communications; (i) post, upload, or share any content which is unlawful, libelous, defamatory, obscene, pornographic, indecent, lewd, suggestive, harassing, hateful, ethnically or racially offensive, threatening, invasive of privacy or publicity rights, abusive, inflammatory, fraudulent, or is in our sole judgment objectionable; (j) encourage or provide instructions for a criminal offense;",2,medium
S001916,WhatsApp,WhatsApp Business Terms of Service,WhatsApp Business Terms of Service.pdf,7,7,2. Additional Terms and Policies,"(k) distribute any viruses, corrupted data, or other harmful, disruptive, or destructive files or content; (l) bypass, ignore, or circumvent instructions in our robots.txt file or any measures we employ to prevent or limit access to any part of our Business Services, including content-filtering techniques; or",0,low
S001917,WhatsApp,WhatsApp Business Terms of Service,WhatsApp Business Terms of Service.pdf,7,7,2. Additional Terms and Policies,(m) expose WhatsApp or others to any type of harm or liability. Enforcement. Although we have no obligation to screen or monitor,0,low
S001918,WhatsApp,WhatsApp Business Terms of Service,WhatsApp Business Terms of Service.pdf,7,7,2. Additional Terms and Policies,"Company Content (such as content you post to your business profile), we may, subject to applicable law, review, remove, or delete Company Content",0,low
S001919,WhatsApp,WhatsApp Business Terms of Service,WhatsApp Business Terms of Service.pdf,8,8,2. Additional Terms and Policies,"you share when it violates these Business Terms or our policies and we become aware of it. We also need and do use information reported to us by other WhatsApp users (such as when they block you or disclose your messages to us as part of a complaint) to determine whether you have breached these Business Terms or are not complying with our policies. If we determine that you have breached these Business Terms or are not complying with our policies, we have the right to limit, throttle, suspend, or terminate Company’s account, depending on the type and circumstances of the breach and within our reasonable discretion. In the event that we terminate Company’s account, Company will not create another WhatsApp business account without our express written permission. Learn more about the restrictions we may impose on the use of our Business Services, including information on how we apply our policies, procedures, measures and tools here. Complaints. You can submit a complaint to us at businesscomplaints@support.whatsapp.com regarding the following: technical or technological issues, customer service issues, suspension and termination of your account or Services, or any alleged breach by us of these Terms or the EU Regulation 2019/1150 (the “Platform Regulation”).",2,medium
S001920,WhatsApp,WhatsApp Business Terms of Service,WhatsApp Business Terms of Service.pdf,8,8,2. Additional Terms and Policies,We will acknowledge all complaints and follow-up with you to address your complaint within a reasonable timeframe. We will communicate the outcome of our complaint investigation to you if you have provided us with your valid email address. Learn more about steps to take if your account is suspended or terminated here.,1,medium
S001921,WhatsApp,WhatsApp Business Terms of Service,WhatsApp Business Terms of Service.pdf,8,8,2. Additional Terms and Policies,"7. Our Data Practices Your Customer Contacts. Company provides customer contact information such as phone numbers (“Customer Data”) to WhatsApp, and Company determines which of its customers it may communicate with using the WhatsApp service. To the extent any data protection or privacy law applicable to your use of WhatsApp’s Business Services recognizes the concepts of Controller and Processor and requires the conclusion of a data processing agreement between them (such as the EU General Data",0,low
S001922,WhatsApp,WhatsApp Business Terms of Service,WhatsApp Business Terms of Service.pdf,9,9,2. Additional Terms and Policies,"Protection Regulation (Regulation (EU) 2016/679, “EU GDPR”), the “UK GDPR” (as defined in the UK Data Protection Act 2018), or the Brazilian ""Lei Geral de Proteção de Dados” (Law 13.709/2018, “LGPD”; ""Data Privacy Law""), you acknowledge that you are the Controller and instruct the",0,low
S001923,WhatsApp,WhatsApp Business Terms of Service,WhatsApp Business Terms of Service.pdf,9,9,"WhatsApp entity you are contracting with, for the duration of these","Business Terms, to Process any Personal Information in Customer Data on your behalf as your Processor to enable you to contact your customers on",0,low
S001924,WhatsApp,WhatsApp Business Terms of Service,WhatsApp Business Terms of Service.pdf,9,9,"WhatsApp entity you are contracting with, for the duration of these","WhatsApp pursuant to these Business Terms and the WhatsApp Business Data Processing Terms. “Personal Information”, “Controller,” “Processor” and “Processing” in this section have the meanings set out in the WhatsApp Business Data Processing Terms which are incorporated by reference into these Business Terms. Access to data, and to aggregated data. You, and your service providers who manage your WhatsApp Business communications for you, if any, will have access via our Business Services to personal data, such as Customer Data, and Company Content that you provide to us. As part of our Business",0,low
S001925,WhatsApp,WhatsApp Business Terms of Service,WhatsApp Business Terms of Service.pdf,9,9,"WhatsApp entity you are contracting with, for the duration of these","Services, WhatsApp provides you with aggregated metrics relating to your messaging activity within our Business Services, such as the aggregate number of messages sent, delivered, and read. If you use a service provider to manage your WhatsApp Business communications for you, then by connecting your WhatsApp Business account and providing your service provider with account permissions, you instruct us to provide your service provider with access to these aggregated metrics. Ranking and Rating. If you use catalog, you determine the order and display of your goods and services in your catalog; we do not rank or use ranking parameters within catalog to display your goods or services alongside or relative to any other business’ goods or services. Other Information. You understand and agree that WhatsApp collects, stores, and uses: (a) information from your business account and registration; (b) usage, log, and functional information generated from your use of our Business Services; (c) performance, diagnostics, and analytics information; (d) information related to your technical or other support requests; and (e) information about you from other sources such as other",0,low
S001926,WhatsApp,WhatsApp Business Terms of Service,WhatsApp Business Terms of Service.pdf,10,10,"WhatsApp entity you are contracting with, for the duration of these","WhatsApp users, businesses, third-party companies, and the other Meta Companies. Subject to these Business Terms and applicable law, we may share this information with the other Meta Companies, and we and the other Meta Companies will use it to develop, operate, provide, improve, understand, customize, support, and market our Business Services, our other services, and the services and products of the Meta Companies. Our Global Operations. Company agrees to the transfer and processing of information that we collect, store, and use under these Business Terms, to the United States and other countries globally where we have or use facilities, service providers, or partners, regardless of where you use our Business Services. You acknowledge that the laws, regulations, and standards of the country in which your information is stored or processed may be different from those of your own country. Legal Disclosures and Third-Party Requests.",0,low
S001927,WhatsApp,WhatsApp Business Terms of Service,WhatsApp Business Terms of Service.pdf,10,10,"WhatsApp entity you are contracting with, for the duration of these","You agree that WhatsApp may share your information, including Company Content, if we have goodfaith belief that it is reasonably necessary to: (a) respond pursuant to applicable law or regulations, to legal process, or government requests; (b) enforce these Business Terms and any other applicable terms and policies, including for investigations of potential violations; (c) detect, investigate, prevent, and address fraud and other illegal activity, or security or technical issues; or (d) protect the rights, property, and safety of our users, WhatsApp, the other Meta Companies, or others.",0,low
S001928,WhatsApp,WhatsApp Business Terms of Service,WhatsApp Business Terms of Service.pdf,10,10,8. Availability,"Our Business Services may be interrupted, including for maintenance, repairs, upgrades, or network or equipment failures. We reserve the right to discontinue some or all of our Business Services, in our sole discretion, including certain features and the support for certain devices and platforms.",0,low
S001929,WhatsApp,WhatsApp Business Terms of Service,WhatsApp Business Terms of Service.pdf,10,10,8. Availability,"Events beyond our control may affect our Business Services, such as events in nature and other force majeure events. If we discontinue all of our",0,low
S001930,WhatsApp,WhatsApp Business Terms of Service,WhatsApp Business Terms of Service.pdf,10,10,8. Availability,"Business Services, we will give you advance notice as required by law, and otherwise reasonable advance notice, with no such notice being required in urgent situations such as preventing abuse, responding to legal requirements, or addressing safety, security and operability issues.",0,low
S001931,WhatsApp,WhatsApp Business Terms of Service,WhatsApp Business Terms of Service.pdf,11,11,9. Disclaimer,COMPANY USES OUR BUSINESS SERVICES AT ITS OWN RISK AND SUBJECT TO THE FOLLOWING DISCLAIMERS. UNLESS PROHIBITED,0,low
S001932,WhatsApp,WhatsApp Business Terms of Service,WhatsApp Business Terms of Service.pdf,11,11,9. Disclaimer,"BY APPLICABLE LAW, WE ARE PROVIDING OUR BUSINESS SERVICES ON AN “AS IS” BASIS WITHOUT ANY EXPRESS OR",0,low
S001933,WhatsApp,WhatsApp Business Terms of Service,WhatsApp Business Terms of Service.pdf,11,11,"WARRANTIES OF MERCHANTABILITY, FITNESS FOR A PARTICULAR","PURPOSE, TITLE, NON-INFRINGEMENT, AND FREEDOM FROM COMPUTER VIRUS OR OTHER HARMFUL CODE. TO THE EXTENT",0,low
S001934,WhatsApp,WhatsApp Business Terms of Service,WhatsApp Business Terms of Service.pdf,11,11,"PERMITTED BY LAW, WE DO NOT WARRANT THAT ANY","INFORMATION PROVIDED BY US IS ACCURATE, COMPLETE, OR USEFUL; THAT OUR BUSINESS SERVICES OR ANY OTHER",0,low
S001935,WhatsApp,WhatsApp Business Terms of Service,WhatsApp Business Terms of Service.pdf,11,11,"PERMITTED BY LAW, WE DO NOT WARRANT THAT ANY","SERVICES WILL BE OPERATIONAL, ERROR FREE, SECURE, OR SAFE; OR THAT OUR BUSINESS SERVICES OR ANY OTHER",0,low
S001936,WhatsApp,WhatsApp Business Terms of Service,WhatsApp Business Terms of Service.pdf,11,11,"PERMITTED BY LAW, WE DO NOT WARRANT THAT ANY","SERVICES WILL FUNCTION WITHOUT DISRUPTIONS, DELAYS, OR IMPERFECTIONS. WE DO NOT CONTROL, AND ARE NOT",0,low
S001937,WhatsApp,WhatsApp Business Terms of Service,WhatsApp Business Terms of Service.pdf,11,11,"USE OUR BUSINESS SERVICES OR OTHER SERVICES, OR THE","FEATURES, FUNCTIONALITIES, AND INTERFACES OUR BUSINESS SERVICES OR OTHER SERVICES PROVIDE. WE ARE NOT",0,low
S001938,WhatsApp,WhatsApp Business Terms of Service,WhatsApp Business Terms of Service.pdf,11,11,RESPONSIBLE FOR AND ARE NOT OBLIGATED TO CONTROL THE,ACTIONS OR INFORMATION (INCLUDING CONTENT) OF OUR USERS OR OTHER THIRD PARTIES.,0,low
S001939,WhatsApp,WhatsApp Business Terms of Service,WhatsApp Business Terms of Service.pdf,11,11,"CERTAIN LEGISLATION MAY IMPLY WARRANTIES OR CONDITIONS,","OR IMPOSE OBLIGATIONS WHICH CANNOT BE EXCLUDED, RESTRICTED OR MODIFIED EXCEPT TO A LIMITED EXTENT. YOUR",0,low
S001940,WhatsApp,WhatsApp Business Terms of Service,WhatsApp Business Terms of Service.pdf,11,11,"CERTAIN LEGISLATION MAY IMPLY WARRANTIES OR CONDITIONS,","RIGHTS WITH RESPECT TO WHATSAPP AND ITS DIRECTORS, OFFICERS, EMPLOYEES, AFFILIATES, AND AGENTS (“WHATSAPP PARTIES”) ARE NOT MODIFIED BY THE FOREGOING DISCLAIMER IF",0,low
S001941,WhatsApp,WhatsApp Business Terms of Service,WhatsApp Business Terms of Service.pdf,11,11,"THE LAWS OF YOUR COUNTRY OR TERRITORY OF RESIDENCE,","APPLICABLE AS A RESULT OF YOUR USE OF OUR BUSINESS SERVICES, DO NOT PERMIT IT.",0,low
S001942,WhatsApp,WhatsApp Business Terms of Service,WhatsApp Business Terms of Service.pdf,11,11,THIS SECTION IS WITHOUT PREJUDICE TO OUR OBLIGATIONS AS A,DATA PROCESSOR UNDER THE WHATSAPP BUSINESS DATA PROCESSING TERMS.,0,low
S001943,WhatsApp,WhatsApp Business Terms of Service,WhatsApp Business Terms of Service.pdf,12,12,"BUSINESS TERMS, OUR ACTIONS OR INACTIONS, OR OUR","BUSINESS SERVICES, EVEN IF WE HAVE BEEN ADVISED OF THE POSSIBILITY OF SUCH DAMAGES. OUR AGGREGATE LIABILITY",0,low
S001944,WhatsApp,WhatsApp Business Terms of Service,WhatsApp Business Terms of Service.pdf,12,12,"WITH THESE BUSINESS TERMS, OUR ACTIONS OR INACTIONS, OR",OUR BUSINESS SERVICES WILL NOT EXCEED THE GREATER OF ONE HUNDRED DOLLARS ($100) OR THE AMOUNT COMPANY HAS,0,low
S001945,WhatsApp,WhatsApp Business Terms of Service,WhatsApp Business Terms of Service.pdf,12,12,"WITH THESE BUSINESS TERMS, OUR ACTIONS OR INACTIONS, OR",PAID US IN THE PAST TWELVE MONTHS TO USE OUR BUSINESS SERVICES. THE FOREGOING DISCLAIMER OF CERTAIN DAMAGES,0,low
S001946,WhatsApp,WhatsApp Business Terms of Service,WhatsApp Business Terms of Service.pdf,12,12,"WITH THESE BUSINESS TERMS, OUR ACTIONS OR INACTIONS, OR",AND LIMITATION OF LIABILITY WILL APPLY TO THE MAXIMUM EXTENT PERMITTED BY APPLICABLE LAW. THE LAWS OF SOME,0,low
S001947,WhatsApp,WhatsApp Business Terms of Service,WhatsApp Business Terms of Service.pdf,12,12,"LIMITATION OF CERTAIN DAMAGES, SO SOME OR ALL OF THE",EXCLUSIONS AND LIMITATIONS SET FORTH ABOVE MAY NOT APPLY TO COMPANY. NOTWITHSTANDING ANYTHING TO THE CONTRARY,0,low
S001948,WhatsApp,WhatsApp Business Terms of Service,WhatsApp Business Terms of Service.pdf,12,12,"IN THESE BUSINESS TERMS, IN SUCH CASES, THE LIABILITY OF THE","WHATSAPP PARTIES WILL BE LIMITED TO THE FULLEST EXTENT PERMITTED BY APPLICABLE LAW. IF YOU ARE A CALIFORNIA RESIDENT, YOU AGREE TO WAIVE CALIFORNIA CIVIL CODE § 1542,",0,low
S001949,WhatsApp,WhatsApp Business Terms of Service,WhatsApp Business Terms of Service.pdf,12,12,"HIS OR HER FAVOR AT THE TIME OF EXECUTING THE RELEASE,",WHICH IF KNOWN BY HIM OR HER MUST HAVE MATERIALLY AFFECTED HIS OR HER SETTLEMENT WITH THE DEBTOR.,0,low
S001950,WhatsApp,WhatsApp Business Terms of Service,WhatsApp Business Terms of Service.pdf,12,12,11. Indemnification,"To the maximum extent permitted by applicable law, Company agrees to defend, indemnify, and hold harmless the WhatsApp Parties from and against all liabilities, damages, losses, and expenses of any kind (including reasonable legal fees and costs) relating to, arising out of, or in any way in",0,low
S001951,WhatsApp,WhatsApp Business Terms of Service,WhatsApp Business Terms of Service.pdf,13,13,11. Indemnification,"connection with any of the following third party claims against the WhatsApp Parties related to your actions (“Claim”): (a) Company’s access to or use of our Business Services, including information provided in connection therewith; (b) Company’s breach or alleged breach of these Business Terms or applicable law; and (c) any misrepresentation made by Company. We have the right to solely control, and Company will fully cooperate in the defense or settlement of any Claim.",0,low
S001952,WhatsApp,WhatsApp Business Terms of Service,WhatsApp Business Terms of Service.pdf,13,13,11. Indemnification,"12. Modifying and Terminating our Business Services We may modify, suspend, or terminate Company’s access to or use of our",0,low
S001953,WhatsApp,WhatsApp Business Terms of Service,WhatsApp Business Terms of Service.pdf,13,13,11. Indemnification,"Business Services and these Business Terms at any time and for any reason, permissible by applicable law, including if we determine, in our sole discretion, that Company violates these Business Terms, receives excessive negative feedback, or creates harm, risk, or possible legal exposure for us, our users, or others. You may discontinue your use of, or terminate, the Business Services at any time.",0,low
S001954,WhatsApp,WhatsApp Business Terms of Service,WhatsApp Business Terms of Service.pdf,13,13,To the extent you are established in the European Union or the United,"Kingdom and within scope of our obligations under the Platform Regulation, we will give you 30 days' prior notice (unless a legal or regulatory obligation requires us to terminate the services in a shorter timeframe, or you have repeatedly breached your obligations under these Terms) and the relevant reasons for termination (except if we are legally restricted from giving reasons or if you have repeatedly breached these Business Terms).",0,low
S001955,WhatsApp,WhatsApp Business Terms of Service,WhatsApp Business Terms of Service.pdf,13,13,To the extent you are established in the European Union or the United,"Company may contact WhatsApp using our complaints system at businesscomplaints@support.whatsapp.com to clarify the reasons for our termination or suspension of your account. If we are able to resolve the issue in your favor, resulting in reactivating your account, then we will reinstate our Business Services to you within a reasonable time.",1,medium
S001956,WhatsApp,WhatsApp Business Terms of Service,WhatsApp Business Terms of Service.pdf,13,13,To the extent you are established in the European Union or the United,"Upon termination, we will remove your account profile from WhatsApp, and retain data associated with your account for up to 90 days, including data you have provided to us or which we have collected from your use of the Business Services as described in this agreement’s section on Our Data Practices. Copies of your information may also remain after the 90 days for",0,low
S001957,WhatsApp,WhatsApp Business Terms of Service,WhatsApp Business Terms of Service.pdf,14,14,To the extent you are established in the European Union or the United,"a limited time in the backup storage that we use to recover lost data in the event of a disaster, software error, or other data loss event.",0,low
S001958,WhatsApp,WhatsApp Business Terms of Service,WhatsApp Business Terms of Service.pdf,14,14,To the extent you are established in the European Union or the United,"Company may terminate these Business Terms at any time for any reason by providing us written notice. Upon termination of these Business Terms for any reason, Company must promptly discontinue all use of our",0,low
S001959,WhatsApp,WhatsApp Business Terms of Service,WhatsApp Business Terms of Service.pdf,14,14,To the extent you are established in the European Union or the United,"Business Services, and uninstall and destroy all copies of software provided by WhatsApp, and delete any user information Company obtained in breach of these Business Terms. The following provisions will survive the termination of these Business Terms: Third-Party Services, Company's Rights, WhatsApp’s Rights, Feedback, Availability, Disclaimer, Limitation of",0,low
S001960,WhatsApp,WhatsApp Business Terms of Service,WhatsApp Business Terms of Service.pdf,14,14,"WhatsApp Confidential Information, Publicity, Legal Compliance,","Governing Law and Venue, Amendment, Assignment, Severability, Miscellaneous, and Notices.",0,low
S001961,WhatsApp,WhatsApp Business Terms of Service,WhatsApp Business Terms of Service.pdf,14,14,13. WhatsApp Confidential Information,"Our communications with Company may contain WhatsApp confidential information. WhatsApp confidential information includes any of our materials, communications, and information that we provide to you or",0,low
S001962,WhatsApp,WhatsApp Business Terms of Service,WhatsApp Business Terms of Service.pdf,14,14,13. WhatsApp Confidential Information,"Company that are marked confidential or that would normally be considered confidential by a reasonable person under the circumstances. If you receive any such confidential information, you will not disclose it to any third party without our prior written consent. WhatsApp confidential information does not include information that you independently developed, was rightfully given to you by a third-party without a confidentiality obligation, or becomes public through no fault of your own. You may disclose WhatsApp confidential information when compelled to do so by law if you provide us reasonable prior notice, unless a court orders that we not receive notice.",3,high
S001963,WhatsApp,WhatsApp Business Terms of Service,WhatsApp Business Terms of Service.pdf,14,14,14. Publicity,"Except as permitted by WhatsApp, Company will not make any public statements regarding these Business Terms and Company’s relationship to WhatsApp. Company agrees to cooperate with WhatsApp in responding to",0,low
S001964,WhatsApp,WhatsApp Business Terms of Service,WhatsApp Business Terms of Service.pdf,15,15,14. Publicity,"any user, press, or governmental inquiries that either party may receive, in the manner directed by WhatsApp.",0,low
S001965,WhatsApp,WhatsApp Business Terms of Service,WhatsApp Business Terms of Service.pdf,15,15,15. Legal Compliance,"Our Business Services are not intended for distribution to or use in any country where such distribution or use would violate local law. We reserve the right to limit our Business Services in any country at any time, to the extent permissible by applicable law. Company will comply with all applicable U.S. and non-U.S. export control and trade sanctions laws (“Export Laws”). Company will not, directly or indirectly, export, re-export, provide, or otherwise transfer our Business Services: (a) to any individual, entity, or country prohibited by Export Laws; (b) to any individual or entity, or anyone owned or controlled by any individual or entity, on U.S. or nonU.S. government restricted parties lists; or (c) for any purpose prohibited by",0,low
S001966,WhatsApp,WhatsApp Business Terms of Service,WhatsApp Business Terms of Service.pdf,15,15,15. Legal Compliance,"Export Laws, including nuclear, chemical, or biological weapons, or missile technology applications, without the required government authorizations.",0,low
S001967,WhatsApp,WhatsApp Business Terms of Service,WhatsApp Business Terms of Service.pdf,15,15,15. Legal Compliance,"Company will not use or download our Business Services: (i) if it is located, or owned or controlled by anyone located, in a restricted country; (ii) if it is currently listed, or owned or controlled by anyone listed, on any U.S. or non-U.S. restricted parties list; (iii) for the benefit or on behalf of a restricted country or anyone listed on any U.S. or non-U.S. restricted parties list; or (iv) for any purpose prohibited by Export Laws. Company will not disguise its location through IP proxying or other methods.",0,low
S001968,WhatsApp,WhatsApp Business Terms of Service,WhatsApp Business Terms of Service.pdf,15,15,The laws of the State of California govern these Business Terms and any,"Disputes (defined below) that may arise between WhatsApp and Company, without regard to conflict of law provisions. Company will resolve any claim, cause of action, or Dispute(s) relating to, arising out of, or in any way in connection with these Business Terms, us, our Business Services, or other products and services we may make available (“Dispute(s)”) exclusively in the United States District Court for the Northern District of California to the extent there is federal jurisdiction, or a state court located in San Mateo",0,low
S001969,WhatsApp,WhatsApp Business Terms of Service,WhatsApp Business Terms of Service.pdf,15,15,The laws of the State of California govern these Business Terms and any,"County in California, and Company agrees to submit to the personal jurisdiction of such courts for the purpose of litigating all such Disputes.",0,low
S001970,WhatsApp,WhatsApp Business Terms of Service,WhatsApp Business Terms of Service.pdf,16,16,The laws of the State of California govern these Business Terms and any,"Without prejudice to the foregoing, you agree that, in our sole discretion, we may elect to resolve any Dispute we have with you in any competent court in the country in which you reside that has jurisdiction over the Dispute. Mediation. To the extent your customers are located in the European",0,low
S001971,WhatsApp,WhatsApp Business Terms of Service,WhatsApp Business Terms of Service.pdf,16,16,"Regulation apply, you or we may refer any claim, cause of action, or","Dispute (including complaints that could not be resolved) to voluntary mediation, by giving written notice to the other via email (you may email us at businesscomplaints@support.whatsapp.com and we may email you at your valid email address). The list of independent mediators that we are willing to engage with are available at https://www.whatsapp.com/legal/business-terms/p2b-mediation.",1,medium
S001972,WhatsApp,WhatsApp Business Terms of Service,WhatsApp Business Terms of Service.pdf,16,16,"Regulation apply, you or we may refer any claim, cause of action, or",Mediation will not affect your or our right to adjudicate the dispute in court proceedings at any time.,0,low
S001973,WhatsApp,WhatsApp Business Terms of Service,WhatsApp Business Terms of Service.pdf,16,16,17. Amendment,"We may amend or update these Business Terms, including all incorporated policies and documents. Changes to these Business Terms become effective upon the date that we publish such changes. To the extent that we are required by applicable law to notify you in advance of implementing these changes (e.g., as set forth in the Platform Regulation), we will provide sufficient advance notice. Company’s continued use of our",0,low
S001974,WhatsApp,WhatsApp Business Terms of Service,WhatsApp Business Terms of Service.pdf,16,16,17. Amendment,"Business Services confirms its acceptance of these Business Terms as amended. If Company does not agree to these Business Terms as amended, Company must stop using our Business Services by deleting its account. Please review these Business Terms from time to time.",0,low
S001975,WhatsApp,WhatsApp Business Terms of Service,WhatsApp Business Terms of Service.pdf,16,16,18. Assignment,"All of our rights and obligations under these Business Terms are freely assignable by us to any of our affiliates or in connection with a merger, acquisition, restructuring, or sale of assets, or by operation of law or otherwise, and we may transfer Company’s information to any of our affiliates, successor entities, or new owner in connection with such a",0,low
S001976,WhatsApp,WhatsApp Business Terms of Service,WhatsApp Business Terms of Service.pdf,17,17,18. Assignment,"merger, acquisition, restructuring, or sale of assets. Company will not transfer or assign any of its rights or obligations under these Business",0,low
S001977,WhatsApp,WhatsApp Business Terms of Service,WhatsApp Business Terms of Service.pdf,17,17,18. Assignment,"Terms to anyone else without our prior written consent, and any attempt to do so is void.",1,medium
S001978,WhatsApp,WhatsApp Business Terms of Service,WhatsApp Business Terms of Service.pdf,17,17,19. Severability,"If any provision of these Business Terms is deemed unlawful, void, or for any reason unenforceable, then that provision shall be deemed severable from these Business Terms and shall not affect the validity and enforceability of the remaining provisions.",0,low
S001979,WhatsApp,WhatsApp Business Terms of Service,WhatsApp Business Terms of Service.pdf,17,17,20. Miscellaneous,"The section titles in these Business Terms are for convenience only and have no legal or contractual effect. Our Business Terms are written in English (U.S.). Any translated version is provided solely for your convenience. To the extent any translated version of our Terms conflicts with the English version, the English version controls. Terms such as “including” are to be construed without limitation. Nothing in these Business Terms will prevent us from complying with the law. These Business Terms do not establish any agency, partnership, or joint venture between Company and WhatsApp. These Business Terms do not give any thirdparty beneficiary rights. If we fail to enforce any of these Business Terms, it will not be considered a waiver. Unless a mutually executed agreement between Company and us states otherwise, these Business Terms make up the entire agreement between Company and us regarding our Business Services and supersede any prior written or oral agreements.",0,low
S001980,WhatsApp,WhatsApp Channels Guidelines,WhatsApp Channels Guidelines.pdf,1,1,"WhatsApp Channels is an optional, one-way broadcasting feature within","WhatsApp, separate from private messaging, designed to help people follow information from people and organizations that are important to them. Channel admins should be mindful of the following guidelines (these “Channels Guidelines”) so their updates are appropriate for a general audience. By using WhatsApp Channels, you agree to these Channels",0,low
S001981,WhatsApp,WhatsApp Channels Guidelines,WhatsApp Channels Guidelines.pdf,1,1,"WhatsApp Channels is an optional, one-way broadcasting feature within",Guidelines and our Supplemental Terms of Service for WhatsApp Channels.,0,low
S001982,WhatsApp,WhatsApp Channels Guidelines,WhatsApp Channels Guidelines.pdf,1,1,"WhatsApp Channels is an optional, one-way broadcasting feature within","Channel admins should be respectful of their followers and avoid sending too many or low-quality updates, which could lead recipients to unfollow their channel. Channel admins should provide a title for their channel that reflects the channel content and helps users make informed choices about which channels they choose to follow.",0,low
S001983,WhatsApp,WhatsApp Channels Guidelines,WhatsApp Channels Guidelines.pdf,1,1,"WhatsApp Channels is an optional, one-way broadcasting feature within","WhatsApp may take action against channels that violate the following Channels Guidelines:  Do not share illegal content or engage in illegal activity. This includes content that sexually exploits or endangers children (including child sexual abuse material), or that supports violent extremist or criminal organizations or individuals. Channels should not facilitate the exploitation of people, including through human trafficking, or share content that depicts, threatens, or promotes sexual violence, sexual assault, or sexual exploitation. Do not share intellectual property you do not have a right to use.  Do not share content that could cause serious harm to people. This includes content that constitutes a credible threat to public or personal safety, incitement of violence, organization or coordination of violent or criminal activities, or that encourages suicide or selfinjury.",1,medium
S001984,WhatsApp,WhatsApp Channels Guidelines,WhatsApp Channels Guidelines.pdf,2,2,"WhatsApp Channels is an optional, one-way broadcasting feature within"," Do not engage in fraud. This includes activity or content that purposefully deceives, impersonates, or willfully misrepresents or otherwise scams, defrauds, or exploits WhatsApp or our users.  Keep content age-appropriate for all WhatsApp users. For example,",0,low
S001985,WhatsApp,WhatsApp Channels Guidelines,WhatsApp Channels Guidelines.pdf,2,2,"WhatsApp Channels is an optional, one-way broadcasting feature within","Channels should not include imagery that is excessively violent or graphic, or that contains sexually explicit content or pornography, as restricted by app stores. Channels should not be used to facilitate commercial sexual services, or to offer and/or transact in regulated or restricted goods.",0,low
S001986,WhatsApp,WhatsApp Channels Guidelines,WhatsApp Channels Guidelines.pdf,2,2,How We Apply the Channels Guidelines,"WhatsApp may take action, utilizing automated tools, human review, and user reports, to detect abuse of these Channels Guidelines. We encourage users to report any channel or specific updates within a channel that potentially violate these Channels Guidelines. You can learn more about how to report a channel on WhatsApp here. For information on how to report potential intellectual property violations, please see here.",0,low
S001987,WhatsApp,WhatsApp Channels Guidelines,WhatsApp Channels Guidelines.pdf,2,2,Automated Processing,Automated data processing is central to our review process and automates decisions for certain areas where Channels content is highly likely to violate these Channels Guidelines.,0,low
S001988,WhatsApp,WhatsApp Channels Guidelines,WhatsApp Channels Guidelines.pdf,2,2,Automated Processing,"Automation also helps us prioritize review by routing potentially violating channels to human reviewers who have the right subject matter and language expertise, so our teams can focus on the most important cases first.",0,low
S001989,WhatsApp,WhatsApp Channels Guidelines,WhatsApp Channels Guidelines.pdf,2,2,Human Review Teams,"When a channel requires further review, our automated systems send it to a human review team to make the final decision. Our human review teams are located across the globe, receive in-depth training, and often specialize in certain policy areas and regions. Our automated systems learn and improve from each decision.",0,low
S001990,WhatsApp,WhatsApp Channels Guidelines,WhatsApp Channels Guidelines.pdf,3,3,Local Law Violations,WhatsApp reviews and responds to valid legal orders from authorities in countries where we operate. We may also receive court orders to restrict WhatsApp Channels. We always assess the legitimacy and completeness of a government request before taking any action.,1,medium
S001991,WhatsApp,WhatsApp Channels Guidelines,WhatsApp Channels Guidelines.pdf,3,3,Actions We May Take,"When we detect illegal content or a violation of our terms and policies, we may take action, including the following, and depending on the nature of the content or violation:  Warning channel admins of violations of these Channels Guidelines  Suspending further delivery of channel updates to users  Removing channel updates from our servers  Removing violating content from channel profile fields (including the channel picture)  Revoking a channel’s verification  Removing a channel from the in-app Directory or search results  Revoking a channel’s invite link  Suspending a channel  Banning channel admin(s) from our Service, and/or  Reporting child sexual abuse material to NCMEC and/or competent authorities",1,medium
S001992,WhatsApp,WhatsApp Channels Guidelines,WhatsApp Channels Guidelines.pdf,3,3,Actions We May Take,"WhatsApp will suspend channels if admin(s) repeatedly post content that violates our terms and policies, including illegal content. The decision to suspend a channel will depend on the amount, nature, and severity of the violating content, and, if identifiable, the intent of the user.",0,low
S001993,WhatsApp,WhatsApp Channels Guidelines,WhatsApp Channels Guidelines.pdf,3,3,Actions We May Take,We may take additional actions as reflected in the Supplemental Terms of Service for WhatsApp Channels.,0,low
S001994,WhatsApp,WhatsApp Channels Guidelines,WhatsApp Channels Guidelines.pdf,4,4,Channels Complaints Handling Process,"Channels Enforcement: As described above, we may take action on channels when we determine those channels go against our terms or policies, including these Channels Guidelines. If you disagree with a decision we have made, you can appeal that decision from within your Channels info page. You may also submit an appeal through WhatsApp support here. If we determine that our decision was in error, we will reverse the enforcement.",1,medium
S001995,WhatsApp,WhatsApp Channels Guidelines,WhatsApp Channels Guidelines.pdf,4,4,Account Disables: If we disable your account for a violation of these,"Channels Guidelines or Terms of Service, you may appeal that decision as described here.",0,low
S001996,WhatsApp,WhatsApp Channels Guidelines,WhatsApp Channels Guidelines.pdf,4,4,Account Disables: If we disable your account for a violation of these,"If you disagree with a content decision we have made on Channels and are a user in the EU, you can raise that decision with a certified out-of-court dispute settlement body in order to resolve the issue.",0,low
S001997,WhatsApp,WhatsApp Channels Guidelines,WhatsApp Channels Guidelines.pdf,4,4,Account Disables: If we disable your account for a violation of these,"User Reports: If you report content posted by others but we find that the content does not go against our terms or policies, we will let you know. If you disagree with a decision we have made, you can appeal that decision.",0,low
S001998,WhatsApp,WhatsApp Channels Guidelines,WhatsApp Channels Guidelines.pdf,4,4,Account Disables: If we disable your account for a violation of these,"If we determine that our decision was in error, we will reverse the enforcement.",0,low
S001999,WhatsApp,WhatsApp Channels Supplemental Privacy Policy,WhatsApp Channels Supplemental Privacy Policy.pdf,1,1,"Status and Channels, then the WhatsApp Status and Channels","Supplemental Privacy Policy replaces this WhatsApp Channels Supplemental Privacy Policy, and covers your use of Status and Channels.",0,low
S002000,WhatsApp,WhatsApp Channels Supplemental Privacy Policy,WhatsApp Channels Supplemental Privacy Policy.pdf,1,1,"Status and Channels, then the WhatsApp Status and Channels","This WhatsApp Channels Supplemental Privacy Policy helps explain our information practices when you use WhatsApp Channels (“Channels”). When we say “WhatsApp”, “our”, “we” or “us”, we are referring to WhatsApp LLC.",0,low
S002001,WhatsApp,WhatsApp Channels Supplemental Privacy Policy,WhatsApp Channels Supplemental Privacy Policy.pdf,1,1,"Status and Channels, then the WhatsApp Status and Channels","This Channels Privacy Policy supplements the WhatsApp Privacy Policy, which applies to the use of all our Services, including Channels. Any capitalized terms used but not defined in this Channels Privacy Policy have the meanings defined in the WhatsApp Privacy Policy. If there is any conflict between this Channels Privacy Policy and the WhatsApp Privacy",0,low
S002002,WhatsApp,WhatsApp Channels Supplemental Privacy Policy,WhatsApp Channels Supplemental Privacy Policy.pdf,1,1,"Status and Channels, then the WhatsApp Status and Channels","Policy, this Channels Privacy Policy will control solely with respect to your use of Channels and only to the extent of the conflict.",0,low
S002003,WhatsApp,WhatsApp Channels Supplemental Privacy Policy,WhatsApp Channels Supplemental Privacy Policy.pdf,1,1,"Status and Channels, then the WhatsApp Status and Channels",The Supplemental Terms of Service for WhatsApp Channels and WhatsApp Channels Guidelines apply to your use of Channels. What does this Channels Privacy Policy cover?,0,low
S002004,WhatsApp,WhatsApp Channels Supplemental Privacy Policy,WhatsApp Channels Supplemental Privacy Policy.pdf,1,1,"Status and Channels, then the WhatsApp Status and Channels","Channels is an optional, one-way broadcasting feature within WhatsApp, separate from our private messaging services, that allows you to create a Channel (making you a Channel “Admin”) where you may share updates for others to view (“Channel Content”). You can also view and interact with Channel Content, and follow particular Channels as a follower (“Follower”). Non-followers (“Viewers”) can also view and interact with Channel Content.",0,low
S002005,WhatsApp,WhatsApp Channels Supplemental Privacy Policy,WhatsApp Channels Supplemental Privacy Policy.pdf,1,1,"Status and Channels, then the WhatsApp Status and Channels","Channels are public, meaning that anyone can discover, follow, and view your Channel. Given the public nature and unlimited audience size of Channels, Channel Content will be visible to any user and by WhatsApp.",0,low
S002006,WhatsApp,WhatsApp Channels Supplemental Privacy Policy,WhatsApp Channels Supplemental Privacy Policy.pdf,2,2,This also means that Channel Content is among the information WhatsApp,"collects and uses to promote safety, security and integrity on Channels, as further described in this Channels Privacy Policy, the Supplemental Terms, and in the WhatsApp Channels Guidelines.",0,low
S002007,WhatsApp,WhatsApp Channels Supplemental Privacy Policy,WhatsApp Channels Supplemental Privacy Policy.pdf,2,2,This also means that Channel Content is among the information WhatsApp,"Channel Subscriptions are channels that offer an option to subscribe for a fee to receive Channel Content available only to subscribers (“Channel Subscription Updates”). If you subscribe to a channel, the Channel Subscriptions Terms of Service will also apply.",0,low
S002008,WhatsApp,WhatsApp Channels Supplemental Privacy Policy,WhatsApp Channels Supplemental Privacy Policy.pdf,2,2,This also means that Channel Content is among the information WhatsApp,"Importantly, your use of WhatsApp Channels does not impact the privacy of your WhatsApp personal messages, which continue to be end-to-end encrypted as described in the WhatsApp Privacy Policy.",1,medium
S002009,WhatsApp,WhatsApp Channels Supplemental Privacy Policy,WhatsApp Channels Supplemental Privacy Policy.pdf,2,2,This also means that Channel Content is among the information WhatsApp,"In the future, we may introduce additional Channels features, such as new ways to search for Channels and Channel Content, additional audience and privacy settings for Channels, and end-to-end encrypted Channels. If you are already using Channels when we update features and settings, we will inform you of such features as appropriate.",1,medium
S002010,WhatsApp,WhatsApp Channels Supplemental Privacy Policy,WhatsApp Channels Supplemental Privacy Policy.pdf,2,2,Information We Collect,"The WhatsApp Privacy Policy describes information we collect on our Services. When you use Channels, we also collect: Information from and about Channel Admins  Information to Create a Channel. To create a Channel, Admins must provide basic information, including a name for the Channel.",0,low
S002012,WhatsApp,WhatsApp Channels Supplemental Privacy Policy,WhatsApp Channels Supplemental Privacy Policy.pdf,2,2,"Admins may also choose to add other information, such as a unique","Channel Admin name, icon, picture, description or links to third party sites.  Channel Updates. Channels are public, so we collect Channel",0,low
S002013,WhatsApp,WhatsApp Channels Supplemental Privacy Policy,WhatsApp Channels Supplemental Privacy Policy.pdf,2,2,"Admins may also choose to add other information, such as a unique","Content and Channel Subscription Updates that Admins create or share, such as text, videos, photos, images, documents, links, gifs, stickers, audio content, or other types of content in their Channel for others to view.",0,low
S002014,WhatsApp,WhatsApp Channels Supplemental Privacy Policy,WhatsApp Channels Supplemental Privacy Policy.pdf,3,3,"Admins may also choose to add other information, such as a unique","Viewer and Follower Information  Followers, Viewers and other connections. We collect information about Followers and Viewers, such as their reactions, language choices, and the Channels they follow.",0,low
S002015,WhatsApp,WhatsApp Channels Supplemental Privacy Policy,WhatsApp Channels Supplemental Privacy Policy.pdf,3,3,"Admins may also choose to add other information, such as a unique","Information about All Channels Users  Usage And Log Information. We collect information about your activity on Channels, like service-related, diagnostic, and performance information. When you use Channels, we also collect information about your activity on and use of Channels, including the types of content you view and subscribe to, and how you interact with it; metadata about Channels, Channel Content, Channel Subscription Updates; and reactions by Followers, subscribers and Viewers; the",0,low
S002016,WhatsApp,WhatsApp Channels Supplemental Privacy Policy,WhatsApp Channels Supplemental Privacy Policy.pdf,3,3,"Admins may also choose to add other information, such as a unique","Channels features you use and how you use them, and time, frequency, and duration of your activities on Channels.  User Reports. Users or third-parties can report to us your Channel, or specific Channel Content or Channel Subscription Updates - for example, to report possible violations of our terms or policies or local law. When a report is made, we collect information about the reporting party and reported user(s) (e.g., Channel Admin), and other information that may help us in investigating the report, such as associated Channels or Channel Content, user interactions and activity on Channels, and other information, such as the number of",0,low
S002017,WhatsApp,WhatsApp Channels Supplemental Privacy Policy,WhatsApp Channels Supplemental Privacy Policy.pdf,3,3,"Admins may also choose to add other information, such as a unique","Followers who have muted a Channel, and other user reports or enforcement actions. To find out more, see our WhatsApp Channels Guidelines and Advanced Safety and Security Features.",0,low
S002018,WhatsApp,WhatsApp Channels Supplemental Privacy Policy,WhatsApp Channels Supplemental Privacy Policy.pdf,3,3,"Admins may also choose to add other information, such as a unique","Channel Subscriptions Information  Admin Information for Subscriptions. For Channel Subscriptions, we additionally collect information when Admins set up and manage their channel subscription, such as subscription pricing, billing and renewal periods, cancellations and terminations, or payout methods.",0,low
S002019,WhatsApp,WhatsApp Channels Supplemental Privacy Policy,WhatsApp Channels Supplemental Privacy Policy.pdf,4,4,"Admins may also choose to add other information, such as a unique"," Subscriber Information. If you choose to subscribe to a channel, we collect information such as the channels you subscribe to, the start date and renewal terms.  Subscription Payment Information. If you subscribe to a channel, we also collect information such as your payment method and transaction amount. We work with multiple third-party payment providers such as Apple App Store or Google Play, who will provide us with information about your transaction, to process your payment and manage your subscriptions.",0,low
S002020,WhatsApp,WhatsApp Channels Supplemental Privacy Policy,WhatsApp Channels Supplemental Privacy Policy.pdf,4,4,"Admins may also choose to add other information, such as a unique","How We Use Information We use the information we collect in the following additional ways:  Provide Channels. We use the information we have to operate, provide, and improve Channels. For example, we may use this information to enable you to create, follow or interact with Channels, to help us to provide or develop additional Channels features, or to improve your experience on Channels such as to show or recommend to you Channels that are in your country or local language.  Understand Usage of Channels. We use the information to measure and analyze the effectiveness, performance, reliability and efficiency of Channels, to understand how people use and interact with Channels, and to determine how we can develop and improve our Services.  For Safety, Security, And Integrity. We use information we have (including Channel Content and your activity in Channels) to ensure safety, security and integrity on our Services, including to combat harmful conduct; protect users against bad or harmful experiences, detect and investigate suspicious activity or violations of our terms and policies, including our WhatsApp Channels Guidelines, and to ensure our Services, including Channels, are being used lawfully.",0,low
S002021,WhatsApp,WhatsApp Channels Supplemental Privacy Policy,WhatsApp Channels Supplemental Privacy Policy.pdf,5,5,How We Use Information for Channel Subscriptions,"If you use Channel Subscriptions, either as an Admin or a subscriber, then we also use the information we have to provide and manage Channel Subscriptions, including starting, renewing and terminating subscriptions; managing payments and payouts; and making Channel Subscription Updates available to subscribers.",0,low
S002022,WhatsApp,WhatsApp Channels Supplemental Privacy Policy,WhatsApp Channels Supplemental Privacy Policy.pdf,5,5,How We Use Information for Channel Subscriptions,"How information is shared Channels information is shared in the following ways:  Public Information. Remember that Channel Content, Channel",0,low
S002023,WhatsApp,WhatsApp Channels Supplemental Privacy Policy,WhatsApp Channels Supplemental Privacy Policy.pdf,5,5,How We Use Information for Channel Subscriptions,"Subscription Updates and information Admins share on Channels is public and available to others, subject to any audience, subscription or privacy settings. You should keep in mind that anybody can capture screenshots or make recordings of Channel Content and interactions on Channels and send them to WhatsApp or anyone else, or share, export or upload them off our Services.  Third-Party Service Providers and Meta Companies. We work with third-party service providers and other Meta Companies to help us operate, provide, improve, understand and support Channels. We also work with Meta Companies to help us promote the safety, security, and integrity on Channels and our Services, including use of detection and measurement tools that leverage a combination of classifiers, content and behavioral signals, human review, and user reports—to proactively and reactively detect potentially violating content or use of Channels. When we share information with thirdparty service providers and other Meta Companies in this capacity, we require them to use your information on our behalf in accordance with our instructions and terms.  Accounts Center. If you have added your WhatsApp account to",0,low
S002024,WhatsApp,WhatsApp Channels Supplemental Privacy Policy,WhatsApp Channels Supplemental Privacy Policy.pdf,5,5,How We Use Information for Channel Subscriptions,"Accounts Center, see here to learn more about how your information will be shared. Subscriptions-related information is shared as follows:  Payment providers. We work with Third Party Payment Providers including Google Play Store and Apple App Store to process payments and transactions such as when you subscribe to a channel. We share information with these third-party payment providers such as authentication and transaction information. Please note that when you use third-party platform payment provider services, their own terms and privacy policies will govern your use of those services.",0,low
S002026,WhatsApp,WhatsApp Channels Supplemental Privacy Policy,WhatsApp Channels Supplemental Privacy Policy.pdf,6,6,How We Use Information for Channel Subscriptions,"Managing And Retaining Your Information You can access, manage or port your Channels information using our inapp settings set out in the WhatsApp Privacy Policy.  Retaining your public Channel Content, Channel Subscription",0,low
S002027,WhatsApp,WhatsApp Channels Supplemental Privacy Policy,WhatsApp Channels Supplemental Privacy Policy.pdf,6,6,How We Use Information for Channel Subscriptions,"Updates, Channel information and Channel Subscription information. In the ordinary course of providing Channels, we store",0,low
S002028,WhatsApp,WhatsApp Channels Supplemental Privacy Policy,WhatsApp Channels Supplemental Privacy Policy.pdf,6,6,How We Use Information for Channel Subscriptions,"Channel Content and Channel Subscription Updates on our servers for up to 30 days, subject to safety, security and integrity purposes or other legal or compliance obligations that may require longer retention. Channel Content and Channel Subscription Updates may remain on Viewers’, Followers’ or subscribers’ devices for a longer period, though we may provide options for updates to disappear faster, for example after 7 days or 24 hours should Admins choose.",0,low
S002029,WhatsApp,WhatsApp Channels Supplemental Privacy Policy,WhatsApp Channels Supplemental Privacy Policy.pdf,6,6,We store other Channels information and Channel Subscription,"Information for as long as necessary for the purposes identified in this Channels Privacy Policy and the WhatsApp Privacy Policy, including to provide Channels or for other legitimate purposes, such as complying with legal obligations, enforcing and preventing violations of our terms and policies, or protecting or defending our rights, property, and users. The storage periods are determined on a case-by-case basis that depends on factors like the nature of the information, why it is collected and processed, relevant legal or operational retention needs, and legal obligations.  Deleting your Channel. If you are an Admin, deleting your",0,low
S002030,WhatsApp,WhatsApp Channels Supplemental Privacy Policy,WhatsApp Channels Supplemental Privacy Policy.pdf,7,7,Channel removes the channel and Channel Content from the,"Updates Tab in your app at which point it is no longer accessible to other users through Channels. It may take up to 90 days to delete your Channels information and Channel Subscription information on our servers. We may also retain some of your information as needed for things like compliance with legal obligations, violations of our terms and policies, or harm prevention efforts. Please remember that when you delete your channel, it does not affect the information and content that other users may continue to have, such as a copy of the",0,low
S002031,WhatsApp,WhatsApp Channels Supplemental Privacy Policy,WhatsApp Channels Supplemental Privacy Policy.pdf,7,7,Channel removes the channel and Channel Content from the,Channel Content saved locally on their device or that have been forwarded to other users or shared off our Services.  Removing Channel Content. Channel Admins can remove Channel Content up to 30 days after posting.,0,low
S002032,WhatsApp,WhatsApp Channels Supplemental Privacy Policy,WhatsApp Channels Supplemental Privacy Policy.pdf,7,7,Channel removes the channel and Channel Content from the,You can learn more here about our data deletion and retention practices and about how to delete your account.,0,low
S002033,WhatsApp,WhatsApp Channels Supplemental Privacy Policy,WhatsApp Channels Supplemental Privacy Policy.pdf,7,7,Channel removes the channel and Channel Content from the,"Updates To Our Policy We may amend or update this Channels Privacy Policy. We will provide you notice of amendments or updates as appropriate, and update the Effective Date at the top. Please review our Channels Privacy Policy from time to time.",0,low
S002034,WhatsApp,WhatsApp India Payments Privacy Policy,WhatsApp India Payments Privacy Policy.pdf,1,1,Policy,"Table of Contents  Information We Collect  Information You Provide  Automatically Collected Information  How We Use Information  Information You And We Share  Managing and Deleting Your Information  Updates to Our Policy This WhatsApp India Payments Privacy Policy (""India Payments Privacy Policy"") helps explain our information practices when you use WhatsApp Pay. The terms ""our,"" ""we,"" ""us,"" and ""WhatsApp India,"" refer to WhatsApp Application Services Private Limited. WhatsApp India enables you to send and receive payments (""Payments""), a service we provide through, and in coordination with, designated payment service provider (""PSP"") banks.",0,low
S002035,WhatsApp,WhatsApp India Payments Privacy Policy,WhatsApp India Payments Privacy Policy.pdf,1,1,Policy,"WhatsApp India also provides an interface in which users have the ability to view bills and make payments to billers (""Bill Payments”) through Bharat Bill Payment System (""BBPS""), an integrated bill payment platform operated by NPCI Bharat BillPay Limited (“NBBL” – a wholly owned subsidiary of NPCI). Payments and Bill Payments services are collectively referred to in this policy as “WhatsApp Pay”.",0,low
S002036,WhatsApp,WhatsApp India Payments Privacy Policy,WhatsApp India Payments Privacy Policy.pdf,1,1,Policy,"We use all the information we have to operate, provide, improve, understand, customize, support, and market our services. PSP banks may also collect, use, and share information, as set forth in their privacy policies, in conjunction with helping to provide Payments to you.",0,low
S002037,WhatsApp,WhatsApp India Payments Privacy Policy,WhatsApp India Payments Privacy Policy.pdf,2,2,Policy,"By using WhatsApp Pay, you accept that the following terms and policies apply:  the WhatsApp Terms of Service;  the WhatsApp Privacy Policy;  the WhatsApp India Payments Terms of Service; and  this India Payments Privacy Policy.",0,low
S002038,WhatsApp,WhatsApp India Payments Privacy Policy,WhatsApp India Payments Privacy Policy.pdf,2,2,If there is any conflict between the India Payments Privacy Policy and the,"WhatsApp Privacy Policy, the India Payments Privacy Policy will control solely with respect to your use of WhatsApp Pay, and only to the extent of the conflict.",0,low
S002039,WhatsApp,WhatsApp India Payments Privacy Policy,WhatsApp India Payments Privacy Policy.pdf,2,2,Information We Collect,"To provide WhatsApp Pay, we may receive information described in the WhatsApp Privacy Policy, and the information specified below.",0,low
S002040,WhatsApp,WhatsApp India Payments Privacy Policy,WhatsApp India Payments Privacy Policy.pdf,2,2,Information We Collect,"Information You Provide  Registration and BHIM UPI PIN Setup Information. When you register to use Payments, you provide your bank's name and confirm the bank account for use with Payments. If you do not have a BHIM",0,low
S002041,WhatsApp,WhatsApp India Payments Privacy Policy,WhatsApp India Payments Privacy Policy.pdf,2,2,Information We Collect,"UPI PIN already for your bank account, you can set one using your partial debit card number, expiry date, PIN (if required by your bank), and bank-issued one-time password (OTP) to set up a BHIM UPI PIN. We do not retain Customer Payment Sensitive Data (partial debit card number, expiry date, PIN, OTP, or BHIM UPI PIN).",0,low
S002042,WhatsApp,WhatsApp India Payments Privacy Policy,WhatsApp India Payments Privacy Policy.pdf,2,2,Information We Collect,"WhatsApp India does not have access to the BHIM UPI PIN because it is encrypted by Common Library (CL) software provided by National Payments Corporation of India.  Payment Transaction Information. When you send, receive, or request payments, you provide or confirm information about your transaction, including the receiver’s name, phone number, BHIM UPI ID (virtual payment address), payment amount, and currency. To",1,medium
S002043,WhatsApp,WhatsApp India Payments Privacy Policy,WhatsApp India Payments Privacy Policy.pdf,3,3,Information We Collect,"authorize every payment you make, you need to use your BHIM UPI PIN. This payment transaction information is handled securely.",0,low
S002044,WhatsApp,WhatsApp India Payments Privacy Policy,WhatsApp India Payments Privacy Policy.pdf,3,3,Information We Collect,"WhatsApp messages sent with Payments are delivered once the transaction has processed and are treated as described in the WhatsApp Privacy Policy.  Bill Payments Information.When you decide to use Bill Payments, you may be required to provide your name, phone number, email address, date of birth, or government ID number, depending on the specific bill payment category. This information is required to fetch your bill and process the payment.",0,low
S002045,WhatsApp,WhatsApp India Payments Privacy Policy,WhatsApp India Payments Privacy Policy.pdf,3,3,Information We Collect,"Automatically Collected Information  Information About Your Use Of WhatsApp Pay. We collect information when you send, receive, or request a payment or when you register a biller, request a bill fetch, or make a bill payment. For example, we collect the date, time of the transaction, bill category, biller information, reference transaction number, and country. When the sender makes a payment to a WhatsApp contact, we collect account and transaction information, including the sender's and receiver's names and BHIM UPI IDs.  Information We Receive From Service Providers, PSP Banks, NPCI, and COU. o Service Providers. We work with and receive information from service providers, including WhatsApp Inc. and other Facebook Companies, to help us operate, provide, improve, understand, customize, support, and market WhatsApp Pay; provide customer support; and keep our system safe and secure. For example, we work with companies to assist with customer support, and we receive information from them that you provide over the phone or email. o PSP Banks and NPCI. We enable Payments by working with multiple PSP banks and the National Payments Corporation of",0,low
S002046,WhatsApp,WhatsApp India Payments Privacy Policy,WhatsApp India Payments Privacy Policy.pdf,4,4,Information We Collect,"India (""NPCI"") to facilitate the movement of funds between the sender's and receiver's bank accounts. They provide us information about you, your financial institution and accounts, and your Payments transactions. For example, we may receive information about you or your transactions from a PSP bank, including information to confirm your registration, the payment sender's or receiver's name, account information and status, balance sufficiency, transaction and account identifiers, risk or fraud alerts, and the like. BHIM UPI transaction information is stored in encrypted format. Please note that the PSP bank's or",1,medium
S002047,WhatsApp,WhatsApp India Payments Privacy Policy,WhatsApp India Payments Privacy Policy.pdf,4,4,Information We Collect,"NPCI's terms and privacy policies will govern your use of their services. o COU. We enable Bill Payments by working with the Customer Operating Unit (“COU”), banks and non bank payment aggregator or any other entity authorised as an “Operating Unit” who can participate in the BBPS as COUs. COU is a category of Operating Unit, and COUs are the entities responsible for providing customers with an interface to pay the bills either directly or through agent institution(s) via the BBPS platform. The COU provides us information based on the bill category you decide to pay. For example, if you decide to pay a utility bill, we will receive bill reference ID, the amount to be paid, and bill due date.",0,low
S002048,WhatsApp,WhatsApp India Payments Privacy Policy,WhatsApp India Payments Privacy Policy.pdf,4,4,How We Use Information,"We use all the information we have to operate, provide, improve, understand, customize, support, and market our services. This includes using the information to provide WhatsApp Pay and customer support; to protect you and others using WhatsApp Pay from fraud, abuse, or other misconduct; and to review your account activity to determine whether you continue to meet the WhatsApp Terms of Service and WhatsApp India Payments Terms of Service. WhatsApp India works with the other Facebook Companies, including Facebook Inc. (""Facebook"") and WhatsApp Inc., to provide WhatsApp Pay, including to send payment",0,low
S002049,WhatsApp,WhatsApp India Payments Privacy Policy,WhatsApp India Payments Privacy Policy.pdf,5,5,How We Use Information,"instructions to PSP banks for Payments. We also use the information to customize, market and improve Payments, including cross-selling, promotions, providing value-added services and other NPCI approved purposes, and in accordance with applicable law.",0,low
S002050,WhatsApp,WhatsApp India Payments Privacy Policy,WhatsApp India Payments Privacy Policy.pdf,5,5,How We Use Information,"For Bill Payments, we may also use your information to send you bill reminders, to personalise your Bill Payments experience (such as displaying relevant recharge plans or suggesting billers you may want to pay), and to improve Bill Payments, including through cross-selling, promotions, and value-added services. We will do so in accordance with applicable law, BBPS guidelines and NBBL approved purposes, and you can manage your reminder and personalisation preferences through your Bill Payments settings.",0,low
S002051,WhatsApp,WhatsApp India Payments Privacy Policy,WhatsApp India Payments Privacy Policy.pdf,5,5,Information You And We Share,"In addition to what is described in the WhatsApp Privacy Policy, you share your information when you use WhatsApp Pay, and we share your information in the following ways:  Payment Senders And Recipients. You and people with whom you send or receive Payments may store or reshare your BHIM UPI ID, name, or transaction information with others on or off Payments.  Service Providers. In conformance with our relationship with PSP banks, WhatsApp India works with service providers, including WhatsApp Inc. and other Facebook Companies, to provide WhatsApp Pay to you. We may share information collected under this",0,low
S002052,WhatsApp,WhatsApp India Payments Privacy Policy,WhatsApp India Payments Privacy Policy.pdf,5,5,Information You And We Share,"India Payments Privacy Policy with service providers to send payment instructions to PSP banks; maintain your transaction history; provide customer support; improve, understand, customize, support, and market Payments; and keep Payments safe and secure, including to detect, prevent, or otherwise address fraud, safety, security, abuse, or other misconduct. Facebook will have no access to encrypted BHIM UPI transaction information in clear format. When we share information with service providers, we require them to use",1,medium
S002053,WhatsApp,WhatsApp India Payments Privacy Policy,WhatsApp India Payments Privacy Policy.pdf,6,6,Information You And We Share,"your information on our behalf in accordance with our instructions, terms, and applicable law.  PSP Banks and NPCI. We share information with PSP banks and NPCI to help us operate Payments. The PSP banks and NPCI receive account information, including information to authenticate your account; transaction information, including payment amount and BHIM UPI IDs; country; transaction and account identifiers; information to detect, prevent, or otherwise address fraud, safety, security, abuse, or other misconduct; and customer support information. Please note that when you use PSP banks and NPCI services, their own terms and privacy policies will govern your use of those services.  Bill Payments information. We share information with the COU and payment aggregator to enable the Bill Payments feature on",0,low
S002054,WhatsApp,WhatsApp India Payments Privacy Policy,WhatsApp India Payments Privacy Policy.pdf,6,6,Information You And We Share,"WhatsApp, as this information is required to fetch your bill and process the payment.The COU and payment aggregator can receive your name, phone number, email address, date of birth, or government ID number, depending on the specific bill payment category as well as your IP address, device identifier, or other persistent identifier.  Compliance with Law. Notwithstanding anything to the contrary,",0,low
S002055,WhatsApp,WhatsApp India Payments Privacy Policy,WhatsApp India Payments Privacy Policy.pdf,6,6,Information You And We Share,"WhatsApp India may collect, preserve, use your UPI transaction information and Bill Payment information and also share with affiliates and respective authorities with due approvals only if so required to comply with applicable laws or regulation (including sanctions compliance).",0,low
S002056,WhatsApp,WhatsApp India Payments Privacy Policy,WhatsApp India Payments Privacy Policy.pdf,6,6,Managing and Deleting Your Information,"If you would like to manage, change, limit, or delete your WhatsApp Pay information, we allow you to do that through your Payments settings or by deleting your WhatsApp account.",0,low
S002057,WhatsApp,WhatsApp India Payments Privacy Policy,WhatsApp India Payments Privacy Policy.pdf,7,7,Managing and Deleting Your Information,"With your Payments settings, you may register additional bank account(s), deregister existing bank account(s) from your BHIM UPI ID, change the PSP bank, and clear your transaction history. When you delete your",0,low
S002058,WhatsApp,WhatsApp India Payments Privacy Policy,WhatsApp India Payments Privacy Policy.pdf,7,7,Managing and Deleting Your Information,"WhatsApp account, your bank account will be deregistered from your BHIM UPI ID automatically.",0,low
S002059,WhatsApp,WhatsApp India Payments Privacy Policy,WhatsApp India Payments Privacy Policy.pdf,7,7,Managing and Deleting Your Information,"For Bill Payments, you can remove a registered biller from your Bill Payments settings to stop future bill fetches and reminders for that biller.",0,low
S002060,WhatsApp,WhatsApp India Payments Privacy Policy,WhatsApp India Payments Privacy Policy.pdf,7,7,Payments Privacy Policy and give you the opportunity to review the revised,India Payments Privacy Policy before you choose to continue using WhatsApp Pay.,0,low
S002061,WhatsApp,WhatsApp India Payments Terms of Service,WhatsApp India Payments Terms of Service.pdf,1,1,Service,"Table of Contents  About Payments  Use of Payments  About Bill Payments  Use of Bill Payments  Privacy Policy and User Data  Licenses  Disclaimer  Limitation of Liability  Indemnification  Other  Governing Law and Dispute Resolution  Availability and Termination of WhatsApp Pay  Accessing these India Payment Terms in different languages  UPI Payments Terms Required by NPCI  We hereby confirm that for Payments: WhatsApp Application Services Private Limited (""WhatsApp India,"" ""our,"" ""we,"" or ""us""), a company incorporated under India's Companies Act, 2013, provides users the ability to send and receive payments through designated payment service providers (""PSPs"") in India (""Payments"") via Unified Payments Interface (""UPI"") developed by the National Payments",0,low
S002062,WhatsApp,WhatsApp India Payments Terms of Service,WhatsApp India Payments Terms of Service.pdf,2,2,Service,"Corporation of India (""NPCI""). WhatsApp India also provides an interface in which users have the ability to view bills and make payments to billers (""Bill Payments"") through Bharat Bill Payment System (""BBPS""), an integrated bill payment platform operated by NPCI Bharat BillPay Limited (""NBBL"" – a wholly owned subsidiary of NPCI). Payments and Bill Payments services are collectively referred to in this agreement as ""WhatsApp Pay"". WhatsApp India does not provide the services offered by WhatsApp Inc. (""WhatsApp""), such as messaging and internet calling. However,",0,low
S002063,WhatsApp,WhatsApp India Payments Terms of Service,WhatsApp India Payments Terms of Service.pdf,2,2,Service,"WhatsApp India relies upon those services to provide WhatsApp Pay and, therefore, these WhatsApp Terms of Service (""Terms"") also apply to your use of WhatsApp Pay. If there is any conflict between these India",0,low
S002064,WhatsApp,WhatsApp India Payments Terms of Service,WhatsApp India Payments Terms of Service.pdf,2,2,Service,"Payments Terms and the Terms, these India Payments Terms control solely with respect to your use of WhatsApp Pay and only to the extent of the conflict. In addition, the following WhatsApp India Payments Terms of Service (""India Payments Terms"") shall apply to your use of WhatsApp Pay. By using WhatsApp Pay, you accept and agree to be bound by:  the WhatsApp Terms of Service;  the WhatsApp Privacy Policy;  the India Payments Privacy Policy; and  these India Payments Terms. You must be at least 18 years old to use WhatsApp Pay.",0,low
S002065,WhatsApp,WhatsApp India Payments Terms of Service,WhatsApp India Payments Terms of Service.pdf,2,2,Service,"About Payments Our Role. Payments is a service we provide through, and in coordination with, designated PSPs. We provide a convenient platform that enables you to submit transaction instructions to PSPs for processing via UPI. We are not a licensed financial institution, do not receive, transfer, or store any funds in connection with Payments, and are not responsible for UPI service interruptions or acts or omissions of PSPs, NPCI, or banks including the payment, settlement, and clearance of funds. You have a separate",0,low
S002066,WhatsApp,WhatsApp India Payments Terms of Service,WhatsApp India Payments Terms of Service.pdf,3,3,Service,"relationship with your bank regarding your bank account, and WhatsApp India has no affiliation with your bank in this respect. PSP's Role. When you send or receive funds through Payments, a designated PSP receives the instructions and processes the transaction via UPI. By using Payments, you will also need to agree to the PSP's payments service terms and privacy policy. The PSP's payments service terms and privacy policy are available here. These India Payments Terms govern the relationship between WhatsApp India and you regarding",0,low
S002067,WhatsApp,WhatsApp India Payments Terms of Service,WhatsApp India Payments Terms of Service.pdf,3,3,Service,"Payments, and the PSP's payments service terms govern the relationship between the PSP and you. Eligibility. To use Payments, you must use a phone number with the country code for India and have a bank account with a bank that supports UPI. The phone number you use for WhatsApp's services must be the same phone number linked to your bank account used for Payments. Registration and UPI PIN setup. You must be an owner of the bank account you use to send and receive funds through Payments. After you provide information to confirm your bank account, WhatsApp India facilitates the creation of a UPI ID (virtual payment address) that is associated with your WhatsApp account. Since your transaction instructions are processed via UPI, you must have a UPI PIN to send payments. We will ask you to create a UPI PIN to send payments if you do not already have one for your bank account. Credits. We may credit your bank account for purposes including rewards and special offers, for which special terms may apply. Fees and Taxes. You must pay any applicable fees arising out of your use of Payments, including any overdraft, transaction, or other fees charged by your bank, PSPs, or WhatsApp India.",0,low
S002068,WhatsApp,WhatsApp India Payments Terms of Service,WhatsApp India Payments Terms of Service.pdf,3,3,Service,"You must comply with applicable tax laws in connection with your use of Payments, including reporting and payment of any taxes related to transactions made through Payments and any income received from such transactions. WhatsApp India is not responsible for withholding, collecting, reporting, or remitting any sales,",0,low
S002069,WhatsApp,WhatsApp India Payments Terms of Service,WhatsApp India Payments Terms of Service.pdf,4,4,Service,"use, value added, or other tax arising from any transaction you complete using Payments.",0,low
S002070,WhatsApp,WhatsApp India Payments Terms of Service,WhatsApp India Payments Terms of Service.pdf,4,4,Service,Use of Payments Payment Amount. You are responsible for the total payment amount for your transactions using Payments. You must ensure that you have sufficient funds in your bank account before executing any transaction through Payments. Your payment will not be sent if the PSP or your bank determines that your bank account lacks sufficient funds to cover the entire transaction amount.,0,low
S002071,WhatsApp,WhatsApp India Payments Terms of Service,WhatsApp India Payments Terms of Service.pdf,4,4,Service,"A PSP or WhatsApp India may impose limits on your ability to send or receive payments, including transaction limits. Deleting your WhatsApp account (maintained by WhatsApp) or deregistering your bank account before a transaction is complete may result in that transaction failing. A",0,low
S002072,WhatsApp,WhatsApp India Payments Terms of Service,WhatsApp India Payments Terms of Service.pdf,4,4,Service,"PSP or WhatsApp India may also cancel any transaction if the PSP or we believe the transaction violates the Terms, these India Payments Terms,",0,low
S002073,WhatsApp,WhatsApp India Payments Terms of Service,WhatsApp India Payments Terms of Service.pdf,4,4,Service,"WhatsApp or WhatsApp India's posted policies, or the PSP's terms of service, or if we believe doing so may prevent violation of law, financial loss or fraud, or otherwise protect the security of WhatsApp India, WhatsApp, our users, or others. When registering for or using Payments, you must provide accurate, current, and complete information and keep your information updated. Keeping Your Account Secure. You are responsible for keeping your device and your WhatsApp and Payments account safe and secure, and you must notify us promptly of any unauthorized use or security breach of your Payments account or Payments. Selecting Recipients. Not all WhatsApp users are ready or able to receive payments. You may contact the recipient before sending payments to verify whether they are ready and able to receive payments. Purchase Transactions. If you use Payments to pay for goods or services, you agree to make legitimate purchases and to be bound by any terms of the sale that the seller might offer. We have no responsibility for",2,medium
S002074,WhatsApp,WhatsApp India Payments Terms of Service,WhatsApp India Payments Terms of Service.pdf,5,5,Service,"any goods or services purchased using Payments, including for any claims, damages, losses, liabilities, chargebacks or disputes associated with transactions. WE MAKE NO WARRANTIES OF ANY KIND, EXPRESS OR",0,low
S002075,WhatsApp,WhatsApp India Payments Terms of Service,WhatsApp India Payments Terms of Service.pdf,5,5,Service,"IMPLIED, WITH RESPECT TO ANY GOODS OR SERVICES PURCHASED USING PAYMENTS. Payments Transactions Are Final. Once you submit a payment through a PSP, it is final as between you and us. WhatsApp India does not have control over the payment and therefore cannot provide refunds or facilitate chargebacks, in its capacity as a Third Party Application Provider (TPAP).",0,low
S002076,WhatsApp,WhatsApp India Payments Terms of Service,WhatsApp India Payments Terms of Service.pdf,5,5,Service,"WhatsApp India is not liable for errors caused by the PSP, your or other banks processing the transactions, or NPCI, or for unauthorized transactions. We assume no responsibility for the underlying transaction of funds, or the actions or identity of any transfer recipient or sender. Business Use of Payments. If you are a business and use Payments, you must comply with all applicable laws associated with your use of Payments (in addition to complying with all of the other provisions of these India Payments Terms). You must clearly disclose any applicable terms and fees to your customers and promptly fulfil any goods or services you sell using Payments in accordance with any sale terms and applicable laws. WhatsApp India is not a party to the transactions.",0,low
S002077,WhatsApp,WhatsApp India Payments Terms of Service,WhatsApp India Payments Terms of Service.pdf,5,5,Service,"About Bill Payments Our Role. WhatsApp India is an Agent Institution onboarded by authorized Customer Operating Unit (""COUs"") under the BBPS regulatory framework.",0,low
S002078,WhatsApp,WhatsApp India Payments Terms of Service,WhatsApp India Payments Terms of Service.pdf,5,5,Service,"Agent Institutions are entities certified by Bharat Bill Payment Central Unit (""BBPCU"", i.e. NBBL) to provide customer interface for bill payments. ""Bill"" means any notice for payment raised by a biller for recurring or nonrecurring payments, and it also includes notice or advice for recharge of prepaid services. COU's role. COU is a category of Operating Unit (""OU""), and COUs are the entities responsible for providing the customers with an interface to pay bills either directly or through agent institutions via the BBPS platform.",0,low
S002079,WhatsApp,WhatsApp India Payments Terms of Service,WhatsApp India Payments Terms of Service.pdf,6,6,Service,"WhatsApp India is not responsible for the BBPS platform and its service interruptions or acts or omissions of BBPCU, OUs and COUs, including the payment and settlement of funds to billers. WhatsApp India is also not responsible for the delivery of any services purchased by you using Bill",0,low
S002080,WhatsApp,WhatsApp India Payments Terms of Service,WhatsApp India Payments Terms of Service.pdf,6,6,Service,"Payments, which are governed by terms agreed to between you and the biller. WE MAKE NO WARRANTIES OF ANY KIND, EXPRESS OR",0,low
S002081,WhatsApp,WhatsApp India Payments Terms of Service,WhatsApp India Payments Terms of Service.pdf,6,6,Service,"IMPLIED, WITH RESPECT TO ANY SERVICES PURCHASED USING BILL PAYMENTS. Eligibility. To use Bill Payments, you must use a phone number with the country code for India. Fees and Taxes. You must pay any applicable fees and charges arising out of your use of Bill Payments, including customer convenience fees and internet handling charges. The fees and charges associated with the use of",0,low
S002082,WhatsApp,WhatsApp India Payments Terms of Service,WhatsApp India Payments Terms of Service.pdf,6,6,Service,"Bill Payments will be displayed to you before completing the payment and in the bill payment receipt. You must comply with applicable tax laws in connection with your use of Bill Payments. WhatsApp India is not responsible for withholding, collecting, reporting, or remitting any sales, use, value added, goods and services, or other tax arising from any transaction you complete using Bill Payments.",0,low
S002083,WhatsApp,WhatsApp India Payments Terms of Service,WhatsApp India Payments Terms of Service.pdf,6,6,Use of Bill Payments,"If you wish to pay Bills, you need to provide us with your account details for the billers you wish to pay, such as your phone number, customer account number, or customer ID. When you register a biller or confirm a bill fetch, you authorise WhatsApp India, our COU and payment aggregator to collect, store, use, and share your biller account details and other required",0,low
S002084,WhatsApp,WhatsApp India Payments Terms of Service,WhatsApp India Payments Terms of Service.pdf,6,6,Use of Bill Payments,"Bill Payments information to fetch and display your bill, process payments, send bill-related reminders, provide receipts, and support complaints. You can stop future bill fetches and reminders for any biller by removing that biller from your Bill Payments settings. You are responsible for the accuracy of the information you provide for fetching a bill, including the bill account information and the amount of each payment transaction.",1,medium
S002085,WhatsApp,WhatsApp India Payments Terms of Service,WhatsApp India Payments Terms of Service.pdf,7,7,Use of Bill Payments,"Once you register a biller, you can view your bills in the Bill Payments interface. Verify all Bill details carefully before paying and contact the biller directly in case of any discrepancies. You can also view your bill payment receipts and transaction history in the Bill Payments interface accessible through the WhatsApp app. WhatsApp India is not liable for transaction delays, failures, or reversals. You are responsible for any late fees or penalties charged by billers.",0,low
S002086,WhatsApp,WhatsApp India Payments Terms of Service,WhatsApp India Payments Terms of Service.pdf,7,7,Use of Bill Payments,WhatsApp India or billers may send you bill payment reminders through the WhatsApp app. Using Bill Payments to pay for third parties' bills. When you use Bill,0,low
S002087,WhatsApp,WhatsApp India Payments Terms of Service,WhatsApp India Payments Terms of Service.pdf,7,7,Use of Bill Payments,"Payments to pay for third-parties bills (such as paying for prepaid recharges of friends or relatives), you are responsible for obtaining their consent and confirm that you have the necessary rights and permissions for WhatsApp India to use their information, and access bill details from the biller to provide these services. You are solely responsible for any claims raised by any third-party arising from these actions, which remain between you and the third party. Customer Grievance. You can start a claim for any payment processing issues or disputes via the customer grievance section in the Bill Payment interface available on the WhatsApp app. You can learn more about the Bill Payments dispute redressal mechanism here.",2,medium
S002088,WhatsApp,WhatsApp India Payments Terms of Service,WhatsApp India Payments Terms of Service.pdf,7,7,Use of Bill Payments,Privacy Policy and User Data WhatsApp and WhatsApp India care about your privacy.,0,low
S002089,WhatsApp,WhatsApp India Payments Terms of Service,WhatsApp India Payments Terms of Service.pdf,7,7,Use of Bill Payments,"WhatsApp's Privacy Policy applies to your use of the services provided by it. Because additional information will be collected and processed when you use WhatsApp Pay, the WhatsApp India Payments Privacy Policy (""India Payments Privacy Policy"") applies to your use of WhatsApp Pay. The India",0,low
S002090,WhatsApp,WhatsApp India Payments Terms of Service,WhatsApp India Payments Terms of Service.pdf,7,7,Payments Privacy Policy describes information practices applicable to,"WhatsApp Pay, including the types of information we receive and collect from you when you use WhatsApp Pay and how we use and share this information. If you use WhatsApp Pay, you agree to WhatsApp's and",0,low
S002091,WhatsApp,WhatsApp India Payments Terms of Service,WhatsApp India Payments Terms of Service.pdf,8,8,Payments Privacy Policy describes information practices applicable to,"WhatsApp India's data practices, including the collection, use, processing, and sharing of your information as described in WhatsApp's Privacy Policy and the India Payments Privacy Policy.",0,low
S002092,WhatsApp,WhatsApp India Payments Terms of Service,WhatsApp India Payments Terms of Service.pdf,8,8,Payments Privacy Policy describes information practices applicable to,"Licenses WhatsApp India and WhatsApp's Rights. We are duly licensed to use all copyrights, trademarks, domains, logos, trade dress, trade secrets, patents, and other intellectual property rights owned or associated with WhatsApp.",0,low
S002093,WhatsApp,WhatsApp India Payments Terms of Service,WhatsApp India Payments Terms of Service.pdf,8,8,Payments Privacy Policy describes information practices applicable to,"You may not use such copyrights, trademarks, domains, logos, trade dress, patents, and other intellectual property rights unless you have obtained express permission from the owner of such intellectual property.",0,low
S002094,WhatsApp,WhatsApp India Payments Terms of Service,WhatsApp India Payments Terms of Service.pdf,8,8,Disclaimer,"YOU USE WHATSAPP PAY AT YOUR OWN RISK AND SUBJECT TO THE FOLLOWING DISCLAIMERS. WE ARE PROVIDING WHATSAPP PAY ON AN ""AS IS"" BASIS WITHOUT ANY EXPRESS OR IMPLIED",0,low
S002095,WhatsApp,WhatsApp India Payments Terms of Service,WhatsApp India Payments Terms of Service.pdf,8,8,"MERCHANTABILITY, FITNESS FOR A PARTICULAR PURPOSE, TITLE,","NON-INFRINGEMENT, AND FREEDOM FROM COMPUTER VIRUS OR OTHER HARMFUL CODE. WE DO NOT WARRANT THAT ANY",0,low
S002096,WhatsApp,WhatsApp India Payments Terms of Service,WhatsApp India Payments Terms of Service.pdf,8,8,"USEFUL, THAT OUR SERVICES WILL BE OPERATIONAL, ERROR","FREE, SECURE, OR SAFE, OR THAT WHATSAPP PAY WILL FUNCTION WITHOUT DISRUPTIONS, DELAYS, OR IMPERFECTIONS.",0,low
S002097,WhatsApp,WhatsApp India Payments Terms of Service,WhatsApp India Payments Terms of Service.pdf,8,8,"USEFUL, THAT OUR SERVICES WILL BE OPERATIONAL, ERROR","WE DO NOT CONTROL, AND ARE NOT RESPONSIBLE FOR, CONTROLLING HOW OR WHEN OUR USERS USE WHATSAPP PAY.",0,low
S002098,WhatsApp,WhatsApp India Payments Terms of Service,WhatsApp India Payments Terms of Service.pdf,8,8,WE ARE NOT RESPONSIBLE FOR AND ARE NOT OBLIGATED TO,"CONTROL THE ACTIONS OR INFORMATION (INCLUDING CONTENT) OF OUR USERS OR OTHER THIRD PARTIES. YOU RELEASE US, OUR",0,low
S002099,WhatsApp,WhatsApp India Payments Terms of Service,WhatsApp India Payments Terms of Service.pdf,8,8,"DIRECTORS, OFFICERS, EMPLOYEES, PARTNERS, AND AGENTS","FROM ANY CLAIM, COMPLAINT, CAUSE OF ACTION, CONTROVERSY, OR DISPUTE (TOGETHER, ""CLAIM"") AND DAMAGES, KNOWN AND",1,medium
S002100,WhatsApp,WhatsApp India Payments Terms of Service,WhatsApp India Payments Terms of Service.pdf,9,9,"UNKNOWN, RELATING TO, ARISING OUT OF, OR IN ANY WAY",CONNECTED WITH ANY SUCH CLAIM YOU MAY HAVE AGAINST ANY THIRD PARTIES.,0,low
S002101,WhatsApp,WhatsApp India Payments Terms of Service,WhatsApp India Payments Terms of Service.pdf,9,9,"DAMAGES RELATING TO, ARISING OUT OF, OR IN ANY WAY IN","CONNECTION WITH THE INDIA PAYMENTS TERMS, US, OR WHATSAPP PAY. OUR AGGREGATE LIABILITY RELATING TO,",0,low
S002102,WhatsApp,WhatsApp India Payments Terms of Service,WhatsApp India Payments Terms of Service.pdf,9,9,"ARISING OUT OF, OR IN ANY WAY IN CONNECTION WITH THESE","INDIA PAYMENTS TERMS, US, OR WHATSAPP PAY WILL NOT EXCEED INR 1,000. THE FOREGOING DISCLAIMER OF CERTAIN",0,low
S002103,WhatsApp,WhatsApp India Payments Terms of Service,WhatsApp India Payments Terms of Service.pdf,9,9,"ARISING OUT OF, OR IN ANY WAY IN CONNECTION WITH THESE",DAMAGES AND LIMITATION OF LIABILITY WILL APPLY TO THE MAXIMUM EXTENT PERMITTED BY APPLICABLE LAW.,0,low
S002104,WhatsApp,WhatsApp India Payments Terms of Service,WhatsApp India Payments Terms of Service.pdf,9,9,Indemnification,"You agree to defend, indemnify, and hold harmless WhatsApp India and its respective subsidiaries, parents, affiliates, directors, officers, employees, partners, and agents from and against all liabilities, damages, losses, and expenses of any kind (including reasonable legal fees and costs) relating to, arising out of, or in any way in connection with any of the following: (a) your access to or use of WhatsApp Pay, including information provided in connection therewith; (b) your breach or alleged breach of the India Payments Terms; or (c) any misrepresentation made by you. You will cooperate as fully as required by us in the defense or settlement of any Claim.",0,low
S002105,WhatsApp,WhatsApp India Payments Terms of Service,WhatsApp India Payments Terms of Service.pdf,9,9,Indemnification,"Other We may amend or update these India Payments Terms. We will provide you notice of amendments to our India Payments Terms, as appropriate, and update the ""Last Modified"" date at the top of our India Payments Terms. Your continued use of WhatsApp Pay confirms your acceptance of our India Payments Terms, as amended. If you do not agree to our India",0,low
S002106,WhatsApp,WhatsApp India Payments Terms of Service,WhatsApp India Payments Terms of Service.pdf,10,10,Indemnification,"Payments Terms, as amended, you must stop using WhatsApp Pay. Please review our India Payments Terms from time to time.",0,low
S002107,WhatsApp,WhatsApp India Payments Terms of Service,WhatsApp India Payments Terms of Service.pdf,10,10,Indemnification,You will not transfer any of your rights or obligations under these India Payments Terms to anyone else without our prior written consent.,2,medium
S002108,WhatsApp,WhatsApp India Payments Terms of Service,WhatsApp India Payments Terms of Service.pdf,10,10,Indemnification,Nothing in these India Payments Terms will prevent us from complying with the law.,0,low
S002109,WhatsApp,WhatsApp India Payments Terms of Service,WhatsApp India Payments Terms of Service.pdf,10,10,Indemnification,"Harm to WhatsApp India or Our Users: You must not (or assist others to) access, use, copy, adapt, modify, prepare derivative works based upon, distribute, license, sublicense, transfer, display, perform, or otherwise exploit WhatsApp Pay in impermissible or unauthorized manners, or in ways that burden, impair, or harm us, our systems, our users, or others, including that you must not directly or through automated means: (a) reverse engineer, alter, modify, create derivative works from, decompile, or extract code from our Services; (b) send, store, or transmit viruses or other harmful computer code through or onto our Services; (c) gain or attempt to gain unauthorized access to our Services or systems; (d) interfere with or disrupt the integrity or performance of our Services; (e) create accounts through unauthorized or automated means; (f) collect the information of or about our users in any impermissible or unauthorized manner; (g) sell, resell, rent, or charge for WhatsApp Pay; or (h) distribute or make",0,low
S002110,WhatsApp,WhatsApp India Payments Terms of Service,WhatsApp India Payments Terms of Service.pdf,10,10,Indemnification,WhatsApp Pay available over a network where they could be used by multiple devices at the same time. Acceptable Use of WhatsApp Pay. You must access and use WhatsApp,0,low
S002111,WhatsApp,WhatsApp India Payments Terms of Service,WhatsApp India Payments Terms of Service.pdf,10,10,"Pay only for legal, authorized, and acceptable purposes, according to these","India Payments Terms, WhatsApp Terms, and posted policies, including merchant or billers policies, as may be published from time to time. You will not use (or assist others in using) WhatsApp Pay in ways that are illegal or violate, misappropriate, or infringe the rights of WhatsApp, WhatsApp India, our users, or others, including privacy, publicity, intellectual property, or other proprietary rights. If we disable your access to WhatsApp Pay for a violation of the India Payments Terms, you agree not to create another account without our permission.",0,low
S002112,WhatsApp,WhatsApp India Payments Terms of Service,WhatsApp India Payments Terms of Service.pdf,11,11,"Pay only for legal, authorized, and acceptable purposes, according to these","In order to use WhatsApp Pay, you must not be located in a country subject to U.S. comprehensive embargo or designated by Indian or U.S. authorities on the U.S. Treasury Department's List of Specially Designated Nationals (or equivalent).",0,low
S002113,WhatsApp,WhatsApp India Payments Terms of Service,WhatsApp India Payments Terms of Service.pdf,11,11,"Pay only for legal, authorized, and acceptable purposes, according to these","All of our rights and obligations under these India Payments Terms are freely assignable by us to any of our affiliates or in connection with a merger, acquisition, restructuring, or sale of assets, or by operation of law or otherwise, and we may transfer your information to any of our affiliates, successor entities, or new owner.",0,low
S002114,WhatsApp,WhatsApp India Payments Terms of Service,WhatsApp India Payments Terms of Service.pdf,11,11,"Pay only for legal, authorized, and acceptable purposes, according to these","If we fail to enforce any of these India Payments Terms, it will not be considered a waiver.",0,low
S002115,WhatsApp,WhatsApp India Payments Terms of Service,WhatsApp India Payments Terms of Service.pdf,11,11,"Pay only for legal, authorized, and acceptable purposes, according to these","If any provision of these India Payments Terms is deemed unlawful, void, or for any reason unenforceable, then that provision shall be deemed severable from these India Payments Terms and shall not affect the validity and enforceability of the remaining provisions.",0,low
S002116,WhatsApp,WhatsApp India Payments Terms of Service,WhatsApp India Payments Terms of Service.pdf,11,11,Governing Law and Dispute Resolution,These India Payments Terms are governed by the laws of India without regard to conflict of law principles.,0,low
S002117,WhatsApp,WhatsApp India Payments Terms of Service,WhatsApp India Payments Terms of Service.pdf,11,11,You agree that any dispute arising out of or in relation to the India,Payments Terms shall be brought exclusively in the competent courts in the State of Telangana.,0,low
S002118,WhatsApp,WhatsApp India Payments Terms of Service,WhatsApp India Payments Terms of Service.pdf,11,11,You agree that any dispute arising out of or in relation to the India,"Availability and Termination of WhatsApp Pay Availability of Our Services. WhatsApp Pay may be interrupted, including for maintenance, repairs, upgrades, or network or equipment failures. We may discontinue WhatsApp Pay, including certain features and the support for certain devices and platforms, at any time. Events beyond our control may affect WhatsApp Pay, such as events in nature and other force majeure events.",0,low
S002119,WhatsApp,WhatsApp India Payments Terms of Service,WhatsApp India Payments Terms of Service.pdf,12,12,You agree that any dispute arising out of or in relation to the India,"Termination. We may modify, suspend, or terminate your access to or use of WhatsApp Pay anytime for any reason, such as if you violate the letter or spirit of these India Payments Terms or create harm, risk, or possible legal exposure for us, our users, or others, or due to our inability to provide Payments. The following provisions will survive any termination of your relationship with WhatsApp India: ""Licenses,"" ""Disclaimers,"" ""Limitation of Liability,"" ""Indemnification,"" ""Dispute Resolution,"" ""Availability and Termination of our Services,"" and ""Other"".",0,low
S002120,WhatsApp,WhatsApp India Payments Terms of Service,WhatsApp India Payments Terms of Service.pdf,12,12,Accessing these India Payment Terms in different languages,"To access these India Payment Terms in certain other languages, change the language setting for your WhatsApp session. If these India Payment",0,low
S002121,WhatsApp,WhatsApp India Payments Terms of Service,WhatsApp India Payments Terms of Service.pdf,12,12,Accessing these India Payment Terms in different languages,"Terms are not available in the language you select, you and we will default to the English version. In case of conflict between versions of these India Payment Terms in different languages, the English version shall prevail.",0,low
S002122,WhatsApp,WhatsApp India Payments Terms of Service,WhatsApp India Payments Terms of Service.pdf,12,12,Accessing these India Payment Terms in different languages,UPI Payments Terms Required by NPCI What is NPCI? NPCI is an authorized payment system operator by RBI. NPCI owns and operates the UPI payment system. What is a PSP bank?,0,low
S002123,WhatsApp,WhatsApp India Payments Terms of Service,WhatsApp India Payments Terms of Service.pdf,12,12,Accessing these India Payment Terms in different languages,PSP is the banking company authorized to act as a Payment Service Provider (PSP) under the UPI framework. PSP engages the TPAP to provide UPI services to the end-user customers. What are TPAPs?,0,low
S002124,WhatsApp,WhatsApp India Payments Terms of Service,WhatsApp India Payments Terms of Service.pdf,12,12,Accessing these India Payment Terms in different languages,Third Party Application Provider (TPAP) is the entity that provides the UPI compliant app to the end-user customers to facilitate UPI based payment transactions. What is a customer's bank?,0,low
S002125,WhatsApp,WhatsApp India Payments Terms of Service,WhatsApp India Payments Terms of Service.pdf,13,13,Accessing these India Payment Terms in different languages,The bank where the end-user customer maintains his/her account and has linked the account for the purpose of debiting/crediting the payment transactions made through UPI. Who is an end-user customer?,0,low
S002126,WhatsApp,WhatsApp India Payments Terms of Service,WhatsApp India Payments Terms of Service.pdf,13,13,Accessing these India Payment Terms in different languages,"The end-user customer is the individual who uses UPI payment facility to send and receive payments. UPI Participants' Roles and Responsibilities. You can find more information about the roles and responsibilities of UPI participants here. We hereby confirm that for Payments:  We, WhatsApp India, are a TPAP authorized by NPCI to facilitate payments through ICICI Bank, Axis Bank, HDFC Bank, and State Bank of India, and any other PSP NPCI may permit. We are a service provider and we participate in UPI through PSP banks.  We are bound by the tripartite agreement entered with the sponsor",0,low
S002127,WhatsApp,WhatsApp India Payments Terms of Service,WhatsApp India Payments Terms of Service.pdf,13,13,Accessing these India Payment Terms in different languages,"PSPs - HDFC Bank, ICICI Bank, Axis Bank, and State Bank of India, and NPCI. We are responsible for facilitating grievances / complaints resolution of the customers on-boarded on our UPI application.",1,medium
S002128,WhatsApp,WhatsApp India Payments Terms of Service,WhatsApp India Payments Terms of Service.pdf,13,13,Accessing these India Payment Terms in different languages,"You can learn more about how to contact the Grievance Officer in India here.  We shall be the first point of contact for all UPI related grievances/complaints for customers on-boarded by us. In case the complaint/grievance remains unresolved, the next level for escalation will be the PSP Bank, followed by the bank (where you maintain the account) and NPCI in the same order. After exercising these options, you can approach the Banking Ombudsman and / or the Ombudsman for Digital Complaints, as the case may be. You can learn more about the dispute redressal mechanism here.",2,medium
S002129,WhatsApp,WhatsApp Messaging Guidelines,WhatsApp Messaging Guidelines.pdf,1,1,WhatsApp Messaging Guidelines,"WhatsApp is a simple, secure and reliable way to send messages and make calls. No one, not even WhatsApp, can see your personal messages which are end-to-end encrypted by default. These Messaging Guidelines (these “Guidelines”) apply to 1:1 chats, calls, group chats, and communities. Status updates are also subject to these Guidelines.",1,medium
S002130,WhatsApp,WhatsApp Messaging Guidelines,WhatsApp Messaging Guidelines.pdf,1,1,WhatsApp Messaging Guidelines,"Use of the WhatsApp Messenger Application is governed by our Terms of Service and these Guidelines. The use of our Business Services, including the WhatsApp Business Application and the WhatsApp Business Platform are governed by the WhatsApp Business Terms of Service and business policies, in addition to these Guidelines.",0,low
S002131,WhatsApp,WhatsApp Messaging Guidelines,WhatsApp Messaging Guidelines.pdf,1,1,WhatsApp Messaging Guidelines,"WhatsApp may take action against violations of our Terms of Service or these Guidelines, based on the limited information available to WhatsApp, including basic account, group, and community profile information, as well as messages reported by other users. Your personal messages and calls are always protected by end-to-end encryption.  Do not share illegal content or engage in illegal activity This includes content that sexually exploits or endangers children (including child sexual abuse material) or that supports designated terrorist organizations or individuals. Do not share intellectual property you do not have a right to use. Do not organize or coordinate violent crimes, violence against others, human trafficking, or trade in illicit drugs.  Do not engage in adversarial behavior. This includes efforts to undermine WhatsApp integrity systems, abuse reporting tools, compromise user accounts, scrape data, or use unofficial clients, bulk messaging, auto-messaging, auto-dialing, or automation to harm WhatsApp or our users.",2,medium
S002132,WhatsApp,WhatsApp Messaging Guidelines,WhatsApp Messaging Guidelines.pdf,2,2,WhatsApp Messaging Guidelines," Do not engage in fraud or spam This includes repeated unwanted contact with WhatsApp users, and activity that scams or defrauds",0,low
S002133,WhatsApp,WhatsApp Messaging Guidelines,WhatsApp Messaging Guidelines.pdf,2,2,WhatsApp Messaging Guidelines,WhatsApp or our users through purposeful deception or impersonation.,0,low
S002134,WhatsApp,WhatsApp Messaging Guidelines,WhatsApp Messaging Guidelines.pdf,2,2,WhatsApp Messaging Guidelines,"Users can report WhatsApp contacts, groups, communities, status updates, or specific messages that potentially violate these Guidelines. You can learn more about how to report on WhatsApp here. For information on how to report potential intellectual property violations, please see here.",0,low
S002135,WhatsApp,WhatsApp Messaging Guidelines,WhatsApp Messaging Guidelines.pdf,2,2,How We Apply the Messaging Guidelines,"WhatsApp may use both automated processing techniques and human review teams to detect and review information available to us including account, group, and community profile information, as well as reported messages, for potential violations of these Guidelines.",0,low
S002136,WhatsApp,WhatsApp Messaging Guidelines,WhatsApp Messaging Guidelines.pdf,2,2,Automated Processing,Automated data processing is central to our review process and automates decisions for certain areas where account behavior or reported message content is highly likely to be in violation of these Guidelines.,0,low
S002137,WhatsApp,WhatsApp Messaging Guidelines,WhatsApp Messaging Guidelines.pdf,2,2,Automated Processing,"Automation also helps us prioritize and expedite reviews by routing potentially violating accounts, groups, or communities to human reviewers who have the right subject matter and language expertise, so our teams can focus on the most important cases first.",0,low
S002138,WhatsApp,WhatsApp Messaging Guidelines,WhatsApp Messaging Guidelines.pdf,2,2,Human Review Teams,"When an account, group or community requires further review, our automated systems send it to a human review team to make the final decision. Our human review teams are located across the globe, receive indepth training, and often specialize in certain policy areas and regions, and are able to review account information and reported messages. Personal messages are protected by end-to-end encryption. Our automated systems learn and improve from each decision.",1,medium
S002139,WhatsApp,WhatsApp Messaging Guidelines,WhatsApp Messaging Guidelines.pdf,3,3,"When governments believe accounts, groups, or communities on","WhatsApp violate local law, they may request that we review the account information available to us. Personal messages and calls are always protected by end-to-end encryption. We may also receive court orders to restrict WhatsApp accounts. We always assess the legitimacy and completeness of a government request before taking any action.",2,medium
S002140,WhatsApp,WhatsApp Messaging Guidelines,WhatsApp Messaging Guidelines.pdf,3,3,Actions We May Take,"When we become aware of illegal content or a violation of our terms and policies, we may take action, including the following, and depending on the nature of the content or violation:  Warning users of violations of these Guidelines  Temporarily or permanently suspending an account on our service  Preventing further activity in groups and/or communities [more info here]  Removing violating account or group profile information from our servers  Revoking or blocking use of a group or community’s invite link, and/or  Reporting child sexual abuse material to NCMEC and/or competent authorities",1,medium
S002141,WhatsApp,WhatsApp Messaging Guidelines,WhatsApp Messaging Guidelines.pdf,3,3,Actions We May Take,We may take additional actions as reflected in the WhatsApp Terms of Service.,0,low
S002142,WhatsApp,WhatsApp_TermsOfService_India,WhatsApp_TermsOfService_India.pdf,1,1,About Our Services,"• Privacy And Security Principles. Since we started WhatsApp, we've built our Services with strong privacy and security principles in mind.",0,low
S002143,WhatsApp,WhatsApp_TermsOfService_India,WhatsApp_TermsOfService_India.pdf,1,1,About Our Services,"• Connecting You With Other People. We provide, and always strive to improve, ways for you to communicate with other WhatsApp users including through messages, voice and video calls, sending images and video, showing your status, and sharing your location with others when you choose. We may provide a convenient platform that enables you to send and receive money to or from other users across our platform. WhatsApp works with partners, service providers, and affiliated companies to help us provide ways for you to connect with their services.",0,low
S002144,WhatsApp,WhatsApp_TermsOfService_India,WhatsApp_TermsOfService_India.pdf,1,1,About Our Services,• Ways To Improve Our Services. We analyze how you make use of,0,low
S002145,WhatsApp,WhatsApp_TermsOfService_India,WhatsApp_TermsOfService_India.pdf,1,1,About Our Services,"WhatsApp, in order to improve our Services, including helping businesses who use WhatsApp measure the effectiveness and distribution of their services and messages. WhatsApp uses the information it has and also works with partners, service providers, and affiliated companies to do this.",0,low
S002146,WhatsApp,WhatsApp_TermsOfService_India,WhatsApp_TermsOfService_India.pdf,1,1,About Our Services,"• Communicating With Businesses. We provide, and always strive to improve, ways for you and businesses and other organizations, to communicate with each other using our Services, such as through order, transaction, and appointment information, delivery and shipping notifications, product and service updates, and marketing.",0,low
S002147,WhatsApp,WhatsApp_TermsOfService_India,WhatsApp_TermsOfService_India.pdf,1,1,About Our Services,"• Safety, Security, And Integrity. We work to protect the safety, security, and integrity of our Services. This includes appropriately dealing with abusive people and activity violating our Terms. We work to prohibit misuse of our Services including harmful conduct towards others, violations of our Terms and policies, and address situations where we may be able to help support or protect our community. If we learn of people or activity like this, we will take appropriate action, including by removing such people or activity or",0,low
S002148,WhatsApp,WhatsApp_TermsOfService_India,WhatsApp_TermsOfService_India.pdf,2,2,About Our Services,contacting law enforcement. Any such removal will be in accordance with the “Termination” section below.,0,low
S002149,WhatsApp,WhatsApp_TermsOfService_India,WhatsApp_TermsOfService_India.pdf,2,2,About Our Services,"• Enabling Access To Our Services. To operate our global Services, we need to store and distribute content and information in data centers and systems around the world, including outside your country of residence. The use of this global infrastructure is necessary and essential to provide our Services. This infrastructure may be owned or operated by our service providers including affiliated companies.",0,low
S002150,WhatsApp,WhatsApp_TermsOfService_India,WhatsApp_TermsOfService_India.pdf,2,2,About Our Services,"• Affiliated Companies. We are part of the Meta Companies. As part of the Meta Companies, WhatsApp receives information from, and shares information with, the Meta Companies as described in",0,low
S002151,WhatsApp,WhatsApp_TermsOfService_India,WhatsApp_TermsOfService_India.pdf,2,2,About Our Services,"WhatsApp's Privacy Policy, including to provide integrations which enable you to connect your WhatsApp experience with other Meta Company Products; to ensure security, safety, and integrity across the Meta Company Products; and to improve your ads and products experience across the Meta Company Products. Learn more about the Meta Companies and their terms and policies here.",0,low
S002152,WhatsApp,WhatsApp_TermsOfService_India,WhatsApp_TermsOfService_India.pdf,2,2,About Our Services,"NO ACCESS TO EMERGENCY SERVICES: There are important differences between our Services and your mobile phone and a fixed-line telephone and SMS services. Our Services do not provide access to emergency services or emergency services providers, including the police, fire departments, or hospitals, or otherwise connect to public safety answering points. You should ensure you can contact your relevant emergency services providers through a mobile phone, a fixed-line telephone, or other service. Registration. You must register for our Services using accurate information, provide your current mobile phone number, and, if you change it, update your mobile phone number using our in-app change number feature. Address Book. You can use the contact upload feature and provide us, if permitted by applicable laws, with the phone numbers in your mobile address book on a regular basis, including those of both the users of our",0,low
S002153,WhatsApp,WhatsApp_TermsOfService_India,WhatsApp_TermsOfService_India.pdf,3,3,About Our Services,"Services and your other contacts. Learn more about our contact upload feature here. Age. You must be at least 13 years old to register for and use our Services on your own (or such greater age required in your country or territory). If you are under this age, your parent or guardian can create a parentmanaged account for you if it is available in your country or territory. If you are creating a parent-managed account, please read these Terms with your child and ensure that you both understand them. Devices And Software. You must provide certain devices, software, and data connections to use our Services, which we otherwise do not supply. In order to use our Services, you consent to manually or automatically download and install updates to our Services. You also consent to our sending you notifications via our Services from time to time, as necessary to provide our Services to you. Fees And Taxes. You are responsible for all carrier data plans, Internet fees, and other fees and taxes associated with your use of our Services.",3,high
S002154,WhatsApp,WhatsApp_TermsOfService_India,WhatsApp_TermsOfService_India.pdf,3,3,About Our Services,"Privacy Policy And User Data WhatsApp cares about your privacy. WhatsApp’s Privacy Policy describes our data (including message) practices, including the types of information we receive and collect from you, how we use and share this information, and your rights in relation to the processing of information about you.",0,low
S002155,WhatsApp,WhatsApp_TermsOfService_India,WhatsApp_TermsOfService_India.pdf,3,3,About Our Services,"Acceptable Use Of Our Services Our Terms And Policies. You must use our Services according to our Terms and posted policies. If you violate our Terms or policies, we may take action with respect to your account, including disabling or suspending your account and, if we do, you agree not to create another account without our permission. Disabling or suspending your account will be in accordance with the ""Termination"" section below. Legal And Acceptable Use. You must access and use our Services only for legal, authorized, and acceptable purposes. You will not use (or assist",0,low
S002156,WhatsApp,WhatsApp_TermsOfService_India,WhatsApp_TermsOfService_India.pdf,4,4,About Our Services,"others in using) our Services in ways that: (a) violate, misappropriate, or infringe the rights of WhatsApp, our users, or others, including privacy, publicity, intellectual property, or other proprietary rights; (b) are illegal, obscene, defamatory, threatening, intimidating, harassing, hateful, racially or ethnically offensive, or instigate or encourage conduct that would be illegal or otherwise inappropriate, such as promoting violent crimes, endangering or exploiting children or others, or coordinating harm; (c) involve publishing falsehoods, misrepresentations, or misleading statements; (d) impersonate someone; (e) involve sending illegal or impermissible communications such as bulk messaging, auto-messaging, auto-dialing, and the like; or (f) involve any non-personal use of our Services unless otherwise authorized by us. Harm To WhatsApp Or Our Users.",1,medium
S002157,WhatsApp,WhatsApp_TermsOfService_India,WhatsApp_TermsOfService_India.pdf,4,4,About Our Services,"You must not (or assist others to) directly, indirectly, through automated or other means, access, use, copy, adapt, modify, prepare derivative works based upon, distribute, license, sublicense, transfer, display, perform, or otherwise exploit our Services in impermissible or unauthorized manners, or in ways that burden, impair, or harm us, our Services, systems, our users, or others, including that you must not directly or through automated means: (a) reverse engineer, alter, modify, create derivative works from, decompile, or extract code from our Services; (b) send, store, or transmit viruses or other harmful computer code through or onto our Services; (c) gain or attempt to gain unauthorized access to our Services or systems; (d) interfere with or disrupt the safety, security, confidentiality, integrity, availability, or performance of our Services; (e) create accounts for our Services through unauthorized or automated means; (f) collect information of or about our users in any impermissible or unauthorized manner; (g) sell, resell, rent, or charge for our Services or data obtained from us or our Services in an unauthorized manner; (h) distribute or make our Services available over a network where they could be used by multiple devices at the same time, except as authorized through tools we have expressly provided via our Services; (i) create software or APIs that function substantially the same as our Services and offer them for use by third parties in an unauthorized manner; or (j) misuse any reporting channels, such as by submitting fraudulent or groundless reports or appeals.",0,low
S002158,WhatsApp,WhatsApp_TermsOfService_India,WhatsApp_TermsOfService_India.pdf,5,5,About Our Services,"Keeping Your Account Secure. You are responsible for keeping your device and your WhatsApp account safe and secure, and you must notify us promptly of any unauthorized use or security breach of your account or our Services.",2,medium
S002159,WhatsApp,WhatsApp_TermsOfService_India,WhatsApp_TermsOfService_India.pdf,5,5,Third-Party Services,"Our Services may allow you to access, use, or interact with third-party websites, apps, content, other products and services, and Meta Company Products. For example, you may choose to use third-party data backup services (such as iCloud or Google Drive) that are integrated with our Services or interact with a share button on a third-party’s website that enables you to send information to your WhatsApp contacts. Please note that these Terms and our Privacy Policy apply only to the use of our Services. When you use third-party products or services or Meta Company",0,low
S002160,WhatsApp,WhatsApp_TermsOfService_India,WhatsApp_TermsOfService_India.pdf,5,5,Third-Party Services,"Products, their terms and privacy policies will govern your use of those products or services.",0,low
S002161,WhatsApp,WhatsApp_TermsOfService_India,WhatsApp_TermsOfService_India.pdf,5,5,Third-Party Services,Licenses Your Rights. WhatsApp does not claim ownership of the information that you submit for your WhatsApp account or through our Services. You must have the necessary rights to such information that you submit for your,0,low
S002162,WhatsApp,WhatsApp_TermsOfService_India,WhatsApp_TermsOfService_India.pdf,5,5,Third-Party Services,"WhatsApp account or through our Services and the right to grant the rights and licenses in our Terms. WhatsApp’s Rights. We own all copyrights, trademarks, domains, logos, trade dress, trade secrets, patents, and other intellectual property rights associated with our Services. You may not use our copyrights, trademarks (or any similar marks), domains, logos, trade dress, trade secrets, patents, and other intellectual property rights unless you have our express permission and except in accordance with our Brand Guidelines. You may use the trademarks of our affiliated companies only with their permission, including as authorized in any published brand guidelines. Your License To WhatsApp. In order to operate and provide our Services, you grant WhatsApp a worldwide, non-exclusive, royalty-free,",0,low
S002163,WhatsApp,WhatsApp_TermsOfService_India,WhatsApp_TermsOfService_India.pdf,6,6,Third-Party Services,"sublicensable, and transferable license to use, reproduce, distribute, create derivative works of, display, and perform the information (including the content) that you upload, submit, store, send, or receive on or through our Services. The rights you grant in this license are for the limited purpose of operating and providing our Services (such as to allow us to display your profile picture and status message, transmit your messages, and store your undelivered messages on our servers for up to 30 days as we try to deliver them). WhatsApp’s License To You. We grant you a limited, revocable, nonexclusive, non-sublicensable, and non-transferable license to use our Services, subject to and in accordance with our Terms. This license is for the sole purpose of enabling you to use our Services in the manner permitted by our Terms. No licenses or rights are granted to you by implication or otherwise, except for the licenses and rights expressly granted to you.",0,low
S002164,WhatsApp,WhatsApp_TermsOfService_India,WhatsApp_TermsOfService_India.pdf,6,6,Intellectual Property Infringement,"To report claims of third-party copyright, trademark, or other intellectual property infringement, please visit our Intellectual Property Policy. We may take action with respect to your account, including disabling or suspending your account, if you clearly, seriously or repeatedly infringe the intellectual property rights of others or where we are required to do so for legal reasons. Disabling or suspending your account will be in accordance with the ""Termination"" section below.",0,low
S002165,WhatsApp,WhatsApp_TermsOfService_India,WhatsApp_TermsOfService_India.pdf,6,6,Disclaimers And Release,YOU USE OUR SERVICES AT YOUR OWN RISK AND SUBJECT TO THE FOLLOWING DISCLAIMERS. WE ARE PROVIDING OUR SERVICES ON AN “AS IS” BASIS WITHOUT ANY EXPRESS OR,0,low
S002166,WhatsApp,WhatsApp_TermsOfService_India,WhatsApp_TermsOfService_India.pdf,6,6,"WARRANTIES OF MERCHANTABILITY, FITNESS FOR A PARTICULAR","PURPOSE, TITLE, NON-INFRINGEMENT, AND FREEDOM FROM COMPUTER VIRUS OR OTHER HARMFUL CODE. WE DO NOT",0,low
S002167,WhatsApp,WhatsApp_TermsOfService_India,WhatsApp_TermsOfService_India.pdf,7,7,"OPERATIONAL, ERROR FREE, SECURE, OR SAFE, OR THAT OUR","SERVICES WILL FUNCTION WITHOUT DISRUPTIONS, DELAYS, OR IMPERFECTIONS. WE DO NOT CONTROL, AND ARE NOT",0,low
S002168,WhatsApp,WhatsApp_TermsOfService_India,WhatsApp_TermsOfService_India.pdf,7,7,"RESPONSIBLE FOR, CONTROLLING HOW OR WHEN OUR USERS","USE OUR SERVICES OR THE FEATURES, SERVICES, AND INTERFACES OUR SERVICES PROVIDE. WE ARE NOT RESPONSIBLE",0,low
S002169,WhatsApp,WhatsApp_TermsOfService_India,WhatsApp_TermsOfService_India.pdf,7,7,FOR AND ARE NOT OBLIGATED TO CONTROL THE ACTIONS OR,"INFORMATION (INCLUDING CONTENT) OF OUR USERS OR OTHER THIRD-PARTIES. YOU RELEASE US, OUR SUBSIDIARIES,",0,low
S002170,WhatsApp,WhatsApp_TermsOfService_India,WhatsApp_TermsOfService_India.pdf,7,7,"AFFILIATES, AND OUR AND THEIR DIRECTORS, OFFICERS,","EMPLOYEES, PARTNERS, AND AGENTS (TOGETHER, THE “WHATSAPP PARTIES”) FROM ANY CLAIM, COMPLAINT, CAUSE OF",1,medium
S002171,WhatsApp,WhatsApp_TermsOfService_India,WhatsApp_TermsOfService_India.pdf,7,7,"AFFILIATES, AND OUR AND THEIR DIRECTORS, OFFICERS,","ACTION, CONTROVERSY, DISPUTE, OR DAMAGES (TOGETHER, “CLAIM”), KNOWN AND UNKNOWN, RELATING TO, ARISING OUT OF,",0,low
S002172,WhatsApp,WhatsApp_TermsOfService_India,WhatsApp_TermsOfService_India.pdf,7,7,"AFFILIATES, AND OUR AND THEIR DIRECTORS, OFFICERS,",OR IN ANY WAY CONNECTED WITH ANY SUCH CLAIM YOU HAVE AGAINST ANY THIRD-PARTIES. YOUR RIGHTS WITH RESPECT TO,0,low
S002173,WhatsApp,WhatsApp_TermsOfService_India,WhatsApp_TermsOfService_India.pdf,7,7,DISCLAIMER IF THE LAWS OF YOUR COUNTRY OR TERRITORY OF,"RESIDENCE, APPLICABLE AS A RESULT OF YOUR USE OF OUR SERVICES, DO NOT PERMIT IT. IF YOU ARE A UNITED STATES",0,low
S002174,WhatsApp,WhatsApp_TermsOfService_India,WhatsApp_TermsOfService_India.pdf,7,7,DISCLAIMER IF THE LAWS OF YOUR COUNTRY OR TERRITORY OF,"RESIDENT, YOU WAIVE ANY RIGHTS YOU MAY HAVE UNDER CALIFORNIA CIVIL CODE §1542, OR ANY OTHER SIMILAR",0,low
S002175,WhatsApp,WhatsApp_TermsOfService_India,WhatsApp_TermsOfService_India.pdf,7,7,"OF EXECUTING THE RELEASE, AND THAT IF KNOWN BY HIM OR HER",WOULD HAVE MATERIALLY AFFECTED HIS OR HER SETTLEMENT WITH THE DEBTOR OR RELEASED PARTY.,0,low
S002176,WhatsApp,WhatsApp_TermsOfService_India,WhatsApp_TermsOfService_India.pdf,8,8,"SERVICES (HOWEVER CAUSED AND ON ANY THEORY OF LIABILITY,","INCLUDING NEGLIGENCE), EVEN IF THE WHATSAPP PARTIES HAVE BEEN ADVISED OF THE POSSIBILITY OF SUCH DAMAGES. OUR",0,low
S002177,WhatsApp,WhatsApp_TermsOfService_India,WhatsApp_TermsOfService_India.pdf,8,8,"WAY IN CONNECTION WITH OUR TERMS, US, OR OUR SERVICES",WILL NOT EXCEED THE GREATER OF ONE HUNDRED DOLLARS ($100) OR THE AMOUNT YOU HAVE PAID US IN THE PAST TWELVE MONTHS. THE FOREGOING DISCLAIMER OF CERTAIN DAMAGES,0,low
S002178,WhatsApp,WhatsApp_TermsOfService_India,WhatsApp_TermsOfService_India.pdf,8,8,"WAY IN CONNECTION WITH OUR TERMS, US, OR OUR SERVICES",AND LIMITATION OF LIABILITY WILL APPLY TO THE MAXIMUM EXTENT PERMITTED BY APPLICABLE LAW. THE LAWS OF SOME,0,low
S002179,WhatsApp,WhatsApp_TermsOfService_India,WhatsApp_TermsOfService_India.pdf,8,8,"LIMITATION OF CERTAIN DAMAGES, SO SOME OR ALL OF THE",EXCLUSIONS AND LIMITATIONS SET FORTH ABOVE MAY NOT APPLY TO YOU. NOTWITHSTANDING ANYTHING TO THE CONTRARY IN OUR,0,low
S002180,WhatsApp,WhatsApp_TermsOfService_India,WhatsApp_TermsOfService_India.pdf,8,8,"TERMS, IN SUCH CASES, THE LIABILITY OF THE WHATSAPP",PARTIES WILL BE LIMITED TO THE FULLEST EXTENT PERMITTED BY APPLICABLE LAW.,0,low
S002181,WhatsApp,WhatsApp_TermsOfService_India,WhatsApp_TermsOfService_India.pdf,8,8,"TERMS, IN SUCH CASES, THE LIABILITY OF THE WHATSAPP","Indemnification If anyone brings a claim (""Third-Party Claim"") against us related to your actions, information, or content on WhatsApp, or any other use of our",0,low
S002182,WhatsApp,WhatsApp_TermsOfService_India,WhatsApp_TermsOfService_India.pdf,8,8,"TERMS, IN SUCH CASES, THE LIABILITY OF THE WHATSAPP","Services by you, you will, to the maximum extent permitted by applicable law, indemnify, and hold the WhatsApp Parties harmless from and against all liabilities, damages, losses, and expenses of any kind (including reasonable legal fees and costs) relating to, arising out of, or in any way in connection with any of the following: (a) your access to or use of our",0,low
S002183,WhatsApp,WhatsApp_TermsOfService_India,WhatsApp_TermsOfService_India.pdf,8,8,"TERMS, IN SUCH CASES, THE LIABILITY OF THE WHATSAPP","Services, including information and content provided in connection therewith; (b) your breach of our Terms or applicable law; or (c) any misrepresentation made by you. You will cooperate as fully as required by us in the defense or settlement of any Third-Party Claim. Your rights with respect to WhatsApp are not modified by the foregoing indemnification if the laws of your country or territory of residence, applicable as a result of your use of our Services, do not permit it.",0,low
S002184,WhatsApp,WhatsApp_TermsOfService_India,WhatsApp_TermsOfService_India.pdf,9,9,"TERMS, IN SUCH CASES, THE LIABILITY OF THE WHATSAPP","Dispute Resolution Forum And Venue. You agree that any claim or cause of action you have against WhatsApp relating to, arising out of, or in any way in connection with our Terms or our Services, and for any claim or cause of action that",0,low
S002185,WhatsApp,WhatsApp_TermsOfService_India,WhatsApp_TermsOfService_India.pdf,9,9,"TERMS, IN SUCH CASES, THE LIABILITY OF THE WHATSAPP","WhatsApp files against you, you and WhatsApp agree that any such claim or cause of action (each, a “Dispute,” and together, “Disputes”) will be resolved exclusively in the United States District Court for the Northern",0,low
S002186,WhatsApp,WhatsApp_TermsOfService_India,WhatsApp_TermsOfService_India.pdf,9,9,District of California or a state court located in San Mateo County in,"California, and you agree to submit to the personal jurisdiction of such courts for the purpose of litigating any such claim or cause of action, and the laws of the State of California will govern any such claim or cause of action without regard to conflict of law provisions. Without prejudice to the foregoing, you agree that, in our sole discretion, we may elect to resolve any Dispute we have with you in any competent court in the country in which you reside (i.e., India) that has jurisdiction over the Dispute. Governing Law. The laws of the State of California govern our Terms, as well as any Disputes, whether in court or arbitration, which might arise between WhatsApp and you, without regard to conflict of law provisions. Time Limit To Bring A Claim Or Dispute. THESE TERMS ALSO LIMIT",0,low
S002187,WhatsApp,WhatsApp_TermsOfService_India,WhatsApp_TermsOfService_India.pdf,9,9,"THE TIME TO START AN ARBITRATION OR, IF PERMISSIBLE, A","COURT ACTION OR SMALL CLAIMS PROCEEDING TO THE FULLEST EXTENT PERMITTED BY APPLICABLE LAW. We and you agree that for any Dispute (except for the Excluded Disputes defined below) we and you must bring Claims (including commencing an arbitration proceeding) within one year after the Dispute first arose; otherwise, such Dispute is permanently barred. This means that if we or you do not bring a Claim (including commencing an arbitration) within one year after the Dispute first arose, then the arbitration will be dismissed because it was started too late.",0,low
S002188,WhatsApp,WhatsApp_TermsOfService_India,WhatsApp_TermsOfService_India.pdf,9,9,"THE TIME TO START AN ARBITRATION OR, IF PERMISSIBLE, A","Availability And Termination Of Our Services Availability Of Our Services. We are always trying to improve our Services. That means we may expand, add, or remove our Services,",0,low
S002189,WhatsApp,WhatsApp_TermsOfService_India,WhatsApp_TermsOfService_India.pdf,10,10,"THE TIME TO START AN ARBITRATION OR, IF PERMISSIBLE, A","features, functionalities, and the support of certain devices and platforms.",0,low
S002190,WhatsApp,WhatsApp_TermsOfService_India,WhatsApp_TermsOfService_India.pdf,10,10,"THE TIME TO START AN ARBITRATION OR, IF PERMISSIBLE, A","Our Services may be interrupted, including for maintenance, repairs, upgrades, or network or equipment failures. We may discontinue some or all of our Services, including certain features and the support for certain devices and platforms, at any time. Events beyond our control may affect our Services, such as events in nature and other force majeure events.",0,low
S002191,WhatsApp,WhatsApp_TermsOfService_India,WhatsApp_TermsOfService_India.pdf,10,10,"We may modify, suspend, or terminate your access to or use of our","Services anytime for any reason, such as if you violate the letter or spirit of our Terms or create harm, risk, or possible legal exposure for us, our users, or others. We may also disable or delete your account if it does not become active after account registration or if it remains inactive for an extended period of time. The following provisions will survive any termination of your relationship with WhatsApp: ""Licenses,"" ""Disclaimers And Release,"" ""Limitation Of Liability,"" ""Indemnification,"" ""Dispute Resolution,"" ""Availability Of Our Services,"" and ""Other.""",0,low
S002192,WhatsApp,WhatsApp_TermsOfService_India,WhatsApp_TermsOfService_India.pdf,10,10,Other,"• Unless a mutually executed agreement between you and us states otherwise, our Terms make up the entire agreement between you and us regarding WhatsApp and our Services, and supersede any prior agreements.",0,low
S002193,WhatsApp,WhatsApp_TermsOfService_India,WhatsApp_TermsOfService_India.pdf,10,10,Other,• We reserve the right to designate in the future that certain of our,0,low
S002194,WhatsApp,WhatsApp_TermsOfService_India,WhatsApp_TermsOfService_India.pdf,10,10,Other,"Services are governed by separate terms (where, as applicable, you may separately consent).",1,medium
S002195,WhatsApp,WhatsApp_TermsOfService_India,WhatsApp_TermsOfService_India.pdf,10,10,Other,• Our Services are not intended for distribution to or use in any country or territory where such distribution or use would violate local law or would subject us to any regulations in another country or territory. We reserve the right to limit our Services in any country or territory.,0,low
S002196,WhatsApp,WhatsApp_TermsOfService_India,WhatsApp_TermsOfService_India.pdf,10,10,Other,"• You will comply with all applicable United States and non-United States export control and trade sanctions laws (""Export Laws""). You will not, directly or indirectly, export, re-export, provide, or otherwise transfer our Services: (a) to any individual, entity, territory, or country prohibited by Export Laws; (b) to anyone on United States or non-",0,low
S002197,WhatsApp,WhatsApp_TermsOfService_India,WhatsApp_TermsOfService_India.pdf,11,11,Other,"United States government restricted parties lists; or (c) for any purpose prohibited by Export Laws, including nuclear, chemical, or biological weapons, or missile technology applications without the required government authorizations. You will not use or download our",0,low
S002198,WhatsApp,WhatsApp_TermsOfService_India,WhatsApp_TermsOfService_India.pdf,11,11,Other,"Services if you are located in a restricted country or territory, if you are currently listed on any United States or non-United States restricted parties list, or for any purpose prohibited by Export Laws, and you will not disguise your location through IP proxying or other methods.",0,low
S002199,WhatsApp,WhatsApp_TermsOfService_India,WhatsApp_TermsOfService_India.pdf,11,11,Other,"• Our Terms are written in English (United States). Any translated version is provided solely for your convenience. To the extent any translated version of our Terms conflicts with the English version, the English version controls.",0,low
S002200,WhatsApp,WhatsApp_TermsOfService_India,WhatsApp_TermsOfService_India.pdf,11,11,Other,Any amendment to or waiver proposed by you of our Terms requires our express consent.,1,medium
S002201,WhatsApp,WhatsApp_TermsOfService_India,WhatsApp_TermsOfService_India.pdf,11,11,Other,"• We may amend or update these Terms. We will provide you notice of material amendments to our Terms, as appropriate, and update the ""Effective Date"" at the top of our Terms. Your continued use of our Services confirms your acceptance of our Terms, as amended. We hope you will continue using our Services, but if you do not agree to our Terms, as amended, you must stop using our Services by deleting your account.",0,low
S002202,WhatsApp,WhatsApp_TermsOfService_India,WhatsApp_TermsOfService_India.pdf,11,11,Other,"• All of our rights and obligations under our Terms are freely assignable by us to any of our affiliates or in connection with a merger, acquisition, restructuring, or sale of assets, or by operation of law or otherwise, and we may transfer your information to any of our affiliates, successor entities, or new owner. In the event of such an assignment, these Terms will continue to govern your relationship with such third-party. We hope you will continue using our Services, but if you do not agree to such an assignment, you must stop using our Services by deleting your account after having been notified of the assignment.",0,low
S002203,WhatsApp,WhatsApp_TermsOfService_India,WhatsApp_TermsOfService_India.pdf,12,12,Other,• You will not transfer any of your rights or obligations under our Terms to anyone else without our prior written consent. Children on parentmanaged accounts are permitted to manage their own account when they reach 13 (or the minimum age required in their country or territory).,3,high
S002204,WhatsApp,WhatsApp_TermsOfService_India,WhatsApp_TermsOfService_India.pdf,12,12,Other,• If you created a parent-managed account for a user under 13 (or the minimum age required in your country) and allow them to use our,1,medium
S002205,WhatsApp,WhatsApp_TermsOfService_India,WhatsApp_TermsOfService_India.pdf,12,12,Other,"Services, you are subject to these Terms and responsible for your child’s activity on our Services.",1,medium
S002206,WhatsApp,WhatsApp_TermsOfService_India,WhatsApp_TermsOfService_India.pdf,12,12,Other,• Nothing in our Terms will prevent us from complying with the law.,0,low
S002207,WhatsApp,WhatsApp_TermsOfService_India,WhatsApp_TermsOfService_India.pdf,12,12,Other,"• Except as contemplated herein, our Terms do not give any third-party beneficiary rights.",0,low
S002208,WhatsApp,WhatsApp_TermsOfService_India,WhatsApp_TermsOfService_India.pdf,12,12,Other,"• If we fail to enforce any of our Terms, it will not be considered a waiver.",0,low
S002209,WhatsApp,WhatsApp_TermsOfService_India,WhatsApp_TermsOfService_India.pdf,12,12,Other,"• If any provision of these Terms is found to be unlawful, void, or for any reason unenforceable, then that provision shall be deemed amended to the minimum extent necessary to make it enforceable, and if it cannot be made enforceable then it shall be deemed severable from our Terms and shall not affect the validity and enforceability of the remaining provisions of our Terms, and the remaining portion of our Terms will remain in full force and effect.",0,low
S002210,WhatsApp,WhatsApp_TermsOfService_India,WhatsApp_TermsOfService_India.pdf,12,12,Other,"• We reserve all rights not expressly granted by us to you. In certain jurisdictions, you may have legal rights as a consumer, and our",0,low
S002211,WhatsApp,WhatsApp_TermsOfService_India,WhatsApp_TermsOfService_India.pdf,12,12,Other,Terms are not intended to limit such consumer legal rights that may not be waived by contract.,0,low
S002212,WhatsApp,WhatsApp_TermsOfService_India,WhatsApp_TermsOfService_India.pdf,12,12,Other,• We always appreciate your feedback or other suggestions about,0,low
S002213,WhatsApp,WhatsApp_TermsOfService_India,WhatsApp_TermsOfService_India.pdf,12,12,Other,"WhatsApp and our Services, but you understand that you have no obligation to provide feedback or suggestions and that we may use your feedback or suggestions without any restriction or obligation to compensate you for them.",0,low
S002214,WhatsApp,WhatsappBusinessTermsOfService,WhatsappBusinessTermsOfService.pdf,1,1,WhatsApp Business Services (as defined in the WhatsApp Business,"Terms of Service), enable rich, conversational experiences between businesses and WhatsApp users. Creating valuable experiences for users relies on the compliance of businesses with the WhatsApp Business Messaging Policy below. By using our products, businesses agree to the",0,low
S002215,WhatsApp,WhatsappBusinessTermsOfService,WhatsappBusinessTermsOfService.pdf,1,1,WhatsApp Business Services (as defined in the WhatsApp Business,"WhatsApp Business Messaging Policy, WhatsApp Messaging Guidelines and the WhatsApp Business Terms of Service. The WhatsApp Business Messaging Policy defines what is and isn’t allowed when using the WhatsApp Business Services. If content or actions violate our terms or policies, we may limit or remove your access to WhatsApp Business Services.",0,low
S002216,WhatsApp,WhatsappBusinessTermsOfService,WhatsappBusinessTermsOfService.pdf,1,1,WhatsApp Business Services (as defined in the WhatsApp Business,"This policy, along with the WhatsApp Messaging Guidelines and the WhatsApp Business Terms of Service, govern your use of the WhatsApp Business Services including those listed below: • The WhatsApp Business App",0,low
S002218,WhatsApp,WhatsappBusinessTermsOfService,WhatsappBusinessTermsOfService.pdf,1,1,WhatsApp Business Services (as defined in the WhatsApp Business,• The WhatsApp Business Platform,0,low
S002219,WhatsApp,WhatsappBusinessTermsOfService,WhatsappBusinessTermsOfService.pdf,1,1,WhatsApp Business Services (as defined in the WhatsApp Business,• Other WhatsApp Business offerings or features that we may provide to you in the future.,0,low
S002220,WhatsApp,WhatsappBusinessTermsOfService,WhatsappBusinessTermsOfService.pdf,1,1,1. Create a Quality Experience,• Follow any guidelines and instructions in technical and product documentation.,0,low
S002221,WhatsApp,WhatsappBusinessTermsOfService,WhatsappBusinessTermsOfService.pdf,1,1,1. Create a Quality Experience,"• Maintain a WhatsApp Business profile with customer support contact information and one or more of the following: email address, website address, and/or telephone number. Keep all information accurate and up-to-date. You must not impersonate another business or otherwise mislead customers as to the nature of your business.",0,low
S002222,WhatsApp,WhatsappBusinessTermsOfService,WhatsappBusinessTermsOfService.pdf,1,1,1. Create a Quality Experience,"• Do not impersonate another business or otherwise mislead customers as to the nature of your business. o You may not use the WhatsApp Business Services to impersonate another business or entity, misrepresent your affiliation with a business or entity or otherwise mislead customers as to the nature of your business or activity on our products. We may consider your account to be violating the",0,low
S002223,WhatsApp,WhatsappBusinessTermsOfService,WhatsappBusinessTermsOfService.pdf,1,1,"Business Messaging Policy, the WhatsApp Messaging","Guidelines, and the WhatsApp Business Terms of Service if you pretend to take on someone else’s name, brand, or speak in the voice of another business or entity without permission.",0,low
S002224,WhatsApp,WhatsappBusinessTermsOfService,WhatsappBusinessTermsOfService.pdf,2,2,"Business Messaging Policy, the WhatsApp Messaging","• You may only contact people on WhatsApp if: (a) they have given you their mobile phone number; and (b) you have received opt-in permission from the recipient confirming that they wish to receive subsequent messages or calls from you. o You are solely responsible for determining the method of optin, that you have obtained opt-in in a manner that complies with laws applicable to your communications, and that you have otherwise provided notices and obtained permissions that are required under applicable law. To help ensure a strong user experience, review the best practices suggested below.",1,medium
S002225,WhatsApp,WhatsappBusinessTermsOfService,WhatsappBusinessTermsOfService.pdf,2,2,"Business Messaging Policy, the WhatsApp Messaging","• You must respect all requests (either on or off WhatsApp) by a person to block, discontinue, or otherwise opt out of communications from you via WhatsApp, including removing that person from your contacts list. Do not confuse, deceive, defraud, mislead, spam, or surprise people with your communications.",2,medium
S002226,WhatsApp,WhatsappBusinessTermsOfService,WhatsappBusinessTermsOfService.pdf,2,2,"Business Messaging Policy, the WhatsApp Messaging","• If you believe a WhatsApp account is infringing your intellectual property rights, please consult this page.",0,low
S002227,WhatsApp,WhatsappBusinessTermsOfService,WhatsappBusinessTermsOfService.pdf,2,2,Specific Terms,• You may only initiate conversations using an approved Message Template (as defined in our documentation). Any Message,0,low
S002228,WhatsApp,WhatsappBusinessTermsOfService,WhatsappBusinessTermsOfService.pdf,2,2,Specific Terms,"Template must comply with our terms and these policies, and only be used for its designated purpose. We have the right to review, approve, pause and reject any Message Template at any time.",0,low
S002229,WhatsApp,WhatsappBusinessTermsOfService,WhatsappBusinessTermsOfService.pdf,2,2,Specific Terms,• You may reply to a user message without use of a Message Template as long as it’s within 24 hours of the last user message.,0,low
S002230,WhatsApp,WhatsappBusinessTermsOfService,WhatsappBusinessTermsOfService.pdf,2,2,Specific Terms,"Conversations initiated by users open once the first business reply message is delivered. Outside the 24-hour customer service window, you may only send messages via approved Message Templates.",0,low
S002231,WhatsApp,WhatsappBusinessTermsOfService,WhatsappBusinessTermsOfService.pdf,2,2,Specific Terms,• Standard pricing applies for all conversation categories.,0,low
S002232,WhatsApp,WhatsappBusinessTermsOfService,WhatsappBusinessTermsOfService.pdf,2,2,Specific Terms,"• You may use automation when responding during the 24-hour window, but must also have available prompt, clear, and direct escalation paths. These escalation paths include: o In-Chat Human Agent transfer o Phone number o Email o Web support (on the business website) o In-store visits (ex: visit retail store, bank branch), or o Support form",0,low
S002233,WhatsApp,WhatsappBusinessTermsOfService,WhatsappBusinessTermsOfService.pdf,3,3,3. Protect Data and Comply with Law,"• You are responsible for and must secure all necessary notices, permissions, and consents to collect, use, and share people’s content and information, including maintaining a published privacy policy, and otherwise complying with applicable law.",2,medium
S002234,WhatsApp,WhatsappBusinessTermsOfService,WhatsappBusinessTermsOfService.pdf,3,3,3. Protect Data and Comply with Law,"• Don’t use any data obtained from us about a person you message within WhatsApp, other than the content of message threads, for any purpose other than as reasonably necessary to support messaging with that person.",0,low
S002235,WhatsApp,WhatsappBusinessTermsOfService,WhatsappBusinessTermsOfService.pdf,3,3,3. Protect Data and Comply with Law,"• Don’t share or ask people to share full length individual payment card numbers, financial account numbers, personal ID card numbers, or other sensitive identifiers.",0,low
S002236,WhatsApp,WhatsappBusinessTermsOfService,WhatsappBusinessTermsOfService.pdf,3,3,3. Protect Data and Comply with Law,"• Don’t use WhatsApp for telemedicine or to send or request any health related information, if applicable regulations prohibit distribution of such information to systems that do not meet heightened requirements to handle health related information.",0,low
S002237,WhatsApp,WhatsappBusinessTermsOfService,WhatsappBusinessTermsOfService.pdf,3,3,3. Protect Data and Comply with Law,• You may not forward or otherwise share information from a customer chat with any other customer.,0,low
S002238,WhatsApp,WhatsappBusinessTermsOfService,WhatsappBusinessTermsOfService.pdf,3,3,Restrictions on Use,• We prohibit organizations and/or individuals who have been deemed to be engaged in terrorist or organized criminal activity from using the WhatsApp Business Services.,0,low
S002239,WhatsApp,WhatsappBusinessTermsOfService,WhatsappBusinessTermsOfService.pdf,3,3,Restrictions on Use,"• We prohibit the use of the WhatsApp Business Services to facilitate or organize criminal activity, including exploiting or causing physical, financial, or other harm to people, businesses, or animals.",0,low
S002240,WhatsApp,WhatsappBusinessTermsOfService,WhatsappBusinessTermsOfService.pdf,3,3,Restrictions on Use,"• We prohibit the use of the WhatsApp Business Services for operating, buying, selling, promoting, or otherwise facilitating the exchange of illegal products or services.",0,low
S002241,WhatsApp,WhatsappBusinessTermsOfService,WhatsappBusinessTermsOfService.pdf,3,3,Restrictions on Use,"• We prohibit use of the WhatsApp Business Services for buying, selling, promoting, or otherwise facilitating the exchange of certain regulated or restricted goods and services listed below, as determined in our sole discretion. Please refer to Section 5 Further",0,low
S002242,WhatsApp,WhatsappBusinessTermsOfService,WhatsappBusinessTermsOfService.pdf,3,3,Restrictions on Use,"Guidance on Regulated Verticals for limited exceptions, subject to specific requirements, for promoting specific regulated or restricted goods and services (“Regulated Verticals”). o Firearms o Alcohol and tobacco o Drugs, whether prescription, recreational, or otherwise",0,low
S002243,WhatsApp,WhatsappBusinessTermsOfService,WhatsappBusinessTermsOfService.pdf,4,4,Restrictions on Use,"o Medical and healthcare products o Endangered species (wildlife and plants) o Live non-endangered animals excluding livestock o Hazardous goods and materials o Real, virtual, or fake currency, including ICOs and binary options o Body parts or fluids o Business models, goods, items, or services that we determine may be or are fraudulent, misleading, offensive, or deceptive, or may be or are exploitative, inappropriate, or exert undue pressure on targeted groups o Real Money Gambling and Gaming (Online Gambling and Gaming is a subset of Real Money Gambling and Gaming. See Section 5 and Section 6 for limited exceptions.) o Adult products and services o Dating services o Multi-level marketing o Payday loans, paycheck advances, peer-to-peer lending, debt collection, and bail bonds",0,low
S002244,WhatsApp,WhatsappBusinessTermsOfService,WhatsappBusinessTermsOfService.pdf,4,4,Restrictions on Use,"These prohibitions apply irrespective of the global or local licenses, registrations, or other approvals your business may hold.",0,low
S002245,WhatsApp,WhatsappBusinessTermsOfService,WhatsappBusinessTermsOfService.pdf,4,4,Restrictions on Use,"• Organizations must not wrongfully discriminate or suggest a preference for or against people because of a personal characteristic, included but not limited to, race, ethnicity, color, national origin, citizenship, religion, age, sex, sexual orientation, gender identity, family status, marital status, disability, or medical or genetic condition. Organizations must comply with all applicable laws prohibiting discrimination.",0,low
S002246,WhatsApp,WhatsappBusinessTermsOfService,WhatsappBusinessTermsOfService.pdf,4,4,Restrictions on Use,"• Messages must not contain offensive content, for example sexually explicit materials or nudity, determined at our sole discretion.",0,low
S002247,WhatsApp,WhatsappBusinessTermsOfService,WhatsappBusinessTermsOfService.pdf,4,4,Restrictions on Use,• Organizations that primarily publish news content must be registered as a News Page through Facebook.,0,low
S002248,WhatsApp,WhatsappBusinessTermsOfService,WhatsappBusinessTermsOfService.pdf,4,4,Restrictions on Use,"• If you use Catalogs, or provide any other commerce experiences to sell or otherwise facilitate the exchange of goods or services prohibited by the Meta Commerce Policy, then we may prohibit you from using some or all of the WhatsApp Business Services.",0,low
S002249,WhatsApp,WhatsappBusinessTermsOfService,WhatsappBusinessTermsOfService.pdf,4,4,Verticals,"We allow the use of the WhatsApp Business Platform, for messaging about the Regulated Verticals listed below in this Section 5, in limited countries,",0,low
S002250,WhatsApp,WhatsappBusinessTermsOfService,WhatsappBusinessTermsOfService.pdf,5,5,Verticals,and pursuant to applicable law. The drop-down charts below indicate the specific countries in which you may message about each Regulated Verticals.,0,low
S002251,WhatsApp,WhatsappBusinessTermsOfService,WhatsappBusinessTermsOfService.pdf,5,5,Verticals,Additional Requirements for messaging about Regulated Verticals on the WhatsApp Business Platform: • You are prohibited from messaging about any Regulated Verticals on the WhatsApp Business App.,0,low
S002253,WhatsApp,WhatsappBusinessTermsOfService,WhatsappBusinessTermsOfService.pdf,5,5,Verticals,• You are prohibited from providing any commerce experiences to buy or sell goods or services that are Regulated Verticals (see Policy for WhatsApp Commerce Features below).,0,low
S002254,WhatsApp,WhatsappBusinessTermsOfService,WhatsappBusinessTermsOfService.pdf,5,5,Verticals,"• You must ensure – through technical and organizational measures – that messages are gated per legal age, geographic requirements, and regulatory requirements.",2,medium
S002255,WhatsApp,WhatsappBusinessTermsOfService,WhatsappBusinessTermsOfService.pdf,5,5,Verticals,"• You must comply with all applicable laws, including but not limited to local laws and industry codes.",0,low
S002256,WhatsApp,WhatsappBusinessTermsOfService,WhatsappBusinessTermsOfService.pdf,5,5,Verticals,• You must not use the WhatsApp Business Platform to send messages about Regulated Verticals outside of the allowed countries.,0,low
S002257,WhatsApp,WhatsappBusinessTermsOfService,WhatsappBusinessTermsOfService.pdf,5,5,Verticals,"• You must ensure that you have all required licenses, notices, permits and registrations.",0,low
S002258,WhatsApp,WhatsappBusinessTermsOfService,WhatsappBusinessTermsOfService.pdf,5,5,Verticals,"• You must immediately stop sending messages to users in the allowed country if your required license expires, is modified, or is terminated.",0,low
S002259,WhatsApp,WhatsappBusinessTermsOfService,WhatsappBusinessTermsOfService.pdf,5,5,Verticals,"• WhatsApp Business messaging that promotes alcohol must comply with all applicable local laws, required or established industry codes, guidelines, licenses, and must comply with age and country requirements consistent with applicable local laws.",0,low
S002260,WhatsApp,WhatsappBusinessTermsOfService,WhatsappBusinessTermsOfService.pdf,5,5,Verticals,• Messaging about any Regulated Vertical using the WhatsApp Business Platform may not be sent to people under 18 years of age.,2,medium
S002261,WhatsApp,WhatsappBusinessTermsOfService,WhatsappBusinessTermsOfService.pdf,5,5,Verticals,"• Within Real Money Gambling and Gaming, if your country/region prohibits certain activities such as gambling, games of chance, and/or any other related activities, then your use of business messaging should not include such prohibited activities and should only include those activities which are lawful.",0,low
S002262,WhatsApp,WhatsappBusinessTermsOfService,WhatsappBusinessTermsOfService.pdf,6,6,WhatsApp Business Platform,"To message users to promote online gambling and gaming (a subset of real money gambling and gaming), organizations will need to: • Request permission from Meta Platforms, Inc. using this application form. Note that businesses can only apply to message people in certain countries.",0,low
S002264,WhatsApp,WhatsappBusinessTermsOfService,WhatsappBusinessTermsOfService.pdf,6,6,WhatsApp Business Platform,"• Provide evidence that the online gambling and gaming activities are appropriately licensed by a regulator, or otherwise established as lawful in the countries listed in Section 5 that the business wants to send messages to.",0,low
S002265,WhatsApp,WhatsappBusinessTermsOfService,WhatsappBusinessTermsOfService.pdf,6,6,WhatsApp Business Platform,"We define online gambling and gaming as any product or service where anything of monetary value is included as part of entry or prize. Monetary value includes, but is not limited to, cash or digital currencies like Bitcoin. Online gambling and gaming activities include: • All forms of online gambling. Some common types of gambling include betting, lotteries, raffles, casino games, fantasy sports, bingo, poker, skill game tournaments, and sweepstakes.",0,low
S002267,WhatsApp,WhatsappBusinessTermsOfService,WhatsappBusinessTermsOfService.pdf,6,6,WhatsApp Business Platform,"• Games where anything of monetary value is part of entry, and games where anything of monetary value is part of the prize. This includes games that require purchases to continue gameplay or to provide an advantage in winning prizes (in cases where the prize is of monetary value).",0,low
S002268,WhatsApp,WhatsappBusinessTermsOfService,WhatsappBusinessTermsOfService.pdf,6,6,WhatsApp Business Platform,"• Promotions for online gambling or games, even if there is no opportunity to gamble or game directly within the WhatsApp chat.",0,low
S002269,WhatsApp,WhatsappBusinessTermsOfService,WhatsappBusinessTermsOfService.pdf,6,6,WhatsApp Business Platform,"The following activities do not require permission from Meta to message on the WhatsApp Business Platform. However, organizations engaged in these activities must comply with all applicable local laws.",0,low
S002270,WhatsApp,WhatsappBusinessTermsOfService,WhatsappBusinessTermsOfService.pdf,6,6,WhatsApp Business Platform,"• Physical, real money gambling activity, or establishments like “brick and mortar” casinos, entertainment events at casinos, or the streaming of offline poker tournaments.",0,low
S002271,WhatsApp,WhatsappBusinessTermsOfService,WhatsappBusinessTermsOfService.pdf,7,7,WhatsApp Business Platform,"• State or government lotteries, as long as the business is directly or exclusively responsible for running the lottery.",0,low
S002272,WhatsApp,WhatsappBusinessTermsOfService,WhatsappBusinessTermsOfService.pdf,7,7,WhatsApp Business Platform,"• Prize promotions that involve purchasing a product at the usual retail price, so long as online gambling isn’t the primary business model of the business or any featured brand.",0,low
S002273,WhatsApp,WhatsappBusinessTermsOfService,WhatsappBusinessTermsOfService.pdf,7,7,WhatsApp Business Platform,• Entirely free-to-play games.,0,low
S002274,WhatsApp,WhatsappBusinessTermsOfService,WhatsappBusinessTermsOfService.pdf,7,7,7. Enforcement and Updates,• We may limit or remove your access to or use of the WhatsApp,0,low
S002275,WhatsApp,WhatsappBusinessTermsOfService,WhatsappBusinessTermsOfService.pdf,7,7,7. Enforcement and Updates,"Business Services if you receive significant amounts of negative feedback, cause harm to WhatsApp or our users, violate or encourage others to violate our terms or policies, or to maintain a high quality experience on WhatsApp, as determined by us in our sole discretion.",0,low
S002276,WhatsApp,WhatsappBusinessTermsOfService,WhatsappBusinessTermsOfService.pdf,7,7,7. Enforcement and Updates,• Driving high quality conversations between people and businesses is a top priority. People can block or report businesses and our systems will limit the amount of messages a business can send or calls a business can initiate if the business’ quality tier is low for a sustained period of time.,0,low
S002277,WhatsApp,WhatsappBusinessTermsOfService,WhatsappBusinessTermsOfService.pdf,7,7,7. Enforcement and Updates,"• If you use or operate a service which utilizes WhatsApp in violation of our terms or policies, such as messaging people at scale in an unauthorized manner, we have the right to limit or remove your access to WhatsApp Business Services.",0,low
S002278,WhatsApp,WhatsappBusinessTermsOfService,WhatsappBusinessTermsOfService.pdf,7,7,7. Enforcement and Updates,"• WhatsApp may update this WhatsApp Business Messaging Policy (“Change”) without notice (unless such notice is required by law); by continuing to use the WhatsApp Business Services after such Change, you consent to such Change.",1,medium
S002279,WhatsApp,WhatsappBusinessTermsOfService,WhatsappBusinessTermsOfService.pdf,7,7,7. Enforcement and Updates,• If we terminate your account for violations of the WhatsApp,0,low
S002280,WhatsApp,WhatsappBusinessTermsOfService,WhatsappBusinessTermsOfService.pdf,7,7,7. Enforcement and Updates,"Business Terms of Service, the Business Messaging Policy, or the WhatsApp Messaging Guidelines, we may prohibit you and your organization from all future use of WhatsApp products and services.",0,low
S002281,WhatsApp,WhatsappBusinessTermsOfService,WhatsappBusinessTermsOfService.pdf,7,7,7. Enforcement and Updates,"• WhatsApp may use both technology and human review teams to detect and review reported messages and unencrypted account, group, and business profile information for potential violations.",1,medium
S002282,WhatsApp,WhatsappBusinessTermsOfService,WhatsappBusinessTermsOfService.pdf,7,7,7. Enforcement and Updates,Additional information about how we detect violations of our terms and policies is available in the WhatsApp Messaging Guidelines.,0,low
S002283,WhatsApp,WhatsappBusinessTermsOfService,WhatsappBusinessTermsOfService.pdf,7,7,7. Enforcement and Updates,"To learn more on our Platform Enforcement processes, please visit the WhatsApp Business Platform Policy Enforcement.",0,low
S002284,WhatsApp,WhatsappBusinessTermsOfService,WhatsappBusinessTermsOfService.pdf,8,8,Best Practices,"Best Practices for Opt-In Users should expect the messages and calls they receive. You can set this expectation by: • Obtaining an opt-in that encompasses the different categories of messages that you will send (ex: order updates, relevant offers, product recommendations, etc.)",1,medium
S002286,WhatsApp,WhatsappBusinessTermsOfService,WhatsappBusinessTermsOfService.pdf,8,8,Best Practices,• Obtaining a separate opt-in to initiate a call to a user.,1,medium
S002287,WhatsApp,WhatsappBusinessTermsOfService,WhatsappBusinessTermsOfService.pdf,8,8,Best Practices,• Obtaining separate opt-in by specific message category. o This mitigates the risk that users will block your business because they receive unsolicited messages.,1,medium
S002288,WhatsApp,WhatsappBusinessTermsOfService,WhatsappBusinessTermsOfService.pdf,8,8,Best Practices,"• Provide clear instructions for how people can opt out of receiving specific categories of messages or calls, and honor these requests.",1,medium
S002289,WhatsApp,WhatsappBusinessTermsOfService,WhatsappBusinessTermsOfService.pdf,8,8,Best Practices,• Ensure your opt-in and opt-out flows are clear and intuitive for users.,1,medium
S002290,WhatsApp,WhatsappBusinessTermsOfService,WhatsappBusinessTermsOfService.pdf,8,8,Best Practices,"• Clearly communicate the value of receiving this information. We may also reactively evaluate a business’ opt-in flows, including review of user feedback, to flag policy violations and develop additional types of enforcement over time. Learn more about opt-in.",1,medium
S002291,WhatsApp,WhatsappBusinessTermsOfService,WhatsappBusinessTermsOfService.pdf,8,8,"Services, we enforce on WhatsApp Business Accounts that violate the","WhatsApp Business Messaging Policy, WhatsApp Messaging Guidelines, or WhatsApp Business Terms of Service.",0,low
S002292,WhatsApp,WhatsappBusinessTermsOfService,WhatsappBusinessTermsOfService.pdf,8,8,"Services, we enforce on WhatsApp Business Accounts that violate the","If you believe your account has not violated our policies or terms, please consult the following resources for more information on how to appeal: • For more information on enforcement for the WhatsApp Business",0,low
S002294,WhatsApp,WhatsappBusinessTermsOfService,WhatsappBusinessTermsOfService.pdf,9,9,"Services, we enforce on WhatsApp Business Accounts that violate the","App, including how to appeal, please review the Business Help Center page.",0,low
S002295,WhatsApp,WhatsappBusinessTermsOfService,WhatsappBusinessTermsOfService.pdf,9,9,"Services, we enforce on WhatsApp Business Accounts that violate the",• For more information on enforcement for the WhatsApp Business,0,low
S002296,WhatsApp,WhatsappBusinessTermsOfService,WhatsappBusinessTermsOfService.pdf,9,9,"Services, we enforce on WhatsApp Business Accounts that violate the","Platform, including how to appeal, please review Policy Enforcement – WhatsApp Business Platform.",0,low
S002297,WhatsApp,WhatsappBusinessTermsOfService,WhatsappBusinessTermsOfService.pdf,9,9,"Services, we enforce on WhatsApp Business Accounts that violate the","• For more information on banned accounts, please refer to this article in our Help Center.",0,low
S002298,WhatsApp,WhatsappBusinessTermsOfService,WhatsappBusinessTermsOfService.pdf,9,9,Commerce Features (including offering goods or services for sale),"The Commerce Policy is used to govern whether businesses can sell their products and services using WhatsApp Business Services, such as WhatsApp commerce product features like catalog and payments.",0,low
S002299,WhatsApp,WhatsappBusinessTermsOfService,WhatsappBusinessTermsOfService.pdf,9,9,Commerce Features (including offering goods or services for sale),"If you use Catalogs, or provide any other commerce experiences to sell goods or services, you must comply with the policies and prohibitions listed in the Meta Commerce Policy as well as all applicable terms, laws and regulations.",0,low
S002300,WhatsApp,WhatsappBusinessTermsOfService,WhatsappBusinessTermsOfService.pdf,9,9,Commerce Features (including offering goods or services for sale),"• You are solely responsible for your transactions and providing any sales terms, privacy terms or other terms applicable to your interactions with users.",0,low
S002301,WhatsApp,WhatsappBusinessTermsOfService,WhatsappBusinessTermsOfService.pdf,9,9,Commerce Features (including offering goods or services for sale),"• We are not responsible for processing, paying for, or fulfilling any sales relating to your transactions.",0,low
S002302,WhatsApp,WhatsappBusinessTermsOfService,WhatsappBusinessTermsOfService.pdf,9,9,Commerce Features (including offering goods or services for sale),"• You are solely responsible for determining, collecting, withholding, reporting, and remitting all applicable taxes, duties, fees and additional charges for sales relating to your transactions.",0,low
S002303,WhatsApp,WhatsappBusinessTermsOfService,WhatsappBusinessTermsOfService.pdf,10,10,Policy on Government and Political Use,The following area provides policy guidance on government and political use of the WhatsApp Business Platform.,0,low
S002304,WhatsApp,WhatsappBusinessTermsOfService,WhatsappBusinessTermsOfService.pdf,10,10,Policy on Government and Political Use,• We permit the use of the WhatsApp Business Platform for government entities and require access through a Solution Provider (formerly known as Business Service Provider).,0,low
S002305,WhatsApp,WhatsappBusinessTermsOfService,WhatsappBusinessTermsOfService.pdf,10,10,Policy on Government and Political Use,"• We prohibit the use of the WhatsApp Business Platform by Political Parties, Politicians, Political Candidates, and Political Campaigns.",0,low
S002306,WhatsApp,WhatsappBusinessTermsOfService,WhatsappBusinessTermsOfService.pdf,10,10,Policy on Government and Political Use,• We prohibit the use of the WhatsApp Business Platform by Law,0,low
S002307,WhatsApp,WhatsappBusinessTermsOfService,WhatsappBusinessTermsOfService.pdf,10,10,Policy on Government and Political Use,"Enforcement Agencies, Military Services, National Security and Intelligence Agencies.",0,low
S002308,WhatsApp,WhatsappBusinessTermsOfService,WhatsappBusinessTermsOfService.pdf,10,10,Policy on Government and Political Use,"• We prohibit the use of the WhatsApp Business Platform by entities that offer services related to politics, political candidates, political campaign strategy, political campaigning services, private companies that provide voting solutions and systems for elections, and exclusive government service providers.",0,low
S002309,WhatsApp,WhatsappBusinessTermsOfService,WhatsappBusinessTermsOfService.pdf,10,10,Policy on Government and Political Use,"For more information on government and political use, please visit our Building Community on WhatsApp page. For more information on how to use WhatsApp responsibly please visit our WhatsApp and elections page.",0,low
S002310,WhatsApp,WhatsappCookies,WhatsappCookies.pdf,1,1,About cookies,"Cookies and other technologies are used to store and receive information (including identifiers) on or from computers, mobile phones and other devices. In this policy, we refer to cookies and these other technologies as “cookies”.",0,low
S002311,WhatsApp,WhatsappCookies,WhatsappCookies.pdf,1,1,What does this policy cover,"This policy explains how we use cookies and the choices you have, when you use our web-based Services, our website or our optional features on our Services such as Status and Channels. The Privacy Policy and any supplemental policy which is relevant to your use of our Services applies to our processing of the information we collect through cookies.",0,low
S002312,WhatsApp,WhatsappCookies,WhatsappCookies.pdf,1,1,How we use cookies,"We use cookies to understand, secure, operate, personalise and provide our Services. For example:  Site features and services. We use cookies to provide WhatsApp for web and desktop and other Services that are web-based. For example, we use the wa_lang_pref cookie to remember your choices, such as your language preferences on the website.  Analytics. We use cookies to understand how our website is being used in order to rank the FAQs on our website based on popularity, understand mobile versus desktop users of our web-based Services, or understand popularity and effectiveness of certain of our web pages. For example, we use the wa_ul cookie to count visitors to FAQs so we can rank the FAQs based on popularity.  Security. We use cookies to protect the WhatsApp website. For example, we use the wa_csrf cookie to prevent attacks from bad actors.",0,low
S002313,WhatsApp,WhatsappCookies,WhatsappCookies.pdf,2,2,How we use cookies," Advertising. We use cookies when you use Status and Channels, which are optional, to help show you ads and measure how they perform. For example, we use a unique user identifier that allows us to display the ad correctly to users.",0,low
S002314,WhatsApp,WhatsappCookies,WhatsappCookies.pdf,2,2,How to control cookies,"You can follow the instructions provided by your browser or device (usually located under ""Settings"" or ""Preferences"") to modify your cookie settings.",0,low
S002315,WhatsApp,WhatsappCookies,WhatsappCookies.pdf,2,2,How to control cookies,"Your browser or device may offer settings that allow you to choose whether browser cookies are set and to delete them. These controls vary by browser, and manufacturers may change both the settings they make available and how they work at any time. Additional information about the controls offered by popular browsers can be found at the links below.",0,low
S002316,WhatsApp,WhatsappCookies,WhatsappCookies.pdf,2,2,How to control cookies,Certain parts of WhatsApp Products may not work properly if you have disabled browser cookies.  Google Chrome  Internet Explorer  Firefox  Safari  Safari Mobile  Opera,0,low
S002317,WhatsApp,WhatsappCookies,WhatsappCookies.pdf,2,2,How to control cookies,You can make choices about the information used to show you ads in your Ads preferences. The https://www.whatsapp.com website exclusively uses First-Party cookies.,0,low
S002318,WhatsApp,WhatsAppPrivacyPolicy,WhatsAppPrivacyPolicy.pdf,1,1,,"WhatsApp Legal Info Our Privacy Policy (""Privacy Policy"") helps explain our data practices, including the information we process to provide our Services.",0,low
S002319,WhatsApp,WhatsAppPrivacyPolicy,WhatsAppPrivacyPolicy.pdf,1,1,,"For example, our Privacy Policy talks about what information we collect and how this affects you. It also explains the steps we take to protect your privacy, like building our Services so delivered messages aren’t stored by us and giving you control over who you communicate with on our Services. We are one of the Meta Companies. You can learn more further below in this Privacy Policy about the ways in which we share information across this family of companies. This Privacy Policy applies to all of our Services unless specified otherwise. Please also read WhatsApp’s Terms of Service (""Terms""), which describe the terms under which you use and we provide our Services.",0,low
S002320,WhatsApp,WhatsAppPrivacyPolicy,WhatsAppPrivacyPolicy.pdf,1,1,,"Key Updates Respect for your privacy is coded into our DNA. Since we started WhatsApp, we’ve built our services with a set of strong privacy principles in mind. In our updated Terms of Service and Privacy Policy you’ll find:  Additional Information On How We Handle Your Data. Our updated Terms and Privacy Policy provide more information on how we process your data, and our commitment to privacy. For example, we’ve added more information about more recent product features and functionalities, how we process your data for safety, security, and integrity, and added more direct links to user settings, Help Center articles and how you can manage your information.  Better Communication With Businesses. Many businesses rely on WhatsApp to communicate with their customers and clients. We work with businesses that use Meta or third parties to help store and better manage their communications with you on WhatsApp.",0,low
S002321,WhatsApp,WhatsAppPrivacyPolicy,WhatsAppPrivacyPolicy.pdf,2,2,," Making It Easier To Connect. As part of the Meta Companies,",0,low
S002322,WhatsApp,WhatsAppPrivacyPolicy,WhatsAppPrivacyPolicy.pdf,2,2,,WhatsApp partners with Meta to offer experiences and integrations across Meta’s family of apps and products.,0,low
S002323,WhatsApp,WhatsAppPrivacyPolicy,WhatsAppPrivacyPolicy.pdf,2,2,Information We Collect,"WhatsApp must receive or collect some information to operate, provide, improve, understand, customize, support, and market our Services, including when you install, access, or use our Services.",0,low
S002324,WhatsApp,WhatsAppPrivacyPolicy,WhatsAppPrivacyPolicy.pdf,2,2,Information We Collect,"The types of information we receive and collect depend on how you use our Services. We require certain information to deliver our Services and without this we will not be able to provide our Services to you. For example, you must provide your mobile phone number to create an account to use our Services.",0,low
S002325,WhatsApp,WhatsAppPrivacyPolicy,WhatsAppPrivacyPolicy.pdf,2,2,Information We Collect,"Our Services have optional features which, if used by you, require us to collect additional information to provide such features. You will be notified of such collection, as appropriate. If you choose not to provide the information needed to use a feature, you will be unable to use the feature.",0,low
S002326,WhatsApp,WhatsAppPrivacyPolicy,WhatsAppPrivacyPolicy.pdf,2,2,Information We Collect,"For example, you cannot share your location with your contacts if you do not permit us to collect your location data from your device. Permissions can be managed through your Settings menu on both Android and iOS devices.",0,low
S002327,WhatsApp,WhatsAppPrivacyPolicy,WhatsAppPrivacyPolicy.pdf,2,2,Information We Collect,"Information You Provide  Your Account Information. You must provide your mobile phone number and basic information (including a profile name of your choice) to create a WhatsApp account. If you don’t provide us with this information, you will not be able to create an account to use our Services. You can add other information to your account, such as a profile picture and ""about"" information.  Your Messages. We do not retain your messages in the ordinary course of providing our Services to you. Instead, your messages are stored on your device and not typically stored on our servers. Once your messages are delivered, they are deleted from our servers. The following scenarios describe circumstances where we may store your messages in the course of delivering them: o Undelivered Messages. If a message cannot be delivered immediately (for example, if the recipient is offline), we keep it in encrypted form on our servers for up to 30 days as we try to deliver it. If a message is still undelivered after 30 days, we delete it. o Media Forwarding. When a user forwards media within a message, we store that media temporarily in encrypted form on our servers to aid in more efficient delivery of additional forwards.",2,medium
S002329,WhatsApp,WhatsAppPrivacyPolicy,WhatsAppPrivacyPolicy.pdf,3,3,Information We Collect,"We offer end-to-end encryption for our Services. End-to-end encryption means that your messages are encrypted to protect against us and third parties from reading them. Learn more about end-to-end encryption and how businesses communicate with you on WhatsApp.  Your Connections. You can use the contact upload feature and provide us, if permitted by applicable laws, with the phone numbers in your address book on a regular basis, including those of users of our Services and your other contacts. If any of your contacts aren’t yet using our Services, we’ll manage this information for you in a way that ensures those contacts cannot be identified by us. Learn more about our contact upload feature here. You can create, join, or get added to groups and broadcast lists, and such groups and lists get associated with your account information. You give your groups a name. You can provide a group profile picture or description.  Status Information. You may provide us your status if you choose to include one on your account. Learn how to use status on Android, iPhone, or KaiOS.  Transactions And Payments Data. If you use our payments services, or use our Services meant for purchases or other financial transactions, we process additional information about you, including payment account and transaction information.",1,medium
S002330,WhatsApp,WhatsAppPrivacyPolicy,WhatsAppPrivacyPolicy.pdf,3,3,Information We Collect,Payment account and transaction information includes information needed to complete the,0,low
S002331,WhatsApp,WhatsAppPrivacyPolicy,WhatsAppPrivacyPolicy.pdf,4,4,Information We Collect,"transaction (for example, information about your payment method, shipping details and transaction amount). If you use our payments services available in your country or territory, our privacy practices are described in the applicable payments privacy policy.  Customer Support And Other Communications. When you contact us for customer support or otherwise communicate with us, you may provide us with information related to your use of our",0,low
S002332,WhatsApp,WhatsAppPrivacyPolicy,WhatsAppPrivacyPolicy.pdf,4,4,Information We Collect,"Services, including copies of your messages, any other information you deem helpful, and how to contact you (e.g., an email address).",0,low
S002333,WhatsApp,WhatsAppPrivacyPolicy,WhatsAppPrivacyPolicy.pdf,4,4,Information We Collect,"For example, you may send us an email with information relating to app performance or other issues.",0,low
S002334,WhatsApp,WhatsAppPrivacyPolicy,WhatsAppPrivacyPolicy.pdf,4,4,Information We Collect,"Automatically Collected Information  Usage And Log Information. We collect information about your activity on our Services, like service-related, diagnostic, and performance information. This includes information about your activity (including how you use our Services, your Services settings, how you interact with others using our Services (including when you interact with a business), and the time, frequency, and duration of your activities and interactions), log files, and diagnostic, crash, website, and performance logs and reports. This also includes information about when you registered to use our Services; the features you use like our messaging, calling, Status, groups (including group name, group picture, group description), payments or business features; profile photo, ""about"" information; whether you are online, when you last used our Services (your ""last seen""); and when you last updated your ""about"" information.  Device And Connection Information. We collect device and connection-specific information when you install, access, or use our Services. This includes information such as hardware model, operating system information, battery level, signal strength, app version, browser information, mobile network, connection information (including phone number, mobile operator or ISP), language and time",0,low
S002335,WhatsApp,WhatsAppPrivacyPolicy,WhatsAppPrivacyPolicy.pdf,5,5,Information We Collect,"zone, IP address, device operations information, and identifiers (including identifiers unique to Meta Company Products associated with the same device or account).  Location Information. We collect and use precise location information from your device with your permission when you choose to use location-related features, like when you decide to share your location with your contacts or view locations nearby or locations others have shared with you. There are certain settings relating to location-related information which you can find in your device settings or the in-app settings, such as location sharing. Even if you do not use our location-related features, we use IP addresses and other information like phone number area codes to estimate your general location (e.g., city and country). We also use your location information for diagnostics and troubleshooting purposes.  Cookies. We use cookies to operate and provide our Services, including to provide our Services that are web-based, improve your experiences, understand how our Services are being used, and customize them. For example, we use cookies to provide our Services for web and desktop and other web-based services. We may also use cookies to understand which of our Help Center articles are most popular and to show you relevant content related to our Services.",0,low
S002336,WhatsApp,WhatsAppPrivacyPolicy,WhatsAppPrivacyPolicy.pdf,5,5,Information We Collect,"Additionally, we may use cookies to remember your choices, like your language preferences, to provide a safer experience, and otherwise to customize our Services for you. Learn more about how we use cookies to provide you our Services.",0,low
S002337,WhatsApp,WhatsAppPrivacyPolicy,WhatsAppPrivacyPolicy.pdf,5,5,Information We Collect,"Third-Party Information  Information Others Provide About You. We receive information about you from other users. For example, when other users you know use our Services, they may provide your phone number, name, and other information (like information from their mobile address book) just as you may provide theirs. They may also send you messages, send messages to groups to which you belong, or call",0,low
S002338,WhatsApp,WhatsAppPrivacyPolicy,WhatsAppPrivacyPolicy.pdf,6,6,Information We Collect,"you. We require each of these users to have lawful rights to collect, use, and share your information before providing any information to us.",0,low
S002339,WhatsApp,WhatsAppPrivacyPolicy,WhatsAppPrivacyPolicy.pdf,6,6,Information We Collect,"You should keep in mind that in general any user can capture screenshots of your chats or messages or make recordings of your calls with them and send them to WhatsApp or anyone else, or post them on another platform.  User Reports. Just as you can report other users, other users or third parties may also choose to report to us your interactions and your messages with them or others on our Services; for example, to report possible violations of our Terms or policies. When a report is made, we collect information on both the reporting user and reported user. To find out more about what happens when a user report is made, please see Advanced Safety and Security Features.  Businesses On WhatsApp. Businesses you interact with using our",0,low
S002340,WhatsApp,WhatsAppPrivacyPolicy,WhatsAppPrivacyPolicy.pdf,6,6,Information We Collect,Services may provide us with information about their interactions with you. We require each of these businesses to act in accordance with applicable law when providing any information to us.,0,low
S002341,WhatsApp,WhatsAppPrivacyPolicy,WhatsAppPrivacyPolicy.pdf,6,6,Information We Collect,"When you message with a business on WhatsApp, keep in mind that the content you share may be visible to several people in that business. In addition, some businesses might be working with thirdparty service providers (which may include Meta) to help manage their communications with their customers. For example, a business may give such third-party service provider access to its communications to send, store, read, manage, or otherwise process them for the business. To understand how a business processes your information, including how it might share your information with third parties or Meta, you should review that business’ privacy policy or contact the business directly.  Third-Party Service Providers. We work with third-party service providers and other Meta Companies to help us operate, provide, improve, understand, customize, support, and market our Services. For example, we work with them to distribute our apps; provide our",0,low
S002342,WhatsApp,WhatsAppPrivacyPolicy,WhatsAppPrivacyPolicy.pdf,7,7,Information We Collect,"technical and physical infrastructure, delivery, and other systems; provide engineering support, cybersecurity support, and operational support; supply location, map, and places information; process payments; help us understand how people use our Services; market our Services; help you connect with businesses using our Services; conduct surveys and research for us; ensure safety, security, and integrity; and help with customer service. These companies may provide us with information about you in certain circumstances; for example, app stores may provide us with reports to help us diagnose and fix service issues. The ""How We Work With Other Meta Companies"" section below provides more information about how WhatsApp collects and shares information with the other Meta Companies.  Third-Party Services. We allow you to use our Services in connection with third-party services and Meta Company Products. If you use our Services with such third-party services or Meta",0,low
S002343,WhatsApp,WhatsAppPrivacyPolicy,WhatsAppPrivacyPolicy.pdf,7,7,Information We Collect,"Company Products, we may receive information about you from them; for example, if you use the WhatsApp share button on a news service to share a news article with your WhatsApp contacts, groups, or broadcast lists on our Services, or if you choose to access our Services through a mobile carrier’s or device provider’s promotion of our Services. Please note that when you use third-party services or Meta Company Products, their own terms and privacy policies will govern your use of those services and products.",0,low
S002344,WhatsApp,WhatsAppPrivacyPolicy,WhatsAppPrivacyPolicy.pdf,7,7,How We Use Information,"We use information we have (subject to choices you make and applicable law) to operate, provide, improve, understand, customize, support, and market our Services. Here's how:  Our Services. We use information we have to operate and provide our Services, including providing customer support; completing purchases or transactions; improving, fixing, and customizing our Services; and connecting our Services with Meta Company Products that you may use. We also use information we have to",0,low
S002345,WhatsApp,WhatsAppPrivacyPolicy,WhatsAppPrivacyPolicy.pdf,8,8,How We Use Information,"understand how people use our Services; evaluate and improve our Services; research, develop, and test new services and features; and conduct troubleshooting activities. We also use your information to respond to you when you contact us.  Safety, Security, And Integrity. Safety, security, and integrity are an integral part of our Services. We use information we have to verify accounts and activity; combat harmful conduct; protect users against bad experiences and spam; and promote safety, security, and integrity on and off our Services, such as by investigating suspicious activity or violations of our Terms and policies, and to ensure our Services are being used legally. Please see the Law, Our Rights and Protection section below for more information.  Communications About Our Services And The Meta Companies.",0,low
S002346,WhatsApp,WhatsAppPrivacyPolicy,WhatsAppPrivacyPolicy.pdf,8,8,We use information we have to communicate with you about our,"Services and let you know about our terms, policies, and other important updates. We may provide you marketing for our Services and those of the Meta Companies.  No Third-Party Banner Ads. We still do not allow third-party banner ads on our Services. We have no intention to introduce them, but you may see other types of ads in Status and Channels.  Business Interactions. We enable you and third parties, like businesses, to communicate and interact with each other using our",0,low
S002347,WhatsApp,WhatsAppPrivacyPolicy,WhatsAppPrivacyPolicy.pdf,8,8,We use information we have to communicate with you about our,"Services, such as Catalogs for businesses on WhatsApp through which you can browse products and services and place orders.",0,low
S002348,WhatsApp,WhatsAppPrivacyPolicy,WhatsAppPrivacyPolicy.pdf,8,8,We use information we have to communicate with you about our,"Businesses may send you transaction, appointment, and shipping notifications; product and service updates; and marketing. For example, you may receive flight status information for upcoming travel, a receipt for something you purchased, or a notification when a delivery will be made. Messages you receive from a business could include an offer for something that might interest you. We do not want you to have a spammy experience; as with all of your messages, you can manage these communications, and we will honor the choices you make.",0,low
S002349,WhatsApp,WhatsAppPrivacyPolicy,WhatsAppPrivacyPolicy.pdf,9,9,You share your information as you use and communicate through our,"Services, and we share your information to help us operate, provide, improve, understand, customize, support, and market our Services.  Send Your Information To Those With Whom You Choose To Communicate. You share your information (including messages) as you use and communicate through our Services.  Information Associated With Your Account. Your phone number, profile name and photo, ""about"" information, last seen information, and message receipts are available to anyone who uses our",0,low
S002350,WhatsApp,WhatsAppPrivacyPolicy,WhatsAppPrivacyPolicy.pdf,9,9,You share your information as you use and communicate through our,"Services, although you can configure your Services settings to manage certain information available to other users, including businesses, with whom you communicate.  Your Contacts And Others. Users, including businesses, with whom you communicate can store or reshare your information (including your phone number or messages) with others on and off our Services. You can use your Services settings and the “block” feature in our Services to manage who you communicate with on our Services and certain information you share.  Businesses On WhatsApp. We offer specific services to businesses such as providing them with metrics regarding their use of our Services.  Third-Party Service Providers. We work with third-party service providers and other Meta Companies to help us operate, provide, improve, understand, customize, support, and market our Services.",0,low
S002351,WhatsApp,WhatsAppPrivacyPolicy,WhatsAppPrivacyPolicy.pdf,9,9,You share your information as you use and communicate through our,"We work with these companies to support our Services, such as to provide technical infrastructure, delivery and other systems; market our Services; conduct surveys and research for us; protect the safety, security, and integrity of users and others; and assist with customer service. When we share information with third-party service providers and other Meta Companies in this capacity, we require them to use",0,low
S002352,WhatsApp,WhatsAppPrivacyPolicy,WhatsAppPrivacyPolicy.pdf,10,10,You share your information as you use and communicate through our,your information on our behalf in accordance with our instructions and terms.  Third-Party Services. When you or others use third-party services or other Meta Company Products that are integrated with our,0,low
S002353,WhatsApp,WhatsAppPrivacyPolicy,WhatsAppPrivacyPolicy.pdf,10,10,You share your information as you use and communicate through our,"Services, those third-party services may receive information about what you or others share with them. For example, if you use a data backup service integrated with our Services (like iCloud or Google",0,low
S002354,WhatsApp,WhatsAppPrivacyPolicy,WhatsAppPrivacyPolicy.pdf,10,10,You share your information as you use and communicate through our,"Account), they will receive information you share with them, such as your WhatsApp messages. If you interact with a third-party service or another Meta Company Product linked through our Services, such as when you use the in-app player to play content from a third-party platform, information about you, like your IP address and the fact that you are a WhatsApp user, may be provided to such third party or Meta Company Product. Please note that when you use thirdparty services or other Meta Company Products, their own terms and privacy policies will govern your use of those services and products.",0,low
S002355,WhatsApp,WhatsAppPrivacyPolicy,WhatsAppPrivacyPolicy.pdf,10,10,How We Work With Other Meta Companies,"As part of the Meta Companies, WhatsApp receives information from, and shares information (see here) with, the other Meta Companies. We may use the information we receive from them, and they may use the information we share with them, to help operate, provide, improve, understand, customize, support, and market our Services and their offerings, including the Meta Company Products. This includes:  helping improve infrastructure and delivery systems;  understanding how our Services or theirs are used;  promoting safety, security, and integrity across the Meta Company Products, e.g., securing systems and fighting spam, threats, abuse, or infringement activities;  improving their services and your experiences using them, such as making suggestions for you (for example, of friends or group",0,low
S002356,WhatsApp,WhatsAppPrivacyPolicy,WhatsAppPrivacyPolicy.pdf,11,11,How We Work With Other Meta Companies,"connections, or of interesting content), personalizing features and content, helping you complete purchases and transactions, and showing relevant offers and ads across the Meta Company Products; and  providing integrations which enable you to connect your WhatsApp experiences with other Meta Company Products. For example, allowing you to connect your Facebook Pay account to pay for things on WhatsApp or enabling you to chat with your friends on other Meta",0,low
S002357,WhatsApp,WhatsAppPrivacyPolicy,WhatsAppPrivacyPolicy.pdf,11,11,How We Work With Other Meta Companies,"Company Products, such as Portal, by connecting your WhatsApp account.",0,low
S002358,WhatsApp,WhatsAppPrivacyPolicy,WhatsAppPrivacyPolicy.pdf,11,11,How We Work With Other Meta Companies,"If you live in India, this chart describes the categories of information we share. It also explains how and why we share this information.",0,low
S002359,WhatsApp,WhatsAppPrivacyPolicy,WhatsAppPrivacyPolicy.pdf,11,11,How We Work With Other Meta Companies,Learn more about the other Meta Companies and their privacy practices by reviewing their privacy policies.,0,low
S002360,WhatsApp,WhatsAppPrivacyPolicy,WhatsAppPrivacyPolicy.pdf,11,11,"Assignment, Change Of Control, And Transfer","In the event that we are involved in a merger, acquisition, restructuring, bankruptcy, or sale of all or some of our assets, we will share your information with the successor entities or new owners in connection with the transaction in accordance with applicable data protection laws.",0,low
S002361,WhatsApp,WhatsAppPrivacyPolicy,WhatsAppPrivacyPolicy.pdf,11,11,Managing And Retaining Your Information,"You can access or port your information using our in-app Request Account Info feature (available under Settings > Account). For iPhone users, you can learn how to access, manage, and delete your information through our iPhone Help Center articles. For Android users, you can learn how to access, manage, and delete your information through our Android Help Center articles.",1,medium
S002362,WhatsApp,WhatsAppPrivacyPolicy,WhatsAppPrivacyPolicy.pdf,11,11,Managing And Retaining Your Information,"We store information for as long as necessary for the purposes identified in this Privacy Policy, including to provide our Services or for other legitimate purposes, such as complying with legal obligations, enforcing and preventing violations of our Terms, or protecting or defending our rights,",0,low
S002363,WhatsApp,WhatsAppPrivacyPolicy,WhatsAppPrivacyPolicy.pdf,12,12,Managing And Retaining Your Information,"property, and users. The storage periods are determined on a case-bycase basis that depends on factors like the nature of the information, why it is collected and processed, relevant legal or operational retention needs, and legal obligations.",0,low
S002364,WhatsApp,WhatsAppPrivacyPolicy,WhatsAppPrivacyPolicy.pdf,12,12,Managing And Retaining Your Information,"If you would like to further manage, change, limit, or delete your information, you can do that through the following tools:  Services Settings. You can change your Services settings to manage certain information available to other users. You can manage your contacts, groups, and broadcast lists, or use our “block” feature to manage the users with whom you communicate.  Changing Your Mobile Phone Number, Profile Name And Picture, And “About” Information. If you change your mobile phone number, you must update it using our in-app change number feature and transfer your account to your new mobile phone number. You can also change your profile name, profile picture, and ""about"" information at any time.  Deleting Your WhatsApp Account. You can delete your WhatsApp account at any time (including if you want to revoke your consent to our use of your information pursuant to applicable law) using our inapp delete my account feature. When you delete your WhatsApp account, your undelivered messages are deleted from our servers as well as any of your other information we no longer need to operate and provide our Services. Deleting your account will, for example, delete your account info and profile photo, delete you from all WhatsApp groups, and delete your WhatsApp message history.",3,high
S002365,WhatsApp,WhatsAppPrivacyPolicy,WhatsAppPrivacyPolicy.pdf,12,12,Managing And Retaining Your Information,"Be mindful that if you only delete WhatsApp from your device without using our in-app delete my account feature, your information will be stored with us for a longer period. Please remember that when you delete your account, it does not affect your information related to the groups you created or the information other users have relating to you, such as their copy of the messages you sent them.",0,low
S002366,WhatsApp,WhatsAppPrivacyPolicy,WhatsAppPrivacyPolicy.pdf,13,13,Managing And Retaining Your Information,You can learn more here about our data deletion and retention practices and about how to delete your account.,0,low
S002367,WhatsApp,WhatsAppPrivacyPolicy,WhatsAppPrivacyPolicy.pdf,13,13,"Law, Our Rights, And Protection","We access, preserve, and share your information described in the ""Information We Collect"" section of this Privacy Policy above if we have a good-faith belief that it is necessary to: (a) respond pursuant to applicable law or regulations, legal process, or government requests; (b) enforce our",0,low
S002368,WhatsApp,WhatsAppPrivacyPolicy,WhatsAppPrivacyPolicy.pdf,13,13,"Law, Our Rights, And Protection","Terms and any other applicable terms and policies, including for investigations of potential violations; (c) detect, investigate, prevent, or address fraud and other illegal activity or security, and technical issues; or",0,low
S002369,WhatsApp,WhatsAppPrivacyPolicy,WhatsAppPrivacyPolicy.pdf,13,13,"Law, Our Rights, And Protection","(d) protect the rights, property, and safety of our users, WhatsApp, the other Meta Companies, or others, including to prevent death or imminent bodily harm.",0,low
S002370,Youtube,Child safety policy,Child safety policy.docx,1,1,Child safety policy,"YouTube does not allow unauthorised impersonation of a person, entity or channel that may mislead viewers in a way that could harm the YouTube community. Impersonation may include deceptively copying the branding, content or usernames of individuals, channels or entities. It may also include using AI to copy the voice or likeness of an individual, to make it appear as if the channel is owned or authorised by that individual. YouTube also enforces trademark holder rights.",1,medium
S002371,Youtube,Child safety policy,Child safety policy.docx,1,1,Child safety policy,"Update: Content that targets young minors and families but contains sexual themes, violence, or obscene or other mature themes that are not suitable for young audiences is not allowed on YouTube. In addition to your titles, descriptions and tags, ensure that your audience selection matches the audience that your content is suitable for.",1,medium
S002372,Youtube,Child safety policy,Child safety policy.docx,1,1,Child safety policy,YouTube doesn't allow content that endangers the emotional and physical wellbeing of minors. A minor is someone under 18 years old.,1,medium
S002373,Youtube,Child safety policy,Child safety policy.docx,1,1,Child safety policy,"If you find content that violates this policy, report it. If you believe that a child is in danger, you should get in touch with your local law enforcement to report the situation immediately.",1,medium
S002374,Youtube,Child safety policy,Child safety policy.docx,1,1,Child safety policy,"Instructions for reporting violations of our Community Guidelines are available here. If you've found multiple videos or comments that you would like to report, you can report the channel.",1,medium
S002375,Youtube,Child safety policy,Child safety policy.docx,1,1,Child safety policy,"In some cases, we may make exceptions for content with educational, documentary, scientific or artistic context, including content that is in the public's interest.",1,medium
S002376,Youtube,Child safety policy,Child safety policy.docx,1,1,If you're posting content,Don't post content on YouTube if it fits any of the descriptions below.,0,low
S002377,Youtube,Child safety policy,Child safety policy.docx,1,1,If you're posting content,"Sexualisation of minors: Sexually explicit content featuring minors and content that sexually exploits minors, including minor nudity posted with comedic intent. We report content containing child sexual abuse imagery to the National Center for Missing and Exploited Children, which works with global law enforcement agencies.",1,medium
S002378,Youtube,Child safety policy,Child safety policy.docx,1,1,If you're posting content,"Harmful or dangerous acts involving minors: Content showing a minor participating in dangerous activities or encouraging minors to do dangerous activities, particularly if someone watching could imitate the dangerous act, or if the content encourages or praises the dangerous act. Never put minors in harmful situations that may lead to injury, including dangerous stunts, challenges, dares or pranks. Dangerous acts include, but are not limited to, any act in the categories listed under Extremely dangerous challenges, such as asphyxiation or electrocution.",1,medium
S002379,Youtube,Child safety policy,Child safety policy.docx,1,1,If you're posting content,"Examples include content that shows minors: Inflicting or advocating for the infliction of physical, sexual or emotional maltreatment or neglect of a child, including inflicting emotional distress on minors.",1,medium
S002381,Youtube,Child safety policy,Child safety policy.docx,1,1,Using firearms unsupervised,"Content that contains infliction of physical, sexual or emotional abuse on a child within an educational, documentary, scientific or artistic context and with blurring may receive an exception.",1,medium
S002382,Youtube,Child safety policy,Child safety policy.docx,1,1,Using firearms unsupervised,"Content that could cause minor participants or viewers emotional distress, including: Misleading family content: Content that targets young minors and families, but contains:",1,medium
S002384,Youtube,Child safety policy,Child safety policy.docx,1,1,Other inappropriate themes that are intended to shock young audiences,"Content that targets young minors and families with age-inappropriate themes within an educational, documentary, scientific or artistic context may receive an exception. This is not a green light to target young minors and families with mature themes that are intended to shock young audiences.",1,medium
S002385,Youtube,Child safety policy,Child safety policy.docx,1,1,Other inappropriate themes that are intended to shock young audiences,"Family-friendly cartoons that target young minors and contain adult or age-inappropriate themes such as violence, sex, death, drugs and more. We don't allow content labelled as suitable for children in the video's title, description, tags or in the audience selection if it contains age-inappropriate themes.",1,medium
S002386,Youtube,Child safety policy,Child safety policy.docx,1,1,Other inappropriate themes that are intended to shock young audiences,"Make sure that your titles, descriptions and tags match the audience that you're targeting. In addition, ensure that your audience selection accurately represents the audience that your content is suitable for. You can also age restrict your content upon upload if it's intended for mature audiences.",0,low
S002387,Youtube,Child safety policy,Child safety policy.docx,1,1,Other inappropriate themes that are intended to shock young audiences,"Cyberbullying, harassment and doxxing of minors: Content that: Reveals a minor's personal information, such as email addresses or phone numbers, regardless of whether it is shared by others or the minor themself.",1,medium
S002389,Youtube,Child safety policy,Child safety policy.docx,1,1,Encourages others to bully or harass,"This policy applies to videos, video descriptions, comments, posts, live streams, playlists and any other YouTube product or feature. Bear in mind that this isn't a complete list.",0,low
S002390,Youtube,Child safety policy,Child safety policy.docx,1,1,Encourages others to bully or harass,"Please note that these policies also apply to external links in your content. This can include clickable URLs and verbally directing users to other sites in the video, as well as other forms.",0,low
S002391,Youtube,Child safety policy,Child safety policy.docx,1,1,Examples,Here are some examples of content that is not allowed on YouTube.,0,low
S002392,Youtube,Child safety policy,Child safety policy.docx,1,1,Examples,"Videos or posts featuring minors involved in provocative, sexual or sexually suggestive activities, challenges and dares, such as kissing or groping.",1,medium
S002393,Youtube,Child safety policy,Child safety policy.docx,1,1,Examples,"Showing minors who are involved in dangerous activities. For example, physical stunts, using weapons or explosives, or using a controlled substance like alcohol or nicotine, including use of vapes or e-cigarettes.",1,medium
S002394,Youtube,Child safety policy,Child safety policy.docx,1,1,Examples,"A video with tags like 'for children' or whose audience is set to 'Yes, it's Made for Kids', featuring family-friendly cartoons engaging in inappropriate acts like injecting needles.",1,medium
S002395,Youtube,Child safety policy,Child safety policy.docx,1,1,Examples,"Remember, these are just some examples. Don't post content if you think that it might violate this policy.",0,low
S002396,Youtube,Child safety policy,Child safety policy.docx,1,1,What happens if content violates this policy,"If your content violates this policy, we will remove the content and send you an email to let you know. If we can't verify that a link that you post is safe, we may remove the link. Note that violative URLs posted within the video itself or in the video's metadata may result in the video being removed.",0,low
S002397,Youtube,Child safety policy,Child safety policy.docx,1,1,What happens if content violates this policy,"If this is the first time that you've violated our Community Guidelines, you'll probably get a warning with no penalty to your channel. You will have the option to take policy training to allow the warning to expire after 90 days. The 90-day period starts from when the training is completed, not when the warning is issued. However, if the same policy is violated within that 90-day window, the warning may not expire and your channel may be given a strike. If you violate a different policy after completing the training, you will get another warning.",0,low
S002398,Youtube,Child safety policy,Child safety policy.docx,1,1,What happens if content violates this policy,"If you get three strikes within 90 days, your channel may be terminated. Learn more about our strikes system.",0,low
S002399,Youtube,Child safety policy,Child safety policy.docx,1,1,What happens if content violates this policy,We may terminate your channel or account for repeated violations of the Community Guidelines or Terms of Service. We may also terminate your channel or account after a single case of severe abuse or when the channel is dedicated to a policy violation. We may prevent repeat offenders from taking policy training in the future. Learn more about channel or account terminations.,0,low
S002400,Youtube,Google Ads policies,Google Ads policies.docx,1,1,Overview of our policies and how we enforce them,"We strive to support a healthy digital advertising ecosystem that's trustworthy and transparent for users, advertisers and publishers. The purpose of this Help Centre is to help you build Google Ads campaigns that align with our advertising policies listed below.",0,low
S002401,Youtube,Google Ads policies,Google Ads policies.docx,1,1,Overview of our policies and how we enforce them,These policies are designed to ensure a safe and positive experience for our users and abide by applicable laws. This means that our policies prohibit content that is harmful to users and the overall advertising ecosystem.,0,low
S002402,Youtube,Google Ads policies,Google Ads policies.docx,1,1,Overview of our policies and how we enforce them,"Our advertising policies cover four broad areas: To learn more about which policies are included in these broad categories, click the links for the category names to review the content below. For additional details about each policy, click the header of the section to learn more.",0,low
S002404,Youtube,Google Ads policies,Google Ads policies.docx,1,1,Overview of our policies and how we enforce them,"We use a combination of Google AI and human evaluation to ensure that ads comply with these policies. Our enforcement technologies use Google AI, modelled on human reviewers’ decisions, to help protect our users and keep our ad platforms safe. More complex, nuanced or severe cases are often reviewed and evaluated by our specially trained experts.",0,low
S002405,Youtube,Google Ads policies,Google Ads policies.docx,1,1,Overview of our policies and how we enforce them,"We take action on content that violates our policies. This may include disapproving violating ads so that they don’t serve, as well as suspending accounts for repeat or egregious violations. We take repeat violations of our policies seriously and continue to expand a strike system for repeat offenders.",0,low
S002406,Youtube,Google Ads policies,Google Ads policies.docx,1,1,Overview of our policies and how we enforce them,"We will provide you with information on our decision for any policy violation enforcement actions that we take. If one of your ads is disapproved, you can fix that ad or appeal the decision. You can also appeal an account suspension decision. For these links to work, you’ll need to be signed into your Google Ads account.",0,low
S002407,Youtube,Google Ads policies,Google Ads policies.docx,1,1,Counterfeit goods,Google Ads prohibits the sale or promotion for sale of counterfeit goods. Counterfeit goods contain a trademark or logo that is identical to or substantially indistinguishable from the trademark of another. They mimic the brand features of the product in an attempt to pass themselves off as a genuine product of the brand owner. This policy applies to the content of your ad and your website or app.,0,low
S002408,Youtube,Google Ads policies,Google Ads policies.docx,1,1,Dangerous products or services,"We want to help keep people safe both online and offline, so we don't allow the promotion of some products or services that cause damage, harm or injury.",0,low
S002409,Youtube,Google Ads policies,Google Ads policies.docx,1,1,Dangerous products or services,"Examples of dangerous content (non-exhaustive): Recreational drugs (chemical or herbal); psychoactive substances; equipment to facilitate drug use; weapons, ammunition, explosive materials and fireworks; instructions for making explosives or other harmful products; tobacco products.",0,low
S002410,Youtube,Google Ads policies,Google Ads policies.docx,1,1,Enabling dishonest behaviour,"We value honesty and fairness, so we don't allow the promotion of products or services that are designed to enable dishonest behaviour.",0,low
S002411,Youtube,Google Ads policies,Google Ads policies.docx,1,1,Enabling dishonest behaviour,Examples of products or services that enable dishonest behaviour (non-exhaustive): Hacking software or instructions; services designed to artificially inflate ad or website traffic; fake documents; academic cheating services.,0,low
S002412,Youtube,Google Ads policies,Google Ads policies.docx,1,1,Inappropriate content,"Google Ads values diversity and respect for others and strives to avoid offending users, so ads or destinations that display shocking content or promote hatred, intolerance, discrimination or violence aren’t allowed.",0,low
S002413,Youtube,Google Ads policies,Google Ads policies.docx,1,1,Inappropriate content,"Examples of inappropriate or offensive content (non-exhaustive): Bullying or intimidation of an individual or group, racial discrimination, content promoting hate groups or hate group paraphernalia, graphic crime scene or accident images, cruelty to animals, murder, self-harm, extortion or blackmail, sale or trade of endangered species, ads using profane language and content promoting the sexual exploitation of minors.",1,medium
S002414,Youtube,Google Ads policies,Google Ads policies.docx,1,1,Abusing the ad network,"Ads across the Google Network should be useful, varied, relevant and safe for users. Google Ads doesn't allow advertisers to run ads, content or destinations that attempt to trick or circumvent our ad review processes.",0,low
S002415,Youtube,Google Ads policies,Google Ads policies.docx,1,1,Abusing the ad network,Examples of abusing of the ad network (non-exhaustive): Promoting content that contains malware; 'cloaking' or using other techniques to hide the true destination that users are directed to; 'arbitrage' or promoting destinations for the sole or primary purpose of showing ads; promoting 'bridge' or 'gateway' destinations that are solely designed to send users elsewhere; advertising with the sole or primary intent of gaining public social network endorsements from the user; 'gaming' or manipulating settings in an attempt to circumvent our policy review systems.,0,low
S002416,Youtube,Google Ads policies,Google Ads policies.docx,1,1,Data collection and use,"Google wants users to trust that information about them will be respected and handled with appropriate care. As such, the advertising partners shouldn’t misuse this information, nor collect it for unclear purposes or without appropriate disclosures or security measures.",1,medium
S002417,Youtube,Google Ads policies,Google Ads policies.docx,1,1,Data collection and use,"Note: Additional policies apply when using personalised advertising, which includes remarketing and custom audiences. If you use personalised advertising targeting features, be sure to review the personalised ads data collection and use policies.",0,low
S002418,Youtube,Google Ads policies,Google Ads policies.docx,1,1,Data collection and use,"Examples of user information that should be handled with care (non-exhaustive): Full name; email address; postal address; phone number; national identity, pension, National Insurance number, tax ID, healthcare or driving licence number; birth date or mother's maiden name in addition to any of the above information; financial status; political affiliation; sexual orientation; race or ethnicity; religion.",0,low
S002419,Youtube,Google Ads policies,Google Ads policies.docx,1,1,Data collection and use,"Examples of irresponsible data collection and use (non-exhaustive): Obtaining credit card information over a non-secure server, promotions that claim to know a user's sexual orientation or financial status, violations of our policies that apply to interest-based advertising and remarketing.",0,low
S002420,Youtube,Google Ads policies,Google Ads policies.docx,1,1,Misrepresentation,"We want users to trust the ads on our platform, so we strive to ensure ads are clear and honest, and provide the information that users need to make informed decisions. We don’t allow ads or destinations that deceive users by excluding relevant product information or providing misleading information about products, services or businesses.",0,low
S002421,Youtube,Google Ads policies,Google Ads policies.docx,1,1,Misrepresentation,Below are some examples of what to avoid in your ads. Learn more about What happens if you violate our policies.,0,low
S002422,Youtube,Google Ads policies,Google Ads policies.docx,1,1,Misrepresentation,"Examples of misrepresentation (non-exhaustive): Omitting or obscuring billing details such as how, what and when users will be charged; omitting or obscuring charges associated with financial services such as interest rates, fees and penalties; failing to display tax or licence numbers, contact information or physical address where relevant; making offers that aren't actually available; making misleading or unrealistic claims regarding weight loss or financial gain; collecting donations under false pretences; 'phishing' or falsely purporting to be a reputable company in order to get users to part with valuable personal or financial information.",0,low
S002423,Youtube,Google Ads policies,Google Ads policies.docx,1,1,Restricted content and features,"The policies below cover content that's sometimes legally or culturally sensitive. Online advertising can be a powerful way to reach customers, but in sensitive areas, we also work hard to avoid showing these ads when and where they might be inappropriate.",0,low
S002424,Youtube,Google Ads policies,Google Ads policies.docx,1,1,Restricted content and features,"For that reason, we allow the promotion of the content below, but on a limited basis. These promotions may not show to every user in every location, and advertisers may need to meet additional requirements before their ads are eligible to run. Note that not all ad products, features or networks are able to support this restricted content. Further details can be found in the Policy manager.",0,low
S002425,Youtube,Google Ads policies,Google Ads policies.docx,1,1,Ad protections for children and teens,"Our child and teen ads policies, along with other Google Ads policies (including but not limited to those for alcohol, gambling and high fat, sugar and salt food and beverages), work together to provide strong protections that include: We require all our advertisers to follow local legal requirements when using our products, including any regulations on advertising to users under age 18, as well as all Google Ads policies. Learn more about our Ad protections for children and teens and relevant ad policies, where they apply, and what they mean for advertisers.",1,medium
S002427,Youtube,Google Ads policies,Google Ads policies.docx,1,1,Sexual content,"Ads should respect user preferences and comply with legal regulations. We restrict certain kinds of sexual content in ads and destinations, which will only show in limited scenarios based on user search queries, user age and local laws where the ad is being served. Ads must not target minors.",2,medium
S002428,Youtube,Google Ads policies,Google Ads policies.docx,1,1,Sexual content,"Examples of restricted sexual content (non-exhaustive): Visible genitalia and female breasts, sex toys, strip clubs, sexually suggestive live chat, models in sexualised poses.",0,low
S002429,Youtube,Google Ads policies,Google Ads policies.docx,1,1,Alcohol,"We abide by local alcohol laws and industry standards, so we don’t allow certain kinds of alcohol-related advertising, both for alcohol and drinks that resemble alcohol. Some types of alcohol-related ads are allowed if they meet the policies below, don’t target minors and target only countries that are explicitly allowed to show alcohol ads.",1,medium
S002430,Youtube,Google Ads policies,Google Ads policies.docx,1,1,Alcohol,"Examples of restricted alcoholic beverages (non-exhaustive): Beer, wine, sake, spirits or hard alcohol, champagne, fortified wine, non-alcoholic beer, non-alcoholic wine, non-alcoholic distilled spirits.",0,low
S002431,Youtube,Google Ads policies,Google Ads policies.docx,1,1,Copyrights,"We abide by local copyright laws and protect the rights of copyright holders, so we don’t allow ads that are unauthorised to use copyrighted content. If you are legally authorised to use copyrighted content, apply for certification (or here for DV360) to advertise. If you see unauthorised content, submit a copyright-related complaint.",1,medium
S002432,Youtube,Google Ads policies,Google Ads policies.docx,1,1,Copyrights,"Examples of restricted copyrighted content (non-exhaustive): Sites or apps that facilitate unauthorised offline distribution of copyrighted content; unauthorised sites or software that capture, copy or provide access to copyrighted content.",0,low
S002433,Youtube,Google Ads policies,Google Ads policies.docx,1,1,Gambling and games,"We support responsible gambling advertising and abide by local gambling laws and industry standards, so we don’t allow certain kinds of gambling-related advertising. Gambling-related ads are allowed if they comply with the policies below and the advertiser has received the proper Google Ads certification. Gambling ads must target approved countries, have a landing page that displays information about responsible gambling and never target minors. Check local regulations for the areas that you want to target.",2,medium
S002434,Youtube,Google Ads policies,Google Ads policies.docx,1,1,Gambling and games,"Examples of restricted gambling-related content (non-exhaustive): Physical casinos; sites where users can bet on poker, bingo, roulette, or sports events; national or private lotteries; sporting odds aggregator sites; sites offering bonus codes or promotional offers for gambling sites; online educational materials for casino-based games; sites offering 'poker-for-fun' games; non-casino-based cash game sites.",0,low
S002435,Youtube,Google Ads policies,Google Ads policies.docx,1,1,Healthcare and medicines,"We're dedicated to following advertising regulations for healthcare and medicine, so we expect that ads and destinations follow appropriate laws and industry standards. Some healthcare-related content can’t be advertised at all, while others can only be advertised if the advertiser is certified with Google and targets only approved locations. Check local regulations for the locations that you want to target.",0,low
S002436,Youtube,Google Ads policies,Google Ads policies.docx,1,1,Healthcare and medicines,"For most healthcare policies, if your ad campaign targets allowed locations and the domain is properly certified, your ad will be labelled 'Eligible (limited)' and can run in allowed locations.",0,low
S002437,Youtube,Google Ads policies,Google Ads policies.docx,1,1,Healthcare and medicines,Examples of restricted healthcare content (non-exhaustive): Clinical trial recruitment; HIV home tests; addiction services; prescription drug services.,0,low
S002438,Youtube,Google Ads policies,Google Ads policies.docx,1,1,Political content,We expect all political ads and destinations to comply with the local campaign and election laws for any area that the ads target. This policy includes legally mandated election “silence periods”.,0,low
S002439,Youtube,Google Ads policies,Google Ads policies.docx,1,1,Political content,"Examples of political content (non-exhaustive): Promotion of political parties or candidates, political issue advocacy",0,low
S002440,Youtube,Google Ads policies,Google Ads policies.docx,1,1,Financial products and services,Google is committed to helping users make informed financial decisions. Google Ads policies are designed to provide users with the information that they need to weigh the costs of financial products and services and to protect them from harmful or deceptive practices.,0,low
S002441,Youtube,Google Ads policies,Google Ads policies.docx,1,1,Financial products and services,"Under this policy, financial products and services are defined as products and services related to the management or investment of money and cryptocurrencies, including personalised advice.",0,low
S002442,Youtube,Google Ads policies,Google Ads policies.docx,1,1,Financial products and services,"When promoting financial products and services, you must comply with state and local regulations for any location that your ads target. For example, include specific disclosures required by local law. Advertisers are expected to do their own research on the local regulations for any location that their ads target.",0,low
S002443,Youtube,Google Ads policies,Google Ads policies.docx,1,1,Financial products and services,This policy is updated with additional product-specific guidelines on an ongoing basis. Learn more about what happens if you violate our policies.,0,low
S002444,Youtube,Google Ads policies,Google Ads policies.docx,1,1,Financial products and services,"Examples of restricted financial products and services (non-exhaustive): Personal loans, loan modification, credit repair services.",0,low
S002445,Youtube,Google Ads policies,Google Ads policies.docx,1,1,Cryptocurrencies and related products,"Due to the complex and evolving nature of regulations related to cryptocurrencies and related products and services, we allow certain categories of cryptocurrency-related products and services to be advertised with and without certification by Google in limited circumstances.",0,low
S002446,Youtube,Google Ads policies,Google Ads policies.docx,1,1,Cryptocurrencies and related products,"While most advertisers must be certified by Google, there may be limited circumstances where certification is not required.",0,low
S002447,Youtube,Google Ads policies,Google Ads policies.docx,1,1,Cryptocurrencies and related products,"Examples of cryptocurrency businesses that may not require certification (non-exhaustive): Businesses accepting payment in cryptocurrency, cryptocurrency mining hardware, NFT games that allow players to purchase in-game items, like virtual apparel for a player’s characters, consumed or used in a game to enhance a user’s experience or aid users in advancing the game.",0,low
S002448,Youtube,Google Ads policies,Google Ads policies.docx,1,1,Cryptocurrencies and related products,"Examples of cryptocurrency businesses that require certification (non-exhaustive): Cryptocurrency exchanges, cryptocurrency wallets, cryptocurrency coin trusts.",0,low
S002449,Youtube,Google Ads policies,Google Ads policies.docx,1,1,Cryptocurrencies and related products,"When promoting cryptocurrencies and related products, you must comply with state and local regulations for any region or country that your ads target. Refer to our non-exhaustive list of location-specific requirements for more information, but note that advertisers are expected to do their own research on the local regulations for any location that their ads target.",0,low
S002450,Youtube,Google Ads policies,Google Ads policies.docx,1,1,Dating and companionship,"Google values diversity, inclusivity and respect for others, so we support the promotion of general dating services that aren't discriminatory, exploitative or deceptive. Dating and companionship ads are allowed if they comply with our policies, don't allow users under the age of 18 and the advertiser has received the proper Google Ads certification. These ads may be restricted based on the ad category, user age, local laws, the user's SafeSearch settings and the user's sexual content search queries.",0,low
S002451,Youtube,Google Ads policies,Google Ads policies.docx,1,1,Dating and companionship,"Examples of restricted dating and companionship content (non-exhaustive): Aggregators that list or review other dating sites, dating ads or landing pages that feature racy content and dating explicitly focused on sexual themes or encounters such as hook-up, swinger or affair dating services.",0,low
S002452,Youtube,Google Ads policies,Google Ads policies.docx,1,1,Trademarks,"There are multiple factors that determine when trademarks can be used in Google Ads ads. Along with the factors described in our Policy Centre, these policies apply only when a trademark owner has submitted a valid complaint to Google.",1,medium
S002453,Youtube,Google Ads policies,Google Ads policies.docx,1,1,Legal requirements,"You’re always responsible for ensuring that you comply with all applicable laws and regulations, in addition to Google's advertising policies, for all of the locations where your ads are showing.",0,low
S002454,Youtube,Google Ads policies,Google Ads policies.docx,1,1,Other restricted businesses,"We restrict certain businesses from advertising to prevent user exploitation, even if they comply with other policies. Continuous reviews and feedback from users, regulators and consumer protection authorities help us identify products or services that are prone to abuse. We may limit or stop ads from businesses that pose an unreasonable risk to user safety or experience.",0,low
S002455,Youtube,Google Ads policies,Google Ads policies.docx,1,1,Restricted ad formats and features,There are multiple factors that determine access to advanced ad formats and features on Google Ads. Certain ad formats aren't available for all advertisers until they meet our specific requirements or complete the certification process.,0,low
S002456,Youtube,Google Ads policies,Google Ads policies.docx,1,1,Limited ad serving,"To protect the integrity of our Google Ads ecosystem, we limit impressions of ads that have a higher potential of causing abuse or a poor experience for our users. In these specific instances, only qualified advertisers will be able to serve ads without impression limits. Learn more about when limited ad serving applies and who is a qualified advertiser.",0,low
S002457,Youtube,Google Ads policies,Google Ads policies.docx,1,1,Editorial and technical requirements,"We want to deliver ads that are engaging for users without being annoying or difficult to interact with, so we've developed editorial requirements to help keep your ads appealing to users. We've also specified technical requirements to help users and advertisers get the most out of the variety of ad formats that we offer.",0,low
S002458,Youtube,Google Ads policies,Google Ads policies.docx,1,1,Editorial,"In order to provide a quality user experience, Google requires that all ads, assets and destinations meet high professional and editorial standards. We only allow ads that are clear, professional in appearance and that lead users to content that is relevant, useful and easy to interact with.",0,low
S002459,Youtube,Google Ads policies,Google Ads policies.docx,1,1,Editorial,"Examples of promotions that don't meet these editorial and professional requirements (non-exhaustive): Overly generic ads that contain vague phrases such as 'Buy products here'; gimmicky use of words, numbers, letters, punctuation or symbols such as FREE,",0,low
S002460,Youtube,Google Ads policies,Google Ads policies.docx,1,1,Destination requirements,"We want consumers to have a good experience when they click on an ad, so ad destinations must offer unique value to users and be functional, useful and easy to navigate.",0,low
S002461,Youtube,Google Ads policies,Google Ads policies.docx,1,1,Destination requirements,Examples of promotions that don't meet destination requirements (non-exhaustive): Display URLs that don’t accurately reflect the URL of the landing page; sites or apps that are under construction; sites that aren’t viewable in commonly used browsers; sites that have disabled the browser’s back button.,0,low
S002462,Youtube,Google Ads policies,Google Ads policies.docx,1,1,Technical requirements,"In order to provide an engaging user experience, Google requires that all ads, assets and destinations meet certain technical requirements to make sure that your ads are useful and appealing. Ads must be clear, functional, and lead users to content that is relevant and easy to interact with.",0,low
S002463,Youtube,Google Ads policies,Google Ads policies.docx,1,1,Technical requirements,Examples of promotions that don't meet technical requirements (non-exhaustive): Exceeding account limits for ads and other content; ads or destination content in an unsupported targeting language; HTML5 ads that don’t function properly or appear blank.,0,low
S002464,Youtube,Google Ads policies,Google Ads policies.docx,1,1,Ad format requirements,"In order to help you provide a quality user experience and deliver attractive, professional-looking ads, we only allow ads that comply with specific requirements for each ad format. Review the requirements for all ad formats that you're using.",0,low
S002465,Youtube,Google Ads policies,Google Ads policies.docx,1,1,Ad format requirements,"Note: We don't allow non-family-safe ads in image ads, video ads and other non-text ad formats. Learn more about our Sexual content policy.",0,low
S002466,Youtube,Google Ads policies,Google Ads policies.docx,1,1,Ad format requirements,Advertisers participating in beta programs of new ad formats should reach out to their Google Ads representatives or Google Ads customer support to learn about format-specific policy requirements.,0,low
S002467,Youtube,Google Ads policies,Google Ads policies.docx,1,1,Ad format requirements,"Examples of ad format requirements (non-exhaustive): Character limits for the ad headline or body, image size requirements, file size limits, video length limits, aspect ratios.",0,low
S002468,Youtube,Google Ads policies,Google Ads policies.docx,1,1,About our policies,"Google Ads enables businesses of all sizes, from around the world, to promote a wide variety of products, services, applications and websites on Google and across our network. We want to help you reach existing and potential customers and audiences. However, to help create a safe and positive experience for users, we listen to their feedback and concerns about the types of ads that they see. We also regularly review changes in online trends and practices, industry norms and regulations. And finally, in crafting our policies, we also think about our values and culture as a company, as well as operational, technical and business considerations. As a result, we have created a set of policies that apply to all promotions on the Google Network.",0,low
S002469,Youtube,Google Ads policies,Google Ads policies.docx,1,1,About our policies,"Google requires that advertisers comply with all applicable laws and regulations and the Google policies described above. It's important that you familiarise yourself with and keep up to date with these requirements for the places where your business operates, as well as any other places where your ads are showing. When we find content that violates these requirements, we may block it from appearing, and in cases of repeated or egregious violations, we may stop you from advertising with us.",0,low
S002470,Youtube,Google Ads policies,Google Ads policies.docx,1,1,About our policies,"Advertisers have a responsibility not to promote content or engage in behaviour that risks harm to our users, employees or the Ads ecosystem. If we see such content or behaviour, we may take action, including but not limited to restricting or blocking your ads or suspending your account.",0,low
S002471,Youtube,Harassment and cyberbullying policies,Harassment and cyberbullying policies.docx,1,1,Harassment and cyberbullying policies,We don't allow content that targets someone with prolonged insults or slurs based on their physical traits or protected group status.,0,low
S002472,Youtube,Harassment and cyberbullying policies,Harassment and cyberbullying policies.docx,1,1,Harassment and cyberbullying policies,"We also don't allow other harmful behaviours, like threats or doxxing. Bear in mind that we take a stricter approach on content that targets minors. For example, we don't allow sharing a minor's school name or school ID for malicious purposes. Third parties should not share someone else's personal contact information, such as email, phone number or home address, or a minor's social media handle or private-messaging details. We also don't allow minors to share their own contact information. We may make exceptions for extracurricular activities for the purposes of school recruitment or applications, such as university sports.",1,medium
S002473,Youtube,Harassment and cyberbullying policies,Harassment and cyberbullying policies.docx,1,1,Harassment and cyberbullying policies,"In some cases, we may make exceptions for content with educational, documentary, scientific or artistic context, including content that is in the public's interest.",0,low
S002474,Youtube,Harassment and cyberbullying policies,Harassment and cyberbullying policies.docx,1,1,Harassment and cyberbullying policies,"If you find content that violates this policy, report it. Instructions for reporting violations of our Community Guidelines are available here. If you find many videos or comments that you would like to report, you can report the channel. For tips about how to stay safe, keep your account secure and protect your privacy, take a look at the Creator Safety Centre and Stay safe on YouTube.",0,low
S002475,Youtube,Harassment and cyberbullying policies,Harassment and cyberbullying policies.docx,1,1,Harassment and cyberbullying policies,"If specific threats are made against you and you feel unsafe, report it directly to your local law enforcement agency.",0,low
S002476,Youtube,Harassment and cyberbullying policies,Harassment and cyberbullying policies.docx,1,1,If you're posting content,Don't post content on YouTube if it fits any of the descriptions noted below.,0,low
S002477,Youtube,Harassment and cyberbullying policies,Harassment and cyberbullying policies.docx,1,1,If you're posting content,"Content that contains prolonged insults or slurs based on someone's intrinsic attributes. These attributes include their protected group status, physical attributes or their status as a survivor of sexual assault, non-consensual intimate imagery distribution, domestic abuse, child abuse and more.",1,medium
S002478,Youtube,Harassment and cyberbullying policies,Harassment and cyberbullying policies.docx,1,1,If you're posting content,"Content uploaded with the intent to shame, deceive or insult a minor. This means intending to make a minor feel unpleasant emotions, like distress, shame or worthlessness; intending to trick them into behaving in ways that may harm themselves or their property; or engaging in name-calling towards them. We also prohibit content that incites bullying against a minor. A minor is someone under 18 years old.",1,medium
S002479,Youtube,Harassment and cyberbullying policies,Harassment and cyberbullying policies.docx,1,1,Other types of content that violate this policy,"This policy applies to videos, video descriptions, comments, live streams and any other YouTube product or feature. Bear in mind that this isn't a complete list. Note that these policies also apply to external links in your content. This can include clickable URLs, verbally directing users to other sites in video and other forms.",0,low
S002480,Youtube,Harassment and cyberbullying policies,Harassment and cyberbullying policies.docx,1,1,Exceptions,"If the primary purpose is educational, documentary, scientific or artistic in nature, we may allow content that includes harassment. We may also make exceptions for content that is in the public's interest, such as congressional or parliamentary proceedings, campaign speeches or debates over ongoing government actions. These exceptions are not a pass to harass someone. Some examples include: Debates related to high-profile officials or leaders: Content featuring debates or discussions of topical issues concerning individuals who have positions of power, like high-profile government officials or CEOs of major multinational corporations.",0,low
S002482,Youtube,Harassment and cyberbullying policies,Harassment and cyberbullying policies.docx,1,1,Exceptions,"Scripted performances: Insults made in the context of an artistic medium such as scripted satire, stand-up comedy or music (such as a diss track). Note: This exception is not a pass to harass someone and claim 'I was joking'.",0,low
S002483,Youtube,Harassment and cyberbullying policies,Harassment and cyberbullying policies.docx,1,1,Exceptions,Harassment education or awareness: Content that features actual or simulated harassment for documentary purposes or with willing participants (such as actors) to combat cyberbullying or raise awareness.,0,low
S002484,Youtube,Harassment and cyberbullying policies,Harassment and cyberbullying policies.docx,1,1,Exceptions,"Note: We take a harder line on content that maliciously insults someone based on their protected group status, regardless of whether or not they are a high-profile individual.",0,low
S002485,Youtube,Harassment and cyberbullying policies,Harassment and cyberbullying policies.docx,1,1,Monetisation and other penalties,"In some rare cases, we may remove content or issue other penalties when a creator: Repeatedly encourages abusive audience behaviour.",0,low
S002487,Youtube,Harassment and cyberbullying policies,Harassment and cyberbullying policies.docx,1,1,Monetisation and other penalties,"Repeatedly targets, insults and abuses an identifiable individual based on their intrinsic attributes across several uploads.",0,low
S002488,Youtube,Harassment and cyberbullying policies,Harassment and cyberbullying policies.docx,1,1,Monetisation and other penalties,Exposes an individual to risks of physical harm based on the local social or political context.,0,low
S002489,Youtube,Harassment and cyberbullying policies,Harassment and cyberbullying policies.docx,1,1,Monetisation and other penalties,Creates content that harms the YouTube community by persistently inciting hostility between creators for personal financial gain.,0,low
S002490,Youtube,Harassment and cyberbullying policies,Harassment and cyberbullying policies.docx,1,1,Examples,"Here are some examples of content that's not allowed on YouTube: Repeatedly showing pictures of someone and then making statements like 'Look at this creature's teeth, they're so disgusting!', with similar commentary targeting intrinsic attributes throughout the video.",0,low
S002492,Youtube,Harassment and cyberbullying policies,Harassment and cyberbullying policies.docx,1,1,Examples,"Targeting an individual based on their membership of a protected group, such as by saying: 'Look at this [slur targeting a protected group]!'",0,low
S002493,Youtube,Harassment and cyberbullying policies,Harassment and cyberbullying policies.docx,1,1,Examples,"Using an extreme insult to dehumanise an individual based on their intrinsic attributes. For example: 'Look at this dog of a woman! She's got the face of an animal and her body is mangy, just like a dog's!'",0,low
S002494,Youtube,Harassment and cyberbullying policies,Harassment and cyberbullying policies.docx,1,1,Examples,Targeting an individual and expressing a wish for their death or serious injury: 'I hate her so much. I wish that she'd just get hit by a lorry and die'.,0,low
S002495,Youtube,Harassment and cyberbullying policies,Harassment and cyberbullying policies.docx,1,1,Examples,"Depicting an identifiable individual being murdered or seriously injured. For example: a video includes a clip from a movie, where one character is brutally shot and killed. The video is edited so that a real individual's photo is placed over the actor's face.",0,low
S002496,Youtube,Harassment and cyberbullying policies,Harassment and cyberbullying policies.docx,1,1,Examples,"Threatening someone's physical safety. This includes explicit threats like, 'When I see you on Saturday, I'm going to kill you'. This also includes implying violence by making statements like, 'You better watch out, I'm coming for you' while brandishing a weapon.",0,low
S002497,Youtube,Harassment and cyberbullying policies,Harassment and cyberbullying policies.docx,1,1,Examples,"Posting an individual's non-public personally identifiable information, like a phone number, home address or email address, to direct abusive attention or traffic towards them. For example, saying, 'I've got their phone number. Call and leave messages until they pick up!'",0,low
S002498,Youtube,Harassment and cyberbullying policies,Harassment and cyberbullying policies.docx,1,1,Examples,'Raiding' or directing malicious abuse to identifiable individuals through in-game voice chat or messages during a stream.,0,low
S002499,Youtube,Harassment and cyberbullying policies,Harassment and cyberbullying policies.docx,1,1,Examples,Directing users to leave abusive comments in another creator's comment section.,0,low
S002500,Youtube,Harassment and cyberbullying policies,Harassment and cyberbullying policies.docx,1,1,Examples,Linking to off-platform sites that host or feature non-consensual intimate imagery.,0,low
S002501,Youtube,Harassment and cyberbullying policies,Harassment and cyberbullying policies.docx,1,1,Examples,Requesting that other users get in touch to share non-consensual intimate imagery.,0,low
S002502,Youtube,Harassment and cyberbullying policies,Harassment and cyberbullying policies.docx,1,1,Examples,'Swatting' or other prank calls to emergency or crisis response services or encouraging viewers to act in this way or any other harassing behaviour.,0,low
S002503,Youtube,Harassment and cyberbullying policies,Harassment and cyberbullying policies.docx,1,1,Examples,Stalking or attempting to blackmail users.,0,low
S002504,Youtube,Harassment and cyberbullying policies,Harassment and cyberbullying policies.docx,1,1,Examples,Video game content that has been developed or modified ('modded') to promote violence against an individual.,0,low
S002505,Youtube,Harassment and cyberbullying policies,Harassment and cyberbullying policies.docx,1,1,Examples,"Remember, this list isn't exhaustive. Don't post content if you think that it might violate this policy.",0,low
S002506,Youtube,Harassment and cyberbullying policies,Harassment and cyberbullying policies.docx,1,1,What happens if content violates this policy,"If your content violates this policy, we will remove the content and send you an email to let you know. If we can't verify that a link that you post is safe, we may remove the link. Note that violative URLs posted within the video itself or in the video's metadata may result in the video being removed.",0,low
S002507,Youtube,Harassment and cyberbullying policies,Harassment and cyberbullying policies.docx,1,1,What happens if content violates this policy,"If this is the first time that you've violated our Community Guidelines, you'll probably get a warning with no penalty to your channel. You will have the option to take policy training to allow the warning to expire after 90 days. The 90-day period starts from when the training is completed, not when the warning is issued. However, if the same policy is violated within that 90-day window, the warning may not expire and your channel may be given a strike. If you violate a different policy after completing the training, you will get another warning.",0,low
S002508,Youtube,Harassment and cyberbullying policies,Harassment and cyberbullying policies.docx,1,1,What happens if content violates this policy,"If you get three strikes within 90 days, your channel may be terminated. Learn more about our strikes system.",0,low
S002509,Youtube,Harassment and cyberbullying policies,Harassment and cyberbullying policies.docx,1,1,What happens if content violates this policy,We may terminate your channel or account for repeated violations of the Community Guidelines or Terms of Service. We may also terminate your channel or account after a single case of severe abuse or when the channel is dedicated to a policy violation. We may prevent repeat offenders from taking policy training in the future. Learn more about channel or account terminations.,0,low
S002510,Youtube,Terms of Service,Terms of Service.docx,1,1,,What’s in these terms?,0,low
S002511,Youtube,Terms of Service,Terms of Service.docx,1,1,,Who May Use the Service?,0,low
S002512,Youtube,Terms of Service,Terms of Service.docx,1,1,,"This section sets out certain requirements for use of the Service, and defines categories of users.",0,low
S002513,Youtube,Terms of Service,Terms of Service.docx,1,1,Your Use of the Service,"This section explains your rights to use the Service, and the conditions that apply to your use of the Service. It also explains how we may make changes to the Service.",0,low
S002514,Youtube,Terms of Service,Terms of Service.docx,1,1,Your Content and Conduct,"This section applies to users who provide Content to the Service. It defines the scope of the permissions that you grant by uploading your Content, and includes your agreement not to upload anything that infringes on anyone else’s rights.",0,low
S002515,Youtube,Terms of Service,Terms of Service.docx,1,1,Account Suspension and Termination,This section explains how you and YouTube may terminate this relationship.,0,low
S002516,Youtube,Terms of Service,Terms of Service.docx,1,1,About Software in the Service,This section includes details about software on the Service.,0,low
S002517,Youtube,Terms of Service,Terms of Service.docx,1,1,Other Legal Terms,This section includes our service commitment to you. It also explains that there are some things we will not be responsible for.,0,low
S002518,Youtube,Terms of Service,Terms of Service.docx,1,1,About this Agreement,"This section includes some further important details about our contract, including what to expect if we need to make changes to these Terms; or which law applies to them.",0,low
S002519,Youtube,Terms of Service,Terms of Service.docx,1,1,"Dated: January 5, 2022","The Service allows you to discover, watch and share videos and other content, provides a forum for people to connect, inform, and inspire others across the globe, and acts as a distribution platform for original content creators and advertisers large and small. We provide lots of information about our products and how to use them in our Help Center. Among other things, you can find out about YouTube Kids, the YouTube Partner Program and YouTube Paid Memberships and Purchases (where available).You can also read all about enjoying content on other devices like your television, your games console, or Google Home.",0,low
S002520,Youtube,Terms of Service,Terms of Service.docx,1,1,Your Service Provider,"The entity providing the Service is Google LLC, a company operating under the laws of Delaware, located at 1600 Amphitheatre Parkway, Mountain View, CA 94043 (referred to as “YouTube”, “we”, “us”, or “our”). References to YouTube’s “Affiliates” in these terms means the other companies within the Alphabet Inc. corporate group (now or in the future).",0,low
S002521,Youtube,Terms of Service,Terms of Service.docx,1,1,Applicable Terms,"Your use of the Service is subject to these terms, the YouTube Community Guidelines and the Policy, Safety and Copyright Policies which may be updated from time to time (together, this ""Agreement""). Your Agreement with us will also include the Advertising on YouTube Policies if you provide advertising or sponsorships to the Service or incorporate paid promotions in your content. Any other links or references provided in these terms are for informational use only and are not part of the Agreement.",0,low
S002522,Youtube,Terms of Service,Terms of Service.docx,1,1,Applicable Terms,"Please read this Agreement carefully and make sure you understand it. If you do not understand the Agreement, or do not accept any part of it, then you may not use the Service.",0,low
S002523,Youtube,Terms of Service,Terms of Service.docx,1,1,Applicable Terms,"By accepting this Agreement, you affirm that you are 18 years of age or above and are fully competent to enter into this Agreement, and to abide by and comply with this Agreement. In case you are below 18 years of age, the restrictions and requirements below apply.",0,low
S002524,Youtube,Terms of Service,Terms of Service.docx,1,1,Applicable Terms,Who may use the Service?,0,low
S002525,Youtube,Terms of Service,Terms of Service.docx,1,1,Age Requirements,"You must be at least 13 years old to use the Service; however, children of all ages may use the Service and YouTube Kids (where available) if enabled by a parent or legal guardian.",2,medium
S002526,Youtube,Terms of Service,Terms of Service.docx,1,1,Permission by Parent or Guardian,"If you are considered a minor in your country, you represent that you have your parent or guardian’s permission to use the Service. Please have them read this Agreement with you.",1,medium
S002527,Youtube,Terms of Service,Terms of Service.docx,1,1,Permission by Parent or Guardian,"If you are a parent or legal guardian of a minor in your country, by allowing your child to use the Service, you are subject to the terms of this Agreement and responsible for your child’s activity on the Service. You can find tools and resources to help you manage your family’s experience on YouTube (including how to enable a child under the age of 13 to use the Service and YouTube Kids) in our Help Center and through Google’s Family Link.",1,medium
S002528,Youtube,Terms of Service,Terms of Service.docx,1,1,Businesses,"If you are using the Service on behalf of a company or organisation, you represent that you have authority to act on behalf of that entity, and that such entity accepts this Agreement.",0,low
S002529,Youtube,Terms of Service,Terms of Service.docx,1,1,Content on the Service,"The content on the Service includes videos, audio (for example music and other sounds), graphics, photos, text (such as comments and scripts), branding (including trade names, trademarks, service marks, or logos), interactive features, software, metrics, and other materials (collectively, ""Content”).",0,low
S002530,Youtube,Terms of Service,Terms of Service.docx,1,1,Content on the Service,"Content is the responsibility of the person or entity that provides it to the Service. YouTube is under no obligation to host or serve Content. If you see any Content you believe does not comply with this Agreement, including by violating the Community Guidelines or the law, you can report it to us.",0,low
S002531,Youtube,Terms of Service,Terms of Service.docx,1,1,Google Accounts and YouTube Channels,"You can use parts of the Service, such as browsing and searching for Content, without having a Google account. However, you do need a Google account to use some features. With a Google account, you may be able to like videos, subscribe to channels, create your own YouTube channel, and more. You can follow these instructions to create a Google account.",0,low
S002532,Youtube,Terms of Service,Terms of Service.docx,1,1,Google Accounts and YouTube Channels,"Creating a YouTube channel will give you access to additional features and functions, such as uploading videos, making comments or creating playlists (where available). Here are some details about how to create your own YouTube channel.",0,low
S002533,Youtube,Terms of Service,Terms of Service.docx,1,1,Google Accounts and YouTube Channels,"To protect your Google account, keep your password confidential. You should not reuse your Google account password on third-party applications. Learn more about keeping your Google account secure, including what to do if you learn of any unauthorised use of your password or Google account.",0,low
S002534,Youtube,Terms of Service,Terms of Service.docx,1,1,Your Information,Our Privacy Policy explains how we treat your personal data and protect your privacy when you use the Service. The YouTube Kids Privacy Notice provides additional information about our privacy practices that are specific to YouTube Kids.,0,low
S002535,Youtube,Terms of Service,Terms of Service.docx,1,1,Your Information,"We will process any audio or audiovisual content uploaded by you to the Service in accordance with the YouTube Data Processing Terms, except in cases where you uploaded such content for personal purposes or household activities. Learn More.",0,low
S002536,Youtube,Terms of Service,Terms of Service.docx,1,1,Permissions and Restrictions,"You may access and use the Service as made available to you, as long as you comply with this Agreement and applicable law. You may view or listen to Content for your personal, non-commercial use. You may also show YouTube videos through the embeddable YouTube player.",0,low
S002537,Youtube,Terms of Service,Terms of Service.docx,1,1,Permissions and Restrictions,"The following restrictions apply to your use of the Service. You are not allowed to: 1.access, reproduce, download, distribute, transmit, broadcast, display, sell, license, alter, modify or otherwise use any part of the Service or any Content except: (a) as expressly authorized by the Service; or (b) with prior written permission from YouTube and, if applicable, the respective rights holders;",0,low
S002539,Youtube,Terms of Service,Terms of Service.docx,1,1,Permissions and Restrictions,"2circumvent, disable, fraudulently engage with, or otherwise interfere with any part of the Service (or attempt to do any of these things), including security-related features or features that (a) prevent or restrict the copying or other use of Content or (b) limit the use of the Service or Content;",0,low
S002540,Youtube,Terms of Service,Terms of Service.docx,1,1,Permissions and Restrictions,"3. access the Service using any automated means (such as robots, botnets or scrapers) except (a) in the case of public search engines, in accordance with YouTube’s robots.txt file; or (b) with YouTube’s prior written permission",0,low
S002541,Youtube,Terms of Service,Terms of Service.docx,1,1,Permissions and Restrictions,"4. collect or harvest any information that might identify a person (for example, usernames or faces), unless permitted by that person or allowed under section (3) above;",0,low
S002542,Youtube,Terms of Service,Terms of Service.docx,1,1,Permissions and Restrictions,5. use the Service to distribute unsolicited promotional or commercial content or other unwanted or mass solicitations;,0,low
S002543,Youtube,Terms of Service,Terms of Service.docx,1,1,Permissions and Restrictions,"6 cause or encourage any inaccurate measurements of genuine user engagement with the Service, including by paying people or providing them with incentives to increase a video’s views, likes, or dislikes, or to increase a channel’s subscribers, or otherwise manipulate metrics in any manner.",0,low
S002544,Youtube,Terms of Service,Terms of Service.docx,1,1,Permissions and Restrictions,"7 misuse any reporting, flagging, complaint, dispute, or appeals process, including by making groundless, vexatious, or frivolous submissions",1,medium
S002545,Youtube,Terms of Service,Terms of Service.docx,1,1,Permissions and Restrictions,"8. use the Service to view or listen to Content other than for personal, non-commercial use:for example, you may not publicly screen videos or stream music from the Service); or",0,low
S002546,Youtube,Terms of Service,Terms of Service.docx,1,1,Permissions and Restrictions,"9 use the Service to (a) sell any advertising, sponsorships, or promotions placed on, around, or within the Service or Content, other than those allowed in the Advertising on YouTube policies (such as compliant product placements); or (b) sell advertising, sponsorships, or promotions on any page of any website or application that only contains Content from the Service or where Content from the Service is the primary basis for such sales (for example, selling ads on a webpage where YouTube videos are the main draw for users visiting the webpage).",0,low
S002547,Youtube,Terms of Service,Terms of Service.docx,1,1,Permissions and Restrictions,"Using the Service does not give you ownership of or rights to any aspect of the Service, including user names or any other Content posted by others or YouTube).",0,low
S002548,Youtube,Terms of Service,Terms of Service.docx,1,1,"Develop, Improve and Update the Service","YouTube is constantly changing and improving the Service. As part of this continual evolution, we may make modifications or changes (to all or part of the Service) such as adding or removing features and functionalities, offering new digital content or services or discontinuing old ones. We may also need to alter or discontinue the Service, or any part of it, in order to make performance or security improvements, make changes to comply with law, or prevent illegal activities on or abuse of our systems. These changes may affect all users, some users or even an individual user. When the Service requires or includes downloadable software (such as the YouTube Studio application), that software may update automatically on your device once a new version or feature is available, subject to your device settings. If we make material changes that negatively impact your use of the Service, we’ll provide you with reasonable advance notice, except in urgent situations such as preventing abuse, responding to legal requirements, or addressing security and operability issues. We’ll also provide you with an opportunity to export your content from your Google Account using Google Takeout, subject to applicable law and policies.",0,low
S002549,Youtube,Terms of Service,Terms of Service.docx,1,1,Uploading Content,"If you have a YouTube channel, you may be able to upload Content to the Service. You may use your Content to promote your business or artistic enterprise. If you choose to upload Content, you must not submit to the Service any Content that does not comply with this Agreement (including the YouTube Community Guidelines) or the applicable law(s).",0,low
S002550,Youtube,Terms of Service,Terms of Service.docx,1,1,Uploading Content,"In particular, the Content must: a. respect the rights of others, including privacy;",0,low
S002552,Youtube,Terms of Service,Terms of Service.docx,1,1,Uploading Content,b. not include third-party intellectual property (such as copyrighted material) unless you have permission from that party or are otherwise legally entitled to do so;,0,low
S002553,Youtube,Terms of Service,Terms of Service.docx,1,1,Uploading Content,"c. not abuse or harm others or yourself (or threaten or encourage such abuse or harm), including against children;",1,medium
S002554,Youtube,Terms of Service,Terms of Service.docx,1,1,Uploading Content,"d. not mislead, be patently false, or defrauding;",0,low
S002555,Youtube,Terms of Service,Terms of Service.docx,1,1,Uploading Content,"e. not illegally impersonate, defame, bully, harass, be obscene or stalk others;",0,low
S002556,Youtube,Terms of Service,Terms of Service.docx,1,1,Uploading Content,f. not incite violation of applicable laws;,0,low
S002557,Youtube,Terms of Service,Terms of Service.docx,1,1,Uploading Content,"g. not abuse, harm, interfere with, or disrupt the services — for example, by accessing or using them in fraudulent or deceptive ways, introducing malware, or spamming, hacking, or bypassing our systems or protective measures.",0,low
S002558,Youtube,Terms of Service,Terms of Service.docx,1,1,Uploading Content,"You are legally responsible for the Content you submit to the Service. We may use automated systems that analyze your Content to help detect infringement and abuse, including spam and malware.",0,low
S002559,Youtube,Terms of Service,Terms of Service.docx,1,1,Rights you Grant,"You retain ownership rights in your Content. However, we do require you to grant certain rights to YouTube and other users of the Service, as described below.",0,low
S002560,Youtube,Terms of Service,Terms of Service.docx,1,1,License to YouTube,"By providing Content to the Service, you grant to YouTube a worldwide, non-exclusive, royalty-free, transferable, sublicensable license to use that Content (including to reproduce, distribute, prepare derivative works, display and perform it). YouTube may only use that Content in connection with the Service and YouTube’s (and its successors’ and Affiliates) business, including for the purpose of promoting and redistributing part or all of the Service.",0,low
S002561,Youtube,Terms of Service,Terms of Service.docx,1,1,License to Other Users,"You also grant each other user of the Service a worldwide, non-exclusive, royalty-free license to access your Content through the Service, and to use that Content, including to reproduce, distribute, prepare derivative works, display and perform it, only as enabled by a feature of the Service (such as video playback or embeds). For clarity, this license does not grant any rights or permissions for a user to make use of your Content independent of the Service.",0,low
S002562,Youtube,Terms of Service,Terms of Service.docx,1,1,Duration of License,"The licenses granted by you continue for a commercially reasonable period of time after you remove or delete your Content from the Service. You understand and agree, however, that YouTube may retain, but not display, distribute, or perform, server copies of your videos that have been removed or deleted.",0,low
S002563,Youtube,Terms of Service,Terms of Service.docx,1,1,Right to Monetize,"You grant to YouTube the right to monetize your Content on the Service (and such monetization may include displaying ads on or within Content or charging users a fee for access). This Agreement does not entitle you to any payments. Starting June 1, 2021, any payments you may be entitled to receive from YouTube under any other agreement between you and YouTube (including for example payments under the YouTube Partner Program, Channel memberships or Super Chat) will be treated as royalties. If required by law, Google will withhold taxes from such payments.",0,low
S002564,Youtube,Terms of Service,Terms of Service.docx,1,1,Removing Your Content,You may remove your Content from the Service at any time. You also have the option to make a copy of your Content before removing it. You must remove your Content if you no longer have the rights required by these terms.,0,low
S002565,Youtube,Terms of Service,Terms of Service.docx,1,1,Removal of Content By YouTube,"If we reasonably believe that any of your Content (1) is in breach of this Agreement or (2) may cause harm to YouTube, our users, or third parties, we reserve the right to remove or take down that Content in accordance with applicable law. We will notify you with the reason for our action unless we reasonably believe that to do so: (a) would breach the law or the direction of a legal enforcement authority or would otherwise risk legal liability for YouTube or our Affiliates; (b) would compromise an investigation or the integrity or operation of the Service; or (c) would cause harm to any user, other third party, YouTube or our Affiliates. You can learn more about reporting and enforcement, including how to appeal on the Troubleshooting page of our Help Center.",0,low
S002566,Youtube,Terms of Service,Terms of Service.docx,1,1,Community Guidelines Strikes,"YouTube operates a system of “strikes” in respect of Content that violates the YouTube Community Guidelines. Each strike comes with varying restrictions and may result in the permanent removal of your channel from YouTube. A full description of how a strike affects your channel is available on the Community Guidelines Strikes Basics page. If you believe that a strike has been issued in error, you may appeal here.",0,low
S002567,Youtube,Terms of Service,Terms of Service.docx,1,1,Community Guidelines Strikes,"If your channel has been restricted due to a strike, you must not use another channel to circumvent these restrictions. Violation of this prohibition is a material breach of this Agreement and Google reserves the right to terminate your Google account or your access to all or part of the Service.",0,low
S002568,Youtube,Terms of Service,Terms of Service.docx,1,1,Copyright Protection,"We provide information to help copyright holders manage their intellectual property online in our YouTube Copyright Center. If you believe your copyright has been infringed on the Service, please send us a notice.",0,low
S002569,Youtube,Terms of Service,Terms of Service.docx,1,1,Copyright Protection,"We respond to notices of alleged copyright infringement according to the process in our YouTube Copyright Center, where you can also find information about how to resolve a copyright strike. YouTube's policies provide for the termination, in appropriate circumstances, of repeat infringers’ access to the Service.",0,low
S002570,Youtube,Terms of Service,Terms of Service.docx,1,1,Terminations by You,"You may stop using the Service at any time. Follow these instructions to delete the Service from your Google Account, which involves closing your YouTube channel and removing your data. You also have the option to download a copy of your data first.",0,low
S002571,Youtube,Terms of Service,Terms of Service.docx,1,1,Terminations and Suspensions by YouTube,"YouTube reserves the right to suspend or terminate your Google account or your access to all or part of the Service if: (a) you materially or repeatedly breach this Agreement; (b) we are required to do so to comply with a legal requirement or a court order; or (c) we believe there has been conduct that creates (or could create) liability or harm to any user, other third party, YouTube or our Affiliates.",2,medium
S002572,Youtube,Terms of Service,Terms of Service.docx,1,1,Notice for Termination or Suspension,"We will notify you with the reason for termination or suspension by YouTube unless we reasonably believe that to do so: (a) would violate the law or the direction of a legal enforcement authority; (b) would compromise an investigation; (c) would compromise the integrity, operation or security of the Service; or (d) would cause harm to any user, other third party, YouTube or our Affiliates. Where YouTube is terminating your use for Service changes, where reasonably possible, you will be provided with sufficient time to export your Content from the Service.",0,low
S002573,Youtube,Terms of Service,Terms of Service.docx,1,1,Effect of Account Suspension or Termination,"If your Google account is terminated or your access to the Service is restricted, you may continue using certain aspects of the Service (such as viewing only) without an account, and this Agreement will continue to apply to such use. If you believe that the termination or suspension of your Google account has been made in error, you can appeal using this form.",0,low
S002574,Youtube,Terms of Service,Terms of Service.docx,1,1,Downloadable Software,"When the Service requires or includes downloadable software (such as the YouTube Studio application), unless that software is governed by additional terms which provide a license, YouTube gives you a personal, worldwide, royalty-free, non-assignable and non-exclusive license to use the software provided to you by YouTube as part of the Service. This license is for the sole purpose of enabling you to use and enjoy the benefit of the Service as provided by YouTube, in the manner permitted by this Agreement. You are not allowed to copy, modify, distribute, sell, sublicense or lease any part of the software, unless you have YouTube’s written permission.",0,low
S002575,Youtube,Terms of Service,Terms of Service.docx,1,1,Open Source,"Some software used in our Service may be offered under an open source, royalty-free license that we provide to you. There may be provisions in an open source license that expressly override some of these terms, so please be sure to read those licenses.",0,low
S002576,Youtube,Terms of Service,Terms of Service.docx,1,1,Warranty Disclaimer,"OTHER THAN AS EXPRESSLY STATED IN THIS AGREEMENT OR AS REQUIRED BY LAW, THE SERVICE IS PROVIDED “AS IS” AND YOUTUBE DOES NOT MAKE ANY SPECIFIC COMMITMENTS OR WARRANTIES ABOUT THE SERVICE. FOR EXAMPLE, WE DON’T MAKE ANY WARRANTIES ABOUT: (A) THE CONTENT PROVIDED THROUGH THE SERVICE; (B) THE SPECIFIC FEATURES OF THE SERVICE, OR ITS ACCURACY, RELIABILITY, AVAILABILITY, OR ABILITY TO MEET YOUR NEEDS; OR (C) THAT ANY CONTENT YOU SUBMIT WILL BE ACCESSIBLE ON THE SERVICE.",0,low
S002577,Youtube,Terms of Service,Terms of Service.docx,1,1,Limitation of Liability,"EXCEPT AS REQUIRED BY APPLICABLE LAW, YOUTUBE, ITS AFFILIATES, OFFICERS, DIRECTORS, EMPLOYEES AND AGENTS WILL NOT BE RESPONSIBLE FOR ANY LOSS OF PROFITS, REVENUES, BUSINESS OPPORTUNITIES, GOODWILL, OR ANTICIPATED SAVINGS; LOSS OR CORRUPTION OF DATA; INDIRECT OR CONSEQUENTIAL LOSS; PUNITIVE DAMAGES CAUSED BY",0,low
S002578,Youtube,Terms of Service,Terms of Service.docx,1,1,"1. ERRORS, MISTAKES, OR INACCURACIES ON THE SERVICE",2. PERSONAL INJURY OR PROPERTY DAMAGE RESULTING FROM YOUR USE OF THE SERVICE;,0,low
S002579,Youtube,Terms of Service,Terms of Service.docx,1,1,"1. ERRORS, MISTAKES, OR INACCURACIES ON THE SERVICE",3. ANY UNAUTHORIZED USE OF THE SERVICE;,0,low
S002580,Youtube,Terms of Service,Terms of Service.docx,1,1,"1. ERRORS, MISTAKES, OR INACCURACIES ON THE SERVICE",4. ANY INTERRUPTION OR CESSATION OF THE SERVICE;,0,low
S002581,Youtube,Terms of Service,Terms of Service.docx,1,1,"1. ERRORS, MISTAKES, OR INACCURACIES ON THE SERVICE",5. ANY VIRUSES OR MALICIOUS CODE TRANSMITTED TO OR THROUGH THE SERVICE BY ANY THIRD PARTY;,0,low
S002582,Youtube,Terms of Service,Terms of Service.docx,1,1,"1. ERRORS, MISTAKES, OR INACCURACIES ON THE SERVICE","6 .ANY CONTENT WHETHER SUBMITTED BY A USER OR YOUTUBE, INCLUDING YOUR USE OF CONTENT; AND/OR",0,low
S002583,Youtube,Terms of Service,Terms of Service.docx,1,1,"1. ERRORS, MISTAKES, OR INACCURACIES ON THE SERVICE",7. THE REMOVAL OR UNAVAILABILITY OF ANY CONTENT.,0,low
S002584,Youtube,Terms of Service,Terms of Service.docx,1,1,"1. ERRORS, MISTAKES, OR INACCURACIES ON THE SERVICE","THIS PROVISION APPLIES TO ANY CLAIM, REGARDLESS OF WHETHER THE CLAIM ASSERTED IS BASED ON WARRANTY, CONTRACT, TORT, OR ANY OTHER LEGAL THEORY.",0,low
S002585,Youtube,Terms of Service,Terms of Service.docx,1,1,"1. ERRORS, MISTAKES, OR INACCURACIES ON THE SERVICE","TO THE EXTENT PERMITTED BY APPLICABLE LAW, YOUTUBE AND ITS AFFILIATES’ TOTAL LIABILITY FOR ANY CLAIMS ARISING FROM OR RELATING TO THE SERVICE IS LIMITED TO THE GREATER OF: (A) THE AMOUNT OF REVENUE THAT YOUTUBE HAS PAID TO YOU FROM YOUR USE OF THE SERVICE IN THE 12 MONTHS BEFORE THE DATE OF YOUR NOTICE, IN WRITING TO YOUTUBE, OF THE CLAIM AND (B) USD $500, WHICHEVER IS HIGHER.",0,low
S002586,Youtube,Terms of Service,Terms of Service.docx,1,1,Indemnity,"To the extent permitted by applicable law, you agree to defend, indemnify and hold harmless YouTube, its Affiliates, officers, directors, employees and agents, from and against any and all claims, damages, obligations, losses, liabilities, costs or debt, and expenses (including but not limited to attorney's fees) arising from: (i) your use of he Service; (ii) your violation of any term of these Terms of Service; (iii) your violation of any third party right, including without limitation any copyright, property, or privacy right; or (iv) any claim that your Content caused damage to a third party. This defense and indemnification obligation will survive this Agreement and your use of the Service.",0,low
S002587,Youtube,Terms of Service,Terms of Service.docx,1,1,Third-Party Links,"The Service may contain links to third-party websites and online services that are not owned or controlled by YouTube. YouTube has no control over, and assumes no responsibility for, such websites and online services. Be aware when you leave the Service; we suggest you read the terms and privacy policy of each third-party website and online service that you visit.",0,low
S002588,Youtube,Terms of Service,Terms of Service.docx,1,1,Changing this Agreement,"We may change this Agreement, (1) to reflect changes to our Service or how we do business - for example, when we add new products or features or remove old ones, (2) for legal, regulatory, or security reasons, or (3) to prevent abuse or harm .",0,low
S002589,Youtube,Terms of Service,Terms of Service.docx,1,1,Changing this Agreement,"If we materially change this Agreement, we’ll provide you with reasonable advance notice and the opportunity to review the changes, except (1) when we launch a new product or feature, or (2) in urgent situations, such as preventing ongoing abuse or responding to legal requirements. If you don’t agree to the new terms, you should remove any Content you uploaded and stop using the Service.",0,low
S002590,Youtube,Terms of Service,Terms of Service.docx,1,1,Continuation of this Agreement,"If your use of the Service ends, the following terms of this Agreement will continue to apply to you: “Other Legal Terms”, “About This Agreement”, and the licenses granted by you will continue as described under “Duration of License”.",0,low
S002591,Youtube,Terms of Service,Terms of Service.docx,1,1,Severance,"If it turns out that a particular term of this Agreement is not enforceable for any reason, this will not affect any other terms.",0,low
S002592,Youtube,Terms of Service,Terms of Service.docx,1,1,No Waiver,"If you fail to comply with this Agreement and we do not take immediate action, this does not mean that we are giving up any rights that we may have (such as the right to take action in the future).",0,low
S002593,Youtube,Terms of Service,Terms of Service.docx,1,1,Interpretation,"In these terms, “include” or “including” means “including but not limited to,” and any examples we give are for illustrative purposes.",0,low
S002594,Youtube,Terms of Service,Terms of Service.docx,1,1,Governing Law,"California law will govern all disputes arising out of or relating to these terms or the Service, regardless of conflict of laws rules. These disputes will be resolved exclusively in the federal or state courts of Santa Clara County, California, USA, and you and YouTube consent to personal jurisdiction in those courts.",1,medium
S002595,Youtube,Terms of Service,Terms of Service.docx,1,1,Governing Law,"If applicable local law prevents these disputes from being resolved in a California court, then you can file these disputes in your local courts. Likewise, if applicable local law prevents your local court from applying California law to resolve these disputes, then these disputes will be governed by the laws of your country of residence.",0,low
S002596,Youtube,Youtube Spam policy,Youtube Spam policy.docx,1,1,Spam policy,"We do not allow content, metadata or behaviour designed to take advantage of the YouTube community, including spamming users or manipulating the platform in ways that mislead them. We also prohibit misleading viewers to boost content engagement or to flood community spaces with inorganic promotion.",0,low
S002597,Youtube,Youtube Spam policy,Youtube Spam policy.docx,1,1,Spam policy,"If you find content that violates this policy, report it using these instructions for reporting Community Guidelines violations. If you've found a few videos or comments on the same channel that you would like to report, you can report the channel.",0,low
S002598,Youtube,Youtube Spam policy,Youtube Spam policy.docx,1,1,Spam policy,"This policy applies to all types of content on YouTube, including unlisted and private content, comments, links, posts and thumbnails and coordinated networks of channels.",0,low
S002599,Youtube,Youtube Spam policy,Youtube Spam policy.docx,1,1,What this policy means for you,"We recognise that creators use a variety of strategies to promote their channels and reach new audiences. To grow their audience safely and sustainably, creators should avoid practices that rely on artificial engagement, undermine platform integrity and disrupt the overall viewer experience. Examples are included below; this is not a complete list.",0,low
S002600,Youtube,Youtube Spam policy,Youtube Spam policy.docx,1,1,What this policy means for you,"Engagement manipulation: Repetitive or templated content aimed at artificially inflating engagement through bots, coercion or offering rewards in exchange for likes, views or subscribers. It's okay to ask viewers to like, comment or subscribe.",0,low
S002601,Youtube,Youtube Spam policy,Youtube Spam policy.docx,1,1,What this policy means for you,Example: Using coordinated 'sub-for-sub' schemes.,0,low
S002602,Youtube,Youtube Spam policy,Youtube Spam policy.docx,1,1,What this policy means for you,"Fake engagement: Exploiting community features, such as polls or image posts, to force engagement rather than building genuine enthusiasm from your audience or community.",0,low
S002603,Youtube,Youtube Spam policy,Youtube Spam policy.docx,1,1,What this policy means for you,"Example: Posting high volumes of low-effort, repetitive polls (e.g. 'Click the heart if you like food') multiple times a day.",0,low
S002604,Youtube,Youtube Spam policy,Youtube Spam policy.docx,1,1,What this policy means for you,"Comment spam: Using high-volume, repetitive or deceptive comments, live chats or other messages to drive traffic to or engagement with content.",0,low
S002605,Youtube,Youtube Spam policy,Youtube Spam policy.docx,1,1,What this policy means for you,Example: Posting identical or similar 'take a look at my channel' messages across hundreds of videos.,0,low
S002606,Youtube,Youtube Spam policy,Youtube Spam policy.docx,1,1,What this policy means for you,"Off-platform diversion: Content created solely to drive users off YouTube to external sites, especially those hosting prohibited material like malware, adult content or illegal goods/services.",0,low
S002607,Youtube,Youtube Spam policy,Youtube Spam policy.docx,1,1,What this policy means for you,Example: A 10-second video promising a 'free-of-charge unreleased movie' that directs viewers to a URL in the description which contains malware.,0,low
S002608,Youtube,Youtube Spam policy,Youtube Spam policy.docx,1,1,What this policy means for you,"Detection evasion: Technical manipulation (such as speeding up audio, using heavy filters or cropping) designed to bypass abuse detection.",0,low
S002609,Youtube,Youtube Spam policy,Youtube Spam policy.docx,1,1,What this policy means for you,Example: Uploading a television episode that has been mirrored horizontally to avoid detection.,0,low
S002610,Youtube,Youtube Spam policy,Youtube Spam policy.docx,1,1,What this policy means for you,"Automated or synthetic mass production: Using automated tools or AI to churn out high volumes of similar content with minimal changes. While testing out new creation tools or posting a few variations of a video is okay, we don't allow use of these tools to flood our platform with repetitive content. This includes coordinated mass production and technical manipulation to bypass filters or trick viewers.",0,low
S002611,Youtube,Youtube Spam policy,Youtube Spam policy.docx,1,1,What this policy means for you,"Example: Channels that use the exact same background music and repetitive AI-generated imagery across many videos, with each video reading out an AI-generated script.",0,low
S002612,Youtube,Youtube Spam policy,Youtube Spam policy.docx,1,1,What this policy means for you,"Scraped content: Reposting material from other websites or platforms or other videos without adding anything of your own, such as original commentary, educational value or unique editing.",0,low
S002613,Youtube,Youtube Spam policy,Youtube Spam policy.docx,1,1,What this policy means for you,"Example: A channel that takes popular clips and re-uploads them in their entirety without any transformative editing, reaction or educational breakdown.",0,low
S002614,Youtube,Youtube Spam policy,Youtube Spam policy.docx,1,1,What this policy means for you,"Scams: Promoting 'get rich quick' investment schemes or fake job offers or sharing fake customer support contact information to steal private data like bank details, passwords or government IDs.",0,low
S002615,Youtube,Youtube Spam policy,Youtube Spam policy.docx,1,1,What this policy means for you,Example: A video pretending to be a real company or government service that tricks viewers into clicking a link for a 'free payout' but steals their passwords and bank info.,0,low
S002616,Youtube,Youtube Spam policy,Youtube Spam policy.docx,1,1,What this policy means for you,"Malicious clickbait: Using maliciously misleading titles, thumbnails, descriptions or imagery to trick users into clicking on a video that does not deliver what was promised.",0,low
S002617,Youtube,Youtube Spam policy,Youtube Spam policy.docx,1,1,What this policy means for you,Example: Uploading a video for which the title offers a full sports match but the video shows only a clip.,0,low
S002618,Youtube,Youtube Spam policy,Youtube Spam policy.docx,1,1,What happens if content violates this policy,"If your content violates this policy, we may suspend your monetisation or terminate your channel or account. Learn more about monetisation policies and channel or account terminations.",0,low
S002619,Youtube,Youtube Spam policy,Youtube Spam policy.docx,1,1,What happens if content violates this policy,"For some violations, we may remove the content and issue a warning or a strike against your channel. If this happens, we'll send you an email to let you know.",0,low
S002620,Youtube,Youtube Spam policy,Youtube Spam policy.docx,1,1,What happens if content violates this policy,"You can take optional policy training to allow the warning to expire after 90 days. However, if your content violates the same policy within that 90-day window, the warning may not expire and your channel may be given a strike. If you violate a different policy after completing the training, you will get another warning. We may prevent repeat offenders from taking policy training in the future.",0,low
S002621,Youtube,YoutubeCommunityGuidelines,YoutubeCommunityGuidelines.docx,1,1,Our Policies,"YouTube's mission is to give everyone a voice and show them the world — and openness and free expression are at the heart of this. Our platform is a place where a broad range of perspectives are encouraged, and we don't shy away from disagreement and debate.",0,low
S002622,Youtube,YoutubeCommunityGuidelines,YoutubeCommunityGuidelines.docx,1,1,How Community & Ad-Friendly Guidelines work,"Our policies help us maintain a responsible business that viewers, creators and advertisers can rely on in order to continue to thrive on YouTube.",0,low
S002623,Youtube,YoutubeCommunityGuidelines,YoutubeCommunityGuidelines.docx,1,1,How Community & Ad-Friendly Guidelines work,"As with any system, we sometimes make mistakes. That's why appeals are an important part of our processes. Creators are notified when their videos are removed due to policy violations or when they may be suspended from the YPP, and can appeal if they disagree with our decision.",0,low
S002624,Youtube,YoutubeCommunityGuidelines,YoutubeCommunityGuidelines.docx,1,1,How Community & Ad-Friendly Guidelines work,Our Community Guidelines and Advertiser-Friendly Content Guidelines are what enable us to strike this balance.,0,low
S002625,Youtube,YoutubeCommunityGuidelines,YoutubeCommunityGuidelines.docx,1,1,Community Guidelines,"Content that violates our Community Guidelines is flagged by a mix of automated detection and human reporting — most of which is detected automatically — and we go to great lengths to make sure that violative content isn’t widely viewed, or even viewed at all, before it’s taken down.",0,low
S002626,Youtube,YoutubeCommunityGuidelines,YoutubeCommunityGuidelines.docx,1,1,Community Guidelines,"Exceptions can be made when content has a clear educational, documentary, scientific or artistic (EDSA) context, including content that is in the public interest.",0,low
S002627,Youtube,YoutubeCommunityGuidelines,YoutubeCommunityGuidelines.docx,1,1,Advertiser-Friendly Content Guidelines,Brands rely on us to protect their business interests when they're advertising on YouTube.,0,low
S002628,Youtube,YoutubeCommunityGuidelines,YoutubeCommunityGuidelines.docx,1,1,Advertiser-Friendly Content Guidelines,"To help support this, we have a set of ad-friendly guidelines that creators in the YouTube Partner Programme (YPP) need to follow in order to have ads served on their channel content and earn a share of the revenue.",0,low
S002629,Youtube,YoutubeCommunityGuidelines,YoutubeCommunityGuidelines.docx,1,1,How we support creators,"Since 2007, we've been paying eligible creators every month through our revenue-sharing model, the YouTube Partner Programme.",0,low
S002630,Youtube,YoutubeCommunityGuidelines,YoutubeCommunityGuidelines.docx,1,1,How we support creators,"For a creator to be eligible for the YPP, they must meet a higher bar for what they share on YouTube. Creators have to follow the YouTube monetisation policies and we review each applicant's channel before admitting them to the YPP. We also demonetise videos that violate our advertiser-friendly guidelines, and suspend creators from the YPP for repeat offences. With this model, creators have a long-term incentive to reinforce YouTube's safety and follow our policies.",0,low
S002631,Youtube,YoutubeCommunityGuidelines,YoutubeCommunityGuidelines.docx,1,1,How we support creators,We also provide creators with an array of tools to manage their content and communities: Channel guidelines help creators to set what kind of conversations they want to have on their channel.,0,low
S002633,Youtube,YoutubeCommunityGuidelines,YoutubeCommunityGuidelines.docx,1,1,Manage Experiences,"Creators can hold potentially inappropriate comments for review, hide certain individuals, block words, assign moderation privileges and more.",0,low
S002634,Youtube,YoutubeCommunityGuidelines,YoutubeCommunityGuidelines.docx,1,1,Channel Management,We provide creators with an array of products that help them to decide how to manage their channels.,0,low
S002635,Youtube,YoutubeCommunityGuidelines,YoutubeCommunityGuidelines.docx,1,1,Privacy & Safety Resources,"The privacy and safety of creators on YouTube is important to us, and we provide a range of tools and resources to support them.",0,low
S002636,Youtube,YoutubeCopyrightPolicy,YoutubeCopyrightPolicy.docx,1,1,Copyright,YouTube is designed to ensure that every player in our ecosystem can be successful.,0,low
S002637,Youtube,YoutubeCopyrightPolicy,YoutubeCopyrightPolicy.docx,1,1,Copyright,This includes both protecting rightsholders and giving creators peace of mind so that they can focus on producing original content.,0,low
S002638,Youtube,YoutubeCopyrightPolicy,YoutubeCopyrightPolicy.docx,1,1,Copyright,How YouTube’s Copyright Protection Tools work,0,low
S002639,Youtube,YoutubeCopyrightPolicy,YoutubeCopyrightPolicy.docx,1,1,Copyright,We've invested millions of dollars in developing a Copyright Management Suite that's designed to balance the needs of our entire ecosystem — and we have clear rules when it comes to copyright.,0,low
S002640,Youtube,YoutubeCopyrightPolicy,YoutubeCopyrightPolicy.docx,1,1,Copyright,"YouTube has worked directly with rightsholders to ensure that copyrighted material on our platform is authorised, and that we provide those robust tools to allow rightsholders to notify YouTube of alleged infringement, which we remove in accordance with the law. There are three main tools that make up our Copyright Management Suite: Who is it for?",0,low
S002642,Youtube,YoutubeCopyrightPolicy,YoutubeCopyrightPolicy.docx,1,1,Webform,"Available in more than 80 languages, all rightsholders have access to the webform, which we've built as a streamlined and efficient way to submit copyright removal requests.",0,low
S002643,Youtube,YoutubeCopyrightPolicy,YoutubeCopyrightPolicy.docx,1,1,Webform,What does it do?,0,low
S002644,Youtube,YoutubeCopyrightPolicy,YoutubeCopyrightPolicy.docx,1,1,Webform,"Rightsholders enter a few details of their request, which is then reviewed by YouTube to see if it meets the legal requirements for removing the reported content.",0,low
S002645,Youtube,YoutubeCopyrightPolicy,YoutubeCopyrightPolicy.docx,1,1,Webform,"Rightsholders have access to powerful features, including the ability to ask YouTube to automatically prevent copies of the removed content from being reuploaded.",0,low
S002646,Youtube,YoutubeCopyrightPolicy,YoutubeCopyrightPolicy.docx,1,1,Copyright Match Tool,Who's it for?,0,low
S002647,Youtube,YoutubeCopyrightPolicy,YoutubeCopyrightPolicy.docx,1,1,Copyright Match Tool,It helps creators and rightsholders to protect their content by automatically finding videos that are the same or very similar to ones previously uploaded.,0,low
S002648,Youtube,YoutubeCopyrightPolicy,YoutubeCopyrightPolicy.docx,1,1,Copyright Match Tool,What does it do?,0,low
S002649,Youtube,YoutubeCopyrightPolicy,YoutubeCopyrightPolicy.docx,1,1,Copyright Match Tool,"If a match is found, the creator or the rightsholder is notified. They can then review the video that potentially reused their content and decide whether to request the video's removal.",0,low
S002650,Youtube,YoutubeCopyrightPolicy,YoutubeCopyrightPolicy.docx,1,1,Content ID,Who's it for?,0,low
S002651,Youtube,YoutubeCopyrightPolicy,YoutubeCopyrightPolicy.docx,1,1,Content ID,"Rightsholders who have the most complex rights management needs and experience heavy reposting of copyrighted material, like film studios and music labels.",0,low
S002652,Youtube,YoutubeCopyrightPolicy,YoutubeCopyrightPolicy.docx,1,1,Content ID,What does it do?,0,low
S002653,Youtube,YoutubeCopyrightPolicy,YoutubeCopyrightPolicy.docx,1,1,Content ID,"Rightsholders can pre-determine rules for when content matches are found, choosing to block a whole video from being viewed, monetise the video by running ads against it or track the video's viewership stats.",0,low
S002654,Youtube,YoutubeCopyrightPolicy,YoutubeCopyrightPolicy.docx,1,1,How YouTube Addresses Copyright Claims Appeals,The majority of copyright claims and removal requests on YouTube come from our automatic detection technology.,0,low
S002655,Youtube,YoutubeCopyrightPolicy,YoutubeCopyrightPolicy.docx,1,1,How YouTube Addresses Copyright Claims Appeals,"We empower uploaders to report wrongful takedown requests, and we measure how often creators push back against removals and Content ID claims in our Copyright Transparency Report.",0,low
S002656,Youtube,YoutubeCopyrightPolicy,YoutubeCopyrightPolicy.docx,1,1,How YouTube Addresses Copyright Claims Appeals,"Of the more than 2 billion Content ID claims made in 2024, fewer than 1% have been disputed. Over 70% of those disputes succeeded, because claimants either voluntarily released the claim or did not respond within the 30-day window, resulting in the claim's release. (Source)",1,medium
S002657,Youtube,YoutubePrivacyPolicy,YoutubePrivacyPolicy.docx,1,1,Privacy,"At YouTube and Google, we understand that when people use our services, they are trusting us with their information.",0,low
S002658,Youtube,YoutubePrivacyPolicy,YoutubePrivacyPolicy.docx,1,1,Our Approach to Privacy,"We adhere to Google's privacy principles, which means that we build products that are private by design and are thoughtful about the data we use, how we use it and how we protect it. Any data that we collect to customise our services for users, including personalised recommendations, search results that help them more easily discover creators that they love, content that meets their needs and serving relevant ads are all controlled by a user within their privacy settings.",0,low
S002659,Youtube,YoutubePrivacyPolicy,YoutubePrivacyPolicy.docx,1,1,Our Approach to Privacy,"This allows users to select what is right for them, so that they are in control of the personal information shared with Google – including reviewing their data, downloading and moving it to another service or deleting it entirely whenever they want. Google's privacy policies keep users informed about what data we collect, how it's used and why. And we never sell a user's personal information to anyone.",0,low
S002660,Youtube,YoutubePrivacyPolicy,YoutubePrivacyPolicy.docx,1,1,Privacy tools,Our privacy tools are easy to use and empower our users to choose the experience that works for them.,0,low
S002661,Youtube,YoutubePrivacyPolicy,YoutubePrivacyPolicy.docx,1,1,Privacy Settings,"Your data in YouTube is a feature that makes it easier for users to understand and control what data is saved, and how it is used on the platform and across Google. It gives them quick access to YouTube privacy controls, such as allowing signed-in users to clear their search history, remove individual search entries from search suggestions or pause search history using the YouTube history settings. This allows users to optimise their experience on the platform and decide what personal information is used to influence recommendations.",0,low
S002662,Youtube,YoutubePrivacyPolicy,YoutubePrivacyPolicy.docx,1,1,Privacy Settings,"We also offer Incognito mode, which lets users signed in to the YouTube app browse privately in a session so that their account search and watch history will not reflect whatever they're viewing.",0,low
S002663,Youtube,YoutubePrivacyPolicy,YoutubePrivacyPolicy.docx,1,1,Ad Settings,"With ad settings, users can see what information is being used to personalise ads to them, turn any of it on or off, or deactivate personalised ads altogether. They'll still see ads, but they'll most likely be less relevant.",0,low
S002664,Youtube,YoutubePrivacyPolicy,YoutubePrivacyPolicy.docx,1,1,Ad Settings,We do not serve personalised ads to users under 18.,1,medium
