clause_id,app_name,source_document,source_file,page_start,page_end,section_heading,clause_text,relevance_score,relevance_level
S000043,Google,Google Cloud Terms of Service,Google Cloud Terms of Service.docx,1,1,Google Cloud Terms of Service,"(i) With respect to GCP Services and their corresponding TSS, unless otherwise noted by Google, material updates to this Agreement will become effective 30 days after they are posted. Notwithstanding the preceding sentence, to the extent any updates apply to new functionality or are required to comply with applicable law, they will be effective immediately. If Customer does not agree to any update to the Agreement regarding GCP or its TSS, Customer may stop using the GCP Services or TSS. Customer may also terminate this Agreement for convenience under Section 8.5 (Termination for Convenience). Customer's continued use of the GCP Services or TSS after a material update will constitute Customer's consent to such update.",2,medium
S000072,Google,Google Cloud Terms of Service,Google Cloud Terms of Service.docx,1,1,Google Cloud Terms of Service,"3.2 Privacy. Customer is responsible for any consents and notices required to permit (a) Customer's use and receipt of the Services and (b) Google's accessing, storing, and processing of data provided by Customer (including Customer Data, if applicable) under this Agreement.",2,medium
S000080,Google,Google Cloud Terms of Service,Google Cloud Terms of Service.docx,1,1,Google Cloud Terms of Service,(b) Administration of GWS Services and Cloud Identity Services. Customer may specify through the Admin Console one or more Administrators who will have the right to access Admin Accounts. Customer is responsible for (i) maintaining the confidentiality and security of the End User Accounts and associated passwords and (ii) any use of the End User Accounts. Customer agrees that Google’s responsibilities do not extend to the internal management or administration of the GWS Services or Cloud Identity Services for Customer or any End Users.,1,medium
S000112,Google,Google Cloud Terms of Service,Google Cloud Terms of Service.docx,1,1,Google Cloud Terms of Service,"9. Publicity. Neither party may use the other party’s Brand Features or issue, publish, or present a press release, blog post, speech, social media post, or investor relations call or announcement discussing Customer’s use of the Services or this Agreement without the written consent of the other party, except as expressly permitted in this Agreement. Subject to the preceding sentence, Customer may state publicly that it is a Google Cloud customer and display Brand Features in accordance with the Branding Guidelines. Google may use Customer's name and Brand Features in online or offline promotional materials of the Services. Any use of a party’s Brand Features will inure to the benefit of the party holding Intellectual Property Rights to those Brand Features.",1,medium
S000130,Google,Google Cloud Terms of Service,Google Cloud Terms of Service.docx,1,1,Google Cloud Terms of Service,"(b) Any indemnified party must tender sole control of the indemnified portion of the Third-Party Legal Proceeding to the indemnifying party, subject to the following: (i) the indemnified party may appoint its own non-controlling counsel, at its own expense; and (ii) any settlement requiring the indemnified party to admit liability, pay money, or take (or refrain from taking) any action, will require the indemnified party's prior written consent, not to be unreasonably withheld, conditioned, or delayed.",2,medium
S000137,Google,Google Cloud Terms of Service,Google Cloud Terms of Service.docx,1,1,Google Cloud Terms of Service,14.2 Emails. The parties may use emails to satisfy written approval and consent requirements under this Agreement.,1,medium
S000138,Google,Google Cloud Terms of Service,Google Cloud Terms of Service.docx,1,1,Google Cloud Terms of Service,"14.3 Assignment. Neither party may assign any part of this Agreement without the written consent of the other, except to an Affiliate where (a) the assignee has agreed in writing to be bound by the terms of this Agreement, and (b) the assigning party has notified the other party of the assignment. Any other attempt to assign is void. If Customer assigns this Agreement to an Affiliate in another jurisdiction such that there is a change in the Google contracting entity as defined at https://cloud.google.com/terms/google-entity this Agreement is automatically assigned to the new Google contracting entity.",1,medium
S000149,Google,Google Cloud Terms of Service,Google Cloud Terms of Service.docx,1,1,Google Cloud Terms of Service,"(b) For U.S. Federal Government Entities. If Customer is a U.S. federal government entity, then the following applies: ALL CLAIMS ARISING OUT OF OR RELATING TO THIS AGREEMENT OR THE SERVICES WILL BE GOVERNED BY THE LAWS OF THE UNITED STATES OF AMERICA, EXCLUDING ITS CONFLICT OF LAWS RULES. SOLELY TO THE EXTENT PERMITTED BY FEDERAL LAW, (I) THE LAWS OF THE STATE OF CALIFORNIA (EXCLUDING CALIFORNIA'S CONFLICT OF LAWS RULES) WILL APPLY IN THE ABSENCE OF APPLICABLE FEDERAL LAW; AND (II) FOR ALL CLAIMS ARISING OUT OF OR RELATING TO THIS AGREEMENT OR THE SERVICES, THE PARTIES CONSENT TO PERSONAL JURISDICTION IN, AND THE EXCLUSIVE VENUE OF, THE COURTS IN SANTA CLARA COUNTY, CALIFORNIA.",1,medium
S000150,Google,Google Cloud Terms of Service,Google Cloud Terms of Service.docx,1,1,Google Cloud Terms of Service,"(c) For All Other Entities. If Customer is any entity not identified in Section 14.12(a) (U.S. Governing Law for U.S. City, County, and State Government Entities) or (b) (U.S. Governing Law for Federal Government Entities), then the following applies: ALL CLAIMS ARISING OUT OF OR RELATING TO THIS AGREEMENT OR THE SERVICES WILL BE GOVERNED BY CALIFORNIA LAW, EXCLUDING THAT STATE'S CONFLICT OF LAWS RULES, AND WILL BE LITIGATED EXCLUSIVELY IN THE FEDERAL OR STATE COURTS OF SANTA CLARA COUNTY, CALIFORNIA, USA; THE PARTIES CONSENT TO PERSONAL JURISDICTION IN THOSE COURTS.",1,medium
S000194,Google,Google Cloud Terms of Service,Google Cloud Terms of Service.docx,1,1,Google Cloud Terms of Service,"""Legal Process"" means an information disclosure request made under law, governmental regulation, court order, subpoena, warrant, or other valid legal authority, legal procedure, or similar process.",1,medium
S000225,Google,Google Cloud Terms of Service,Google Cloud Terms of Service.docx,1,1,Google Cloud Terms of Service,"""Third-Party Legal Proceeding"" means any formal legal proceeding filed by an unaffiliated third party before a court or government tribunal (including any appellate proceeding).",1,medium
S000231,Google,Google Play Terms of Service,Google Play Terms of Service.docx,1,1,2. Your Use of Google Play,"Age Restrictions. In order to use Google Play, you must have a valid Google account (“Google Account”), subject to the following age restrictions. If you are considered a minor in your country, you must have your parent or legal guardian’s permission to use Google Play and to accept the Terms. You must comply with any additional age restrictions that might apply for the use of specific Content or features on Google Play. Family managers and family members must meet these additional requirements as well.",2,medium
S000260,Google,Google Play Terms of Service,Google Play Terms of Service.docx,1,1,3. Purchases and Payments,"(d)Price Increases. When you purchase a subscription, you will initially be charged at the rate applicable at the time of your agreement to subscribe. If the price of the subscription increases later, Google will notify you. The increase will apply to the next payment due from you after the notice, provided that you have been given at least 30 days' prior notice before the charge is made. If you are given less than 30 days' prior notice, the price increase will not apply until the payment after the next payment due. If you do not wish to pay the increased price for a subscription, you may cancel the subscription as described in the Cancellations section of these Terms, and you will not be charged further amounts for the subscription, provided you have notified us before the end of the current billing period. Where the Provider increases the price of a subscription and consent is required, Google may cancel your subscription unless you agree to the new price. If your subscription is cancelled and you later decide to re-subscribe, you will be charged at the then current subscription rate.",2,medium
S000278,Google,Google Privacy Policy,Google Privacy Policy.docx,1,1,Google Privacy Policy,"When you use our services, you’re trusting us with your information. We understand this is a big responsibility and work hard to protect your information and put you in control.",0,low
S000279,Google,Google Privacy Policy,Google Privacy Policy.docx,1,1,Google Privacy Policy,"This Privacy Policy is meant to help you understand what information we collect, why we collect it, and how you can update, manage, export, and delete your information.",1,medium
S000280,Google,Google Privacy Policy,Google Privacy Policy.docx,1,1,Google Privacy Policy,"We build a range of services that help millions of people daily to explore and interact with the world in new ways. Our services include: Products that are integrated into third-party apps and sites, like ads, analytics, and embedded Google Maps",0,low
S000282,Google,Google Privacy Policy,Google Privacy Policy.docx,1,1,Platforms like the Chrome browser and Android operating system,"You can use our services in a variety of ways to manage your privacy. For example, you can sign up for a Google Account if you want to create and manage content like emails and photos, or see more relevant search results. And you can use many Google services when you’re signed out or without creating an account at all, like searching on Google or watching YouTube videos. You can also choose to browse the web in a private mode, like Chrome Incognito mode, which helps keep your browsing private from other people who use your device. And across our services, you can adjust your privacy settings (like history and personalization controls) to make choices about whether we save some types of data to your Google account and how we use it.",0,low
S000283,Google,Google Privacy Policy,Google Privacy Policy.docx,1,1,Platforms like the Chrome browser and Android operating system,"To help explain things as clearly as possible, we’ve added examples, explanatory videos, and definitions for key terms. And if you have any questions about this Privacy Policy, you can contact us.",0,low
S000284,Google,Google Privacy Policy,Google Privacy Policy.docx,1,1,We want you to understand the types of information we collect as you use our services,"We collect information to provide better services to all our users — from figuring out basic stuff like which language you speak, to more complex things like which ads you’ll find most useful, the people who matter most to you online, or which YouTube videos you might like. The information Google collects, and how that information is used, depends on how you use our services and how you manage your privacy controls.",0,low
S000285,Google,Google Privacy Policy,Google Privacy Policy.docx,1,1,We want you to understand the types of information we collect as you use our services,"Google also collects and uses data that is not associated with your account. For example, when you’re not signed in to a Google Account, we store the information we collect with unique identifiers tied to the browser, application, or device you’re using. This allows us to do things like maintain your preferences across browsing sessions, such as your preferred language or whether to show you more relevant search results or ads based on your activity.",0,low
S000286,Google,Google Privacy Policy,Google Privacy Policy.docx,1,1,We want you to understand the types of information we collect as you use our services,"When you’re signed in, we also collect information that we store with your Google Account, which we treat as personal information.",0,low
S000287,Google,Google Privacy Policy,Google Privacy Policy.docx,1,1,Things you create or provide to us,"When you create a Google Account, you provide us with personal information that includes your name and a password. You can also choose to add a phone number or payment information to your account. Even if you aren’t signed in to a Google Account, you might choose to provide us with information — like an email address to communicate with Google or receive updates about our services.",0,low
S000288,Google,Google Privacy Policy,Google Privacy Policy.docx,1,1,Things you create or provide to us,"We also collect the content you create, upload, or receive from others when using our services. This includes things like email you write and receive, photos and videos you save, docs and spreadsheets you create, and comments you make on YouTube videos.",0,low
S000289,Google,Google Privacy Policy,Google Privacy Policy.docx,1,1,"Your apps, browsers & devices","We collect information about the apps, browsers, and devices you use to access Google services, which helps us provide features like automatic product updates and dimming your screen if your battery runs low.",0,low
S000290,Google,Google Privacy Policy,Google Privacy Policy.docx,1,1,"Your apps, browsers & devices","The information we collect includes unique identifiers, browser type and settings, device type and settings, operating system, mobile network information including carrier name and phone number, and application version number. We also collect information about the interaction of your apps, browsers, and devices with our services, including IP address, crash reports, system activity, and the date, time, and referrer URL of your request.",0,low
S000291,Google,Google Privacy Policy,Google Privacy Policy.docx,1,1,"Your apps, browsers & devices","We collect this information when a Google service on your device contacts our servers — for example, when you install an app from the Play Store or when a service checks for automatic updates. If you’re using an Android device with Google apps, your device periodically contacts Google servers to provide information about your device and connection to our services. This information includes things like your device type and carrier name, crash reports, which apps you've installed, and, depending on your device settings, other information about how you’re using your Android device.",0,low
S000292,Google,Google Privacy Policy,Google Privacy Policy.docx,1,1,"Your apps, browsers & devices","We collect information about your activity in our services, which we use to do things like recommend a YouTube video you might like. The activity information we collect may include: Chrome browsing history you’ve synced with your Google Account",0,low
S000294,Google,Google Privacy Policy,Google Privacy Policy.docx,1,1,Activity on third-party sites and apps that use our services,"If you use our services to make and receive calls or send and receive messages, we may collect call and message log information like your phone number, calling-party number, receiving-party number, forwarding numbers, sender and recipient email address, time and date of calls and messages, duration of calls, routing information, and types and volumes of calls and messages.",0,low
S000295,Google,Google Privacy Policy,Google Privacy Policy.docx,1,1,Activity on third-party sites and apps that use our services,You can visit your Google Account to find and manage activity information that’s saved in your history.,0,low
S000296,Google,Google Privacy Policy,Google Privacy Policy.docx,1,1,Activity on third-party sites and apps that use our services,"We collect location information when you use our services, which helps us offer features like driving directions, search results for things near you, and ads based on your location.",0,low
S000297,Google,Google Privacy Policy,Google Privacy Policy.docx,1,1,Activity on third-party sites and apps that use our services,"Depending on the products you’re using and settings you choose, Google may use different types of location information to help make some services and products you use more helpful. These include: Information about things near your device, such as Wi-Fi access points, cell towers, and Bluetooth-enabled devices",0,low
S000299,Google,Google Privacy Policy,Google Privacy Policy.docx,1,1,"Activity on Google services, such as from your searches or places you label like home or work","The types of location data we collect and how long we store it depend in part on your device and account settings. For example, you can turn your Android device’s location on or off using the device’s settings app. You can also turn on Timeline if you want to create a private map of where you go with your signed-in devices. Depending on your settings, your searches and other activity from Google services, which may also include location information, are saved as history to your Google Account. For example, activity from services like Search, Maps, and Shopping is saved to Search Services History, and your activity on some other Google sites and apps is saved to Web & App Activity. Learn more about how we use location information.",0,low
S000300,Google,Google Privacy Policy,Google Privacy Policy.docx,1,1,"Activity on Google services, such as from your searches or places you label like home or work","In some circumstances, Google also collects information about you from publicly accessible sources. For example, if your name appears in your local newspaper, Google’s Search engine may index that article and display it to other people if they search for your name. We may also collect information about you from trusted partners, such as directory services who provide us with business information to be displayed on Google’s services, marketing partners who provide us with information about potential customers of our business services, and security partners who provide us with information to protect against abuse. We also receive information from partners to provide advertising and research services on their behalf.",0,low
S000301,Google,Google Privacy Policy,Google Privacy Policy.docx,1,1,"Activity on Google services, such as from your searches or places you label like home or work","We use various technologies to collect and store information, including cookies, pixel tags, local storage, such as browser web storage or application data caches, databases, and server logs.",0,low
S000302,Google,Google Privacy Policy,Google Privacy Policy.docx,1,1,We use data to build better services,"We use the information we collect from all our services for the following purposes: We use your information to deliver our services, like processing the terms you search for in order to return results or helping you share content by suggesting recipients from your contacts.",0,low
S000304,Google,Google Privacy Policy,Google Privacy Policy.docx,1,1,Provide our services,"We also use your information to ensure our services are working as intended, such as tracking outages or troubleshooting issues that you report to us. And we use your information to make improvements to our services — for example, understanding which search terms are most frequently misspelled helps us improve spell-check features used across our services.",0,low
S000305,Google,Google Privacy Policy,Google Privacy Policy.docx,1,1,Provide our services,"We use the information we collect in existing services to help us develop new ones. For example, understanding how people organized their photos in Picasa, Google’s first photos app, helped us design and launch Google Photos.We use the information we collect to tailor our services for you, including providing customized and personalized experiences and recommendations, including things like content, and search results. For example, Security Checkup provides security tips adapted to how you use Google products. And, depending on your available settings, Google Play could use information like apps you’ve already installed and videos you’ve watched on YouTube to suggest new apps you might like.",0,low
S000306,Google,Google Privacy Policy,Google Privacy Policy.docx,1,1,Provide our services,"Depending on your settings, we may also show you personalized ads based on your interests and activity across Google services. For example, if you search for “mountain bikes,” you may see ads for sports equipment on YouTube. You can control what information we use to show you ads by visiting your ad settings in My Ad Center.",0,low
S000307,Google,Google Privacy Policy,Google Privacy Policy.docx,1,1,Provide our services,"We don’t show you personalized ads based on sensitive categories, such as race, religion, sexual orientation, or health.",0,low
S000308,Google,Google Privacy Policy,Google Privacy Policy.docx,1,1,Provide our services,"We don’t show you personalized ads based on your content from Drive, Gmail, or Photos.",0,low
S000309,Google,Google Privacy Policy,Google Privacy Policy.docx,1,1,Provide our services,"We don’t share information that personally identifies you with advertisers, such as your name or email, unless you ask us to. For example, if you see an ad for a nearby flower shop and select the “tap to call” button, we’ll connect your call and may share your phone number with the flower shop.",0,low
S000310,Google,Google Privacy Policy,Google Privacy Policy.docx,1,1,Provide our services,"We use data for analytics and measurement to understand how our services are used. For example, we analyze data about your visits to our sites to do things like optimize product design. And we also use data about the ads you interact with, including your related Google Search activity, to help advertisers understand the performance of their ad campaigns. We use a variety of tools to do this, including ad and analytics services. When you visit sites or use apps that use Google’s ad or analytics services, those services may link information about your activity from that site or app with activity from other sites or apps that use our services.",0,low
S000311,Google,Google Privacy Policy,Google Privacy Policy.docx,1,1,Provide our services,"We use information we collect, like your email address, to interact with you directly. For example, we may send you a notification if we detect suspicious activity, like an attempt to sign in to your Google Account from an unusual location. Or we may let you know about upcoming changes or improvements to our services. And if you contact Google, we’ll keep a record of your request in order to help solve any issues you might be facing.",0,low
S000312,Google,Google Privacy Policy,Google Privacy Policy.docx,1,1,"Protect Google, our users, and the public","We use information to help improve the safety and reliability of our services. This includes detecting, preventing, and responding to fraud, abuse, security risks, and technical issues that could harm Google, our users, or the public.",0,low
S000313,Google,Google Privacy Policy,Google Privacy Policy.docx,1,1,"Protect Google, our users, and the public","We use different technologies to process your information for these purposes. We use automated systems that analyze your content to provide you with things like tailored search results, personalized ads, or other features tailored to how you use our services. And we analyze your content to help us detect abuse such as spam, malware, and illegal content. We also use algorithms to recognize patterns in data. For example, Google Translate helps people communicate across languages by detecting common language patterns in phrases you ask it to translate.",0,low
S000314,Google,Google Privacy Policy,Google Privacy Policy.docx,1,1,"Protect Google, our users, and the public","We may use the information we collect across our services and across your devices for the purposes described above. For example, depending on your available settings, if you watch videos of guitar players on YouTube, you might see an ad for guitar lessons on a site that uses our ad products. Depending on your account settings, your activity on other sites and apps may be associated with your personal information in order to improve Google’s services and the ads delivered by Google.",0,low
S000315,Google,Google Privacy Policy,Google Privacy Policy.docx,1,1,"Protect Google, our users, and the public","If other users already have your email address or other information that identifies you, we may show them your publicly visible Google Account information, such as your name and photo. This helps people identify an email coming from you, for example.",0,low
S000316,Google,Google Privacy Policy,Google Privacy Policy.docx,1,1,"Protect Google, our users, and the public","We’ll ask for your consent before using your information for a purpose that isn’t covered in this Privacy Policy.This section describes key controls for managing your privacy across our services. You can also visit the Privacy Checkup, which provides an opportunity to review and adjust important privacy settings. In addition to these tools, we also offer specific privacy settings in our products — you can learn more in our Product Privacy Guide.",1,medium
S000317,Google,Google Privacy Policy,Google Privacy Policy.docx,1,1,"Managing, reviewing, and updating your information","When you’re signed in, you can always review and update information by visiting the services you use. For example, Photos and Drive are both designed to help you manage specific types of content you’ve saved with Google.",0,low
S000318,Google,Google Privacy Policy,Google Privacy Policy.docx,1,1,"Managing, reviewing, and updating your information","We also built a place for you to review and control information saved in your Google Account. Your Google Account includes: Across many of our services, you can adjust history and personalization controls to make choices about whether we save some types of data in your Google Account and how we use it to personalize your experience. For example, if you have YouTube History turned on, the videos you watch and the things you search for are saved in your account so you can get better recommendations and remember where you left off. Saving activity from services like Search, Maps, and Shopping to your Search Services History lets you do things like resume an AI Mode interaction where you left off or see past searches as Autocomplete suggestions. When Personalized Recommendations in Search services is on, these services can provide results, curated feeds, and AI responses that are personalized to you based on info in your Google Account, including Search Services History. And if you have Web & App Activity turned on, your activity from some other Google services are saved in your account so you can get more personalized experiences. Web & App Activity also has a subsetting that lets you control whether some information about your activity on other sites, apps, and devices that use Google services is saved with Web & App Activity in your Google Account and used to improve Google services.",0,low
S000320,Google,Google Privacy Policy,Google Privacy Policy.docx,1,1,Ad settings,"Manage your preferences about the ads shown to you on Google and on sites and apps that partner with Google to show ads. You can modify your interests, choose whether your personal information is used to make ads more relevant to you, and turn on or off certain advertising services.",0,low
S000321,Google,Google Privacy Policy,Google Privacy Policy.docx,1,1,About you,Manage personal info in your Google Account and control who can see it across Google services.,0,low
S000322,Google,Google Privacy Policy,Google Privacy Policy.docx,1,1,Shared endorsements,"Choose whether your name and photo appear next to your activity, like reviews and recommendations, that appear in ads.",0,low
S000323,Google,Google Privacy Policy,Google Privacy Policy.docx,1,1,Sites and apps that use Google services,"Manage information that websites and apps using Google services, like Google Analytics, may share with Google when you visit or interact with their services.",0,low
S000324,Google,Google Privacy Policy,Google Privacy Policy.docx,1,1,My Activity,"My Activity allows you to review and control data that’s saved to your Google Account when you’re signed in and using Google services, like searches you’ve done or your visits to Google Play. You can browse by date and by topic, and delete part or all of your activity.",0,low
S000325,Google,Google Privacy Policy,Google Privacy Policy.docx,1,1,Google Dashboard,Google Dashboard allows you to manage information associated with specific products.,0,low
S000326,Google,Google Privacy Policy,Google Privacy Policy.docx,1,1,Your personal information,"Manage your contact information, such as your name, email, and phone number.",0,low
S000327,Google,Google Privacy Policy,Google Privacy Policy.docx,1,1,Your personal information,"When you’re signed out, you can manage information associated with your browser or device, including: Signed-out search customization: Choose whether your search activity is used to offer you more relevant results and recommendations.",0,low
S000329,Google,Google Privacy Policy,Google Privacy Policy.docx,1,1,Your personal information,YouTube settings: Pause and delete your YouTube Search History and your YouTube Watch History.,0,low
S000330,Google,Google Privacy Policy,Google Privacy Policy.docx,1,1,Your personal information,Ad Settings: Manage your preferences about the ads shown to you on Google and on sites and apps that partner with Google to show ads.,0,low
S000331,Google,Google Privacy Policy,Google Privacy Policy.docx,1,1,"Exporting, removing & deleting your information",You can export a copy of content in your Google Account if you want to back it up or use it with a service outside of Google.,0,low
S000332,Google,Google Privacy Policy,Google Privacy Policy.docx,1,1,Export your data,"To delete your information, you can: Inactive Account Manager allows you to give someone else access to parts of your Google Account in case you’re unexpectedly unable to use your account.",1,medium
S000334,Google,Google Privacy Policy,Google Privacy Policy.docx,1,1,Delete your information,"And finally, you can also request to remove content from specific Google services based on applicable law and our policies.",1,medium
S000335,Google,Google Privacy Policy,Google Privacy Policy.docx,1,1,Delete your information,"There are other ways to control the information Google collects whether or not you’re signed in to a Google Account, including: Browser settings: For example, you can configure your browser to indicate when Google has set a cookie in your browser. You can also configure your browser to block all cookies from a specific domain or all domains. But remember that our services rely on cookies to function properly, for things like remembering your language preferences.",1,medium
S000337,Google,Google Privacy Policy,Google Privacy Policy.docx,1,1,Delete your information,"Device-level settings: Your device may have controls that determine what information we collect. For example, you can modify location settings on your Android device.",1,medium
S000338,Google,Google Privacy Policy,Google Privacy Policy.docx,1,1,When you share your information,"Many of our services let you share information with other people, and you have control over how you share. For example, you can share videos on YouTube publicly or you can decide to keep your videos private. Remember, when you share information publicly, your content may become accessible through search engines, including Google Search.",0,low
S000339,Google,Google Privacy Policy,Google Privacy Policy.docx,1,1,When you share your information,"When you’re signed in and interact with some Google services, like leaving comments on a YouTube video or reviewing an app in Play, your name and photo appear next to your activity. We may also display this information in ads depending on your Shared endorsements setting.",0,low
S000340,Google,Google Privacy Policy,Google Privacy Policy.docx,1,1,When Google shares your information,"We do not share your personal information with companies, organizations, or individuals outside of Google except in the following cases: We’ll share personal information outside of Google when we have your consent. For example, if you use Google Home to make a reservation through a booking service, we’ll get your permission before sharing your name or phone number with the restaurant. We also provide you with controls to review and manage third party apps and sites you have given access to data in your Google Account. We’ll ask for your explicit consent to share any sensitive personal information.",1,medium
S000342,Google,Google Privacy Policy,Google Privacy Policy.docx,1,1,With domain administrators,"If you’re a student or work for an organization that uses Google services, your domain administrator and resellers who manage your account will have access to your Google Account. They may be able to: Receive your account information in order to satisfy applicable law, regulation, legal process, or enforceable governmental request",0,low
S000344,Google,Google Privacy Policy,Google Privacy Policy.docx,1,1,For external processing,"We provide personal information to our affiliates and other trusted businesses or persons to process it for us, based on our instructions and in compliance with our Privacy Policy and any other appropriate confidentiality and security measures. For example, we use service providers to help operate our data centers, deliver our products and services, improve our internal business processes, and offer additional support to customers and users. We also use service providers to help review YouTube video content for public safety and analyze and listen to samples of saved user audio to help improve Google’s audio recognition technologies.",1,medium
S000345,Google,Google Privacy Policy,Google Privacy Policy.docx,1,1,For legal reasons,"We will share personal information outside of Google if we have a good-faith belief that disclosure of the information is reasonably necessary to: Respond to any applicable law, regulation,legal process, or enforceable governmental request. We share information about the number and type of requests we receive from governments in our Transparency Report.",0,low
S000347,Google,Google Privacy Policy,Google Privacy Policy.docx,1,1,For legal reasons,"Enforce applicable Terms of Service, including investigation of potential violations.",0,low
S000348,Google,Google Privacy Policy,Google Privacy Policy.docx,1,1,For legal reasons,"Detect, prevent, or otherwise address fraud, security, or technical issues.",0,low
S000349,Google,Google Privacy Policy,Google Privacy Policy.docx,1,1,For legal reasons,"Protect against harm to the rights, property or safety of Google, our users, or the public.",0,low
S000350,Google,Google Privacy Policy,Google Privacy Policy.docx,1,1,For legal reasons,"We may share non-personally identifiable information publicly and with our partners — like publishers, advertisers, developers, or rights holders. For example, we share information publicly to show trends about the general use of our services. We also allow specific partners to collect information from your browser or device for advertising and measurement purposes using their own cookies or similar technologies.",0,low
S000351,Google,Google Privacy Policy,Google Privacy Policy.docx,1,1,For legal reasons,"If Google is involved in a merger, acquisition, or sale of assets, we’ll continue to ensure the confidentiality of your personal information and give affected users notice before personal information is transferred or becomes subject to a different privacy policy.",0,low
S000352,Google,Google Privacy Policy,Google Privacy Policy.docx,1,1,We build security into our services to protect your information,"All Google products are built with strong security features that continuously protect your information. The insights we gain from maintaining our services help us detect and automatically block security threats from ever reaching you. And if we do detect something risky that we think you should know about, we’ll notify you and help guide you through steps to stay better protected.",0,low
S000353,Google,Google Privacy Policy,Google Privacy Policy.docx,1,1,We build security into our services to protect your information,"We work hard to protect you and Google from unauthorized access, alteration, disclosure, or destruction of information we hold, including: We offer a range of security features, like Safe Browsing, Security Checkup, and 2 Step Verification to help you protect your account",0,low
S000355,Google,Google Privacy Policy,Google Privacy Policy.docx,1,1,We use encryption to keep your data private while in transit,"We review our information collection, storage, and processing practices, including physical security measures, to prevent unauthorized access to our systems",1,medium
S000356,Google,Google Privacy Policy,Google Privacy Policy.docx,1,1,We use encryption to keep your data private while in transit,"We restrict access to personal information to Google employees, contractors, and agents who need that information in order to process it. Anyone with this access is subject to strict contractual confidentiality obligations and may be disciplined or terminated if they fail to meet these obligations.",1,medium
S000358,Google,Google Privacy Policy,Google Privacy Policy.docx,1,1,Export your data,"To delete your information, you can: We retain the data we collect for different periods of time depending on what it is, how we use it, and how you configure your settings:",1,medium
S000360,Google,Google Privacy Policy,Google Privacy Policy.docx,1,1,Retaining your information,"Some data you can delete whenever you like, such as your personal info or the content you create or upload, like photos and documents. You can also delete activity information saved in your account, or choose to have it deleted automatically after a set period of time. We’ll keep this data in your Google Account until you remove it or choose to have it removed.",0,low
S000361,Google,Google Privacy Policy,Google Privacy Policy.docx,1,1,Retaining your information,"Other data is deleted or anonymized automatically after a set period of time, such as advertising data in server logs.",0,low
S000362,Google,Google Privacy Policy,Google Privacy Policy.docx,1,1,Retaining your information,"We keep some data until you delete your Google Account, such as information about how often you use our services.",0,low
S000363,Google,Google Privacy Policy,Google Privacy Policy.docx,1,1,Retaining your information,"And some data we retain for longer periods of time when necessary for legitimate business or legal purposes, such as security, fraud and abuse prevention, or financial record-keeping.",0,low
S000364,Google,Google Privacy Policy,Google Privacy Policy.docx,1,1,Retaining your information,"When you delete data, we follow a deletion process to make sure that your data is safely and completely removed from our servers or retained only in anonymized form. We try to ensure that our services protect information from accidental or malicious deletion. Because of this, there may be delays between when you delete something and when copies are deleted from our active and backup systems.",0,low
S000365,Google,Google Privacy Policy,Google Privacy Policy.docx,1,1,Retaining your information,"You can read more about Google’s data retention periods, including how long it takes us to delete your information.",1,medium
S000366,Google,Google Privacy Policy,Google Privacy Policy.docx,1,1,Compliance & cooperation with regulators,We regularly review this Privacy Policy and make sure that we process your information in ways that comply with it.,0,low
S000367,Google,Google Privacy Policy,Google Privacy Policy.docx,1,1,Data transfers,"We maintain servers around the world and your information may be processed on servers located outside of the country where you live. Data protection laws vary among countries, with some providing more protection than others. Regardless of where your information is processed, we apply the same protections described in this policy. We also comply with certain legal frameworks relating to the transfer of data.",0,low
S000368,Google,Google Privacy Policy,Google Privacy Policy.docx,1,1,Data transfers,"When we receive formal written complaints, we respond by contacting the person who made the complaint. We work with the appropriate regulatory authorities, including local data protection authorities, to resolve any complaints regarding the transfer of your data that we cannot resolve with you directly.",1,medium
S000369,Google,Google Privacy Policy,Google Privacy Policy.docx,1,1,When this policy applies,"This Privacy Policy applies to all of the services offered by Google LLC and its affiliates, including YouTube, Android, and services offered on third-party sites, such as advertising services. This Privacy Policy doesn’t apply to services that have separate privacy policies that do not incorporate this Privacy Policy.",0,low
S000370,Google,Google Privacy Policy,Google Privacy Policy.docx,1,1,When this policy applies,"This Privacy Policy doesn’t apply to: Services offered by other companies or individuals, including products or sites they offer that may include Google services to which the policy applies, or products or sites displayed to you in search results, or linked from our services",0,low
S000372,Google,Google Privacy Policy,Google Privacy Policy.docx,1,1,Changes to this policy,"We change this Privacy Policy from time to time. We will not reduce your rights under this Privacy Policy without your explicit consent. We always indicate the date the last changes were published and we offer access to archived versions for your review. If changes are significant, we’ll provide a more prominent notice (including, for certain services, email notification of Privacy Policy changes).",2,medium
S000374,Google,Google_Terms_of_Service,Google_Terms_of_Service.docx,1,1,Age requirements,"If you’re a parent or legal guardian, and you allow your child to use the services, then these terms apply to you and you’re responsible for your child’s activity on the services.",1,medium
S000393,Google,Google_Terms_of_Service,Google_Terms_of_Service.docx,1,1,Follow these terms and service-specific additional terms,"don’t abuse or harm others or yourself (or threaten or encourage such abuse or harm) including against children — for example, by misleading, defrauding, illegally impersonating, defaming, bullying, harassing, or stalking others; hosting or publishing any obscene content; or inciting the violation of applicable laws",1,medium
S000493,Google,Google_Terms_of_Service,Google_Terms_of_Service.docx,1,1,Removing your content,"If we reasonably believe that any of your content (1) breaches these terms, service-specific additional terms, or policies, (2) violates applicable law, or (3) could harm our users, third parties, or Google, then we reserve the right to take down some or all of that content in accordance with applicable law. Examples include child pornography, content that facilitates human trafficking or harassment, terrorist content, and content that infringes someone else’s intellectual property rights.",2,medium
S000496,Google,Google_Terms_of_Service,Google_Terms_of_Service.docx,1,1,Suspending or terminating your access to Google services,we’re required to do so to comply with a legal requirement or a court order,2,medium
S000504,Google,Google_Terms_of_Service,Google_Terms_of_Service.docx,1,1,"Settling disputes, governing law, and courts","California law will govern these terms and all disputes arising out of or relating to these terms, service-specific additional terms, or any related services, regardless of any conflict of laws rules. These disputes will be resolved exclusively in the federal or state courts of Santa Clara County, California, USA, and you and Google consent to personal jurisdiction in those courts.",1,medium
S000640,Meta,Meta_Cookies_Policy,Meta_Cookies_Policy.docx,1,1,Cookies Policy,What are cookies and what does this policy cover?,0,low
S000641,Meta,Meta_Cookies_Policy,Meta_Cookies_Policy.docx,1,1,Cookies Policy,"Cookies are small pieces of text used to store information in web browsers. Cookies are used to store and receive identifiers and other information on computers, phones and other devices. Other technologies, including data that we store on your web browser or device, identifiers associated with your device and other software, are used for similar purposes. In this policy, we refer to all of these technologies as ""cookies"".",0,low
S000642,Meta,Meta_Cookies_Policy,Meta_Cookies_Policy.docx,1,1,Cookies Policy,"We use cookies if you have a Facebook or Instagram account, use the , including our website and apps, or visit other websites and apps that use the Meta Products (including the Like button). Cookies enable Meta to offer the Meta Products to you and to understand the information that we receive about you, including information about your use of other websites and apps, whether or not you are registered or logged in.",0,low
S000643,Meta,Meta_Cookies_Policy,Meta_Cookies_Policy.docx,1,1,Cookies Policy,"This policy explains how we use cookies and the choices you have. Except as otherwise stated in this policy, the will apply to our processing of the data that we collect via cookies.",0,low
S000644,Meta,Meta_Cookies_Policy,Meta_Cookies_Policy.docx,1,1,Cookies Policy,Why do we use cookies?,0,low
S000645,Meta,Meta_Cookies_Policy,Meta_Cookies_Policy.docx,1,1,Cookies Policy,"Cookies help us provide, protect and improve the Meta Products, such as by personalising content, tailoring and measuring ads, and providing a safer experience. The cookies that we use include session cookies, which are deleted when you close your browser, and persistent cookies, which stay in your browser until they expire or you delete them. The cookies that we may change over time as we improve and update Meta Products, we typically use them for the following purposes: Where do we use cookies?",0,low
S000647,Meta,Meta_Cookies_Policy,Meta_Cookies_Policy.docx,1,1,Cookies Policy,We may place cookies on your computer or device and receive information stored in cookies when you use or visit: Products provided by other members of the ; and,0,low
S000649,Meta,Meta_Cookies_Policy,Meta_Cookies_Policy.docx,1,1,Cookies Policy,"Websites and apps provided by other companies that use the Meta Products, including companies that incorporate Meta technologies into their websites and apps. Meta uses cookies and receives information when you visit those sites and apps, including and information about your activity, without any further action from you. This occurs whether or not you have a Facebook or Instagram account or are logged in.",0,low
S000650,Meta,Meta_Cookies_Policy,Meta_Cookies_Policy.docx,1,1,Cookies Policy,Do other Companies use cookies in connection with the Meta Products?,0,low
S000651,Meta,Meta_Cookies_Policy,Meta_Cookies_Policy.docx,1,1,Cookies Policy,"Yes, other companies use cookies on the Meta Products to provide advertising, measurement, marketing and analytics services to us, and to provide certain features and improve our services for you.",0,low
S000652,Meta,Meta_Cookies_Policy,Meta_Cookies_Policy.docx,1,1,Cookies Policy,"For example, other companies' cookies help tailor ads off Meta Products, measure their performance and effectiveness and support marketing and analytics. Certain features on the Meta Products use cookies from other companies to function, for example, certain maps, payment and security features. about the companies that use cookies on the Meta Products.",0,low
S000653,Meta,Meta_Cookies_Policy,Meta_Cookies_Policy.docx,1,1,Cookies Policy,"Third-party companies also use cookies on their own sites and apps in connection with the Meta Products. To understand how other companies use cookies, please review their policies.",0,low
S000654,Meta,Meta_Cookies_Policy,Meta_Cookies_Policy.docx,1,1,Cookies Policy,How can you control your information?,0,low
S000655,Meta,Meta_Cookies_Policy,Meta_Cookies_Policy.docx,1,1,Cookies Policy,"We use cookies to help personalise and improve content and services, provide a safer experience and to show you useful and relevant ads on and off Meta Products. You can control how we use data to show you ads and more by using the tools described below.",0,low
S000692,Meta,Meta_Terms_of_Service,Meta_Terms_of_Service.docx,1,1,3.1 Who can use Facebook,"We try to make Facebook broadly available to everyone, but you cannot use Facebook if: You are under 13 years old.",1,medium
S000748,Meta,Meta_Terms_of_Service,Meta_Terms_of_Service.docx,1,1,4.5 Miscellaneous,No transfer: You will not transfer any of your rights or obligations under these terms to anyone else without our consent.,2,medium
S000749,Meta,Meta_Terms_of_Service,Meta_Terms_of_Service.docx,1,1,4.5 Miscellaneous,"Legacy contact: You may designate a person (called a legacy contact) to manage your account if it is memorialised. If you enable it in your settings, only your legacy contact or a person who you have identified in a valid will or similar legal document expressing clear consent to disclose your content to that person upon death or incapacity will be able to seek limited of information from your account after it has been memorialised.",1,medium
S000768,Meta,MetaPrivacyPolicy,MetaPrivacyPolicy.pdf,1,1,Updated on 23 July 2026,We've updated our Privacy Policy with details about agentic AI capabilities and how we personalise your AI experiences.,0,low
S000769,Meta,MetaPrivacyPolicy,MetaPrivacyPolicy.pdf,1,1,Updated on 23 July 2026,View details What is the Privacy Policy and what does it cover? Effective from 23 July 2026 | |,0,low
S000770,Meta,MetaPrivacyPolicy,MetaPrivacyPolicy.pdf,1,1,Highlights,"We at Meta want you to understand what information we collect, and how we use and share it. That's why we encourage you to read our Privacy Policy. This helps you use in the way that's right for you.",0,low
S000771,Meta,MetaPrivacyPolicy,MetaPrivacyPolicy.pdf,1,1,Products,"In the Privacy Policy, we explain how we collect, use, share, retain and transfer information. We also let you know your rights. Each section of this Policy includes helpful examples and simpler language to make our practices easier to understand. We've also added links to resources where you can learn more about the privacy topics that interest you.",0,low
S000772,Meta,MetaPrivacyPolicy,MetaPrivacyPolicy.pdf,1,1,Products,"It's important to us that you know how to control your privacy, so we also show you where you can manage your information in the settings of the Meta Products you use. You can to shape your experience. update these settings Read the full Policy below. What Products does this Policy cover?",0,low
S000774,Meta,MetaPrivacyPolicy,MetaPrivacyPolicy.pdf,2,2,Highlights,"The information that we collect and process about you depends on how you use our . For example, we collect different information if you sell furniture on",0,low
S000775,Meta,MetaPrivacyPolicy,MetaPrivacyPolicy.pdf,2,2,Highlights,"Marketplace than if you ask to write a joke for you. When you use our products, we collect some information about you .",0,low
S000776,Meta,MetaPrivacyPolicy,MetaPrivacyPolicy.pdf,2,2,Products,"AI at Meta even if you don't have an account Here's the information we collect: Information from partners, vendors and other third parties What if you don't let us collect certain information? Some information is required for our products to work. Other information is optional, but without it, the quality of your experience might be affected.",0,low
S000778,Meta,MetaPrivacyPolicy,MetaPrivacyPolicy.pdf,2,2,"Friends, followers and other connections",Learn more What if the information that we collect doesn't identify individuals?,0,low
S000779,Meta,MetaPrivacyPolicy,MetaPrivacyPolicy.pdf,2,2,"Friends, followers and other connections","In some cases information is de-identified, aggregated or anonymised by third parties so that it no longer identifies individuals before it's made available to us. We use this information as described below without trying to re-identify individuals.",0,low
S000780,Meta,MetaPrivacyPolicy,MetaPrivacyPolicy.pdf,3,3,Manage the information that we collect about you,Privacy Centre 0:00 / 1:34 How do we use your information?,0,low
S000781,Meta,MetaPrivacyPolicy,MetaPrivacyPolicy.pdf,3,3,Highlights,"We use to provide a personalised experience to you, including ads, along with the other purposes that we explain in detail below. information that we collect",0,low
S000782,Meta,MetaPrivacyPolicy,MetaPrivacyPolicy.pdf,3,3,Highlights,"For some of these purposes, we use information and . The information that we use for these purposes is automatically processed by our systems. But in some cases, we also use to access and review your information. across our Products across your devices manual review",0,low
S000783,Meta,MetaPrivacyPolicy,MetaPrivacyPolicy.pdf,3,3,Highlights,"To use less information that's connected to individual users, in some cases we de-identify or aggregate information or anonymise it so that it no longer identifies you. We use this information in the same ways we use your information as described in this section. Here are the ways we use your information: We use information that we have to provide and improve our . This includes:",0,low
S000785,Meta,MetaPrivacyPolicy,MetaPrivacyPolicy.pdf,3,3,Products,"Seeing if our Products are working correctly, such as troubleshooting and fixing it when it's not working",0,low
S000786,Meta,MetaPrivacyPolicy,MetaPrivacyPolicy.pdf,4,4,Products,"Personalising features, content and , such as your , , Meta AI, Stories and ads. recommendations",0,low
S000787,Meta,MetaPrivacyPolicy,MetaPrivacyPolicy.pdf,4,4,Instagram Feed,"We use that you choose to provide for these purposes, but not to show you ads. information with special protections",0,low
S000788,Meta,MetaPrivacyPolicy,MetaPrivacyPolicy.pdf,4,4,Instagram Feed,"Read more about how we use information to provide, personalise and improve our Products: We use the information we collect to help protect people from harm and provide safe, secure Products.",0,low
S000790,Meta,MetaPrivacyPolicy,MetaPrivacyPolicy.pdf,4,4,Learn more,"To provide measurement, analytics and business services Lots of people rely on our Products to run or promote their businesses or share content.",0,low
S000791,Meta,MetaPrivacyPolicy,MetaPrivacyPolicy.pdf,4,4,Learn more,"We help them measure how well their ads and other content, products and services are working.",0,low
S000792,Meta,MetaPrivacyPolicy,MetaPrivacyPolicy.pdf,4,4,To communicate with you,"We communicate with you using information you've given us, such as contact information you've entered on your profile.",0,low
S000793,Meta,MetaPrivacyPolicy,MetaPrivacyPolicy.pdf,4,4,To research and innovate for social good,"We use information we have, information from researchers and datasets from publicly available sources, professional groups and charitable groups to conduct and support research.",0,low
S000794,Meta,MetaPrivacyPolicy,MetaPrivacyPolicy.pdf,5,5,Why and how we process your information,How is your information shared on Meta Products or with integrated partners?,0,low
S000795,Meta,MetaPrivacyPolicy,MetaPrivacyPolicy.pdf,5,5,Products,People and accounts that you share and communicate with Content that others share or reshare about you.,0,low
S000796,Meta,MetaPrivacyPolicy,MetaPrivacyPolicy.pdf,5,5,With integrated partners,"You can choose to connect with who use our Products. If you do, these integrated partners receive information about you and your activity. integrated partners These integrated partners can always access information that's public on our Products. Learn more about other information they receive and how they handle your information: Manage apps and websites How do we share information with third parties?",0,low
S000798,Meta,MetaPrivacyPolicy,MetaPrivacyPolicy.pdf,6,6,Privacy Centre,"Highlights We don't sell any of your information to anyone and we never will. We also require and other to follow rules about how they can and cannot use and disclose the information that we provide. partners third parties Here's more detail about who we share information with: We also share information with other in response to legal requests, to comply with applicable law or to prevent harm. . third parties",0,low
S000800,Meta,MetaPrivacyPolicy,MetaPrivacyPolicy.pdf,7,7,Read the Policy,"And if we sell or transfer all or part of our business to someone else, in some cases, we'll give the new owner your information as part of that transaction, but only as the law allows. How do the Meta Companies work together?",0,low
S000801,Meta,MetaPrivacyPolicy,MetaPrivacyPolicy.pdf,8,8,Highlights,"We are part of the that provide Meta Company Products. include all of the covered by this Policy, plus other products, such as WhatsApp and more.",0,low
S000802,Meta,MetaPrivacyPolicy,MetaPrivacyPolicy.pdf,8,8,Meta Products,"We share the information that we collect, infrastructure, systems and technology with the other Meta Companies. about how we transfer information to other countries.",0,low
S000803,Meta,MetaPrivacyPolicy,MetaPrivacyPolicy.pdf,8,8,Learn more,"We also process information that we receive about you from other Meta Companies, according to their terms and policies and as permitted by applicable law. In some cases,",0,low
S000804,Meta,MetaPrivacyPolicy,MetaPrivacyPolicy.pdf,8,8,Learn more,Meta acts as a for other Meta Companies. We act on their behalf and in accordance with their instructions and terms. service provider,0,low
S000805,Meta,MetaPrivacyPolicy,MetaPrivacyPolicy.pdf,8,8,Learn more,Why we share across the Meta Companies Meta Products share information with other Meta Companies: To understand how people use and interact with Meta Company Products of why we share.,0,low
S000807,Meta,MetaPrivacyPolicy,MetaPrivacyPolicy.pdf,8,8,Facebook Help Centre,How can you manage or delete your information and exercise your rights?,2,medium
S000808,Meta,MetaPrivacyPolicy,MetaPrivacyPolicy.pdf,9,9,Highlights,"We offer you a variety of tools to view, manage, download and delete your information below. You can also manage your information by visiting the settings of the Products you use. You may also have other privacy rights under applicable laws.",1,medium
S000809,Meta,MetaPrivacyPolicy,MetaPrivacyPolicy.pdf,9,9,Highlights,"To exercise your rights, visit our Help Centres, your settings for Facebook and Instagram and your device-based settings.",1,medium
S000810,Meta,MetaPrivacyPolicy,MetaPrivacyPolicy.pdf,9,9,Delete your information or account,"You can learn more about how privacy works on and on , and in the . If you have any questions about this policy, you can as described below. In some countries, you may also be able to contact the Data Protection Officer for Meta Platforms, Inc., and depending on your jurisdiction, you may also contact your local Data Protection Authority (""DPA"") directly.",2,medium
S000811,Meta,MetaPrivacyPolicy,MetaPrivacyPolicy.pdf,9,9,Instagram,Facebook Help Centre contact us How long do we keep your information for?,0,low
S000812,Meta,MetaPrivacyPolicy,MetaPrivacyPolicy.pdf,10,10,Highlights,"We keep information for as long as we need it to provide our products, comply with legal obligations or to protect our or other's interests. We decide how long we need information on a case-by-case basis. Here's what we consider when we decide: If we need it to operate or provide our products. For example, we need to keep some of your information to maintain your account. . The feature that we use it for and how that feature works. For example, messages sent using Messenger's vanish mode are retained for less time than regular messages. .",0,low
S000813,Meta,MetaPrivacyPolicy,MetaPrivacyPolicy.pdf,10,10,Highlights,"How long we need to retain the information for to comply with certain legal obligations. . If we need it for other legitimate purposes, such as to prevent harm; investigate possible violations of our terms or policies; promote safety, security and integrity; or protect ourselves, including our rights, property or products",0,low
S000814,Meta,MetaPrivacyPolicy,MetaPrivacyPolicy.pdf,10,10,See some examples,"In some instances and for specific reasons, we'll keep information for an extended period of time. about when we may preserve your information.",0,low
S000815,Meta,MetaPrivacyPolicy,MetaPrivacyPolicy.pdf,10,10,See some examples,Read our Policy How do we transfer information?,0,low
S000816,Meta,MetaPrivacyPolicy,MetaPrivacyPolicy.pdf,10,10,See some examples,Highlights Why is information transferred to other countries? Where is information transferred? How do we safeguard your information?,0,low
S000817,Meta,MetaPrivacyPolicy,MetaPrivacyPolicy.pdf,10,10,See some examples,"How do we respond to legal requests, comply with applicable law and prevent harm?",0,low
S000818,Meta,MetaPrivacyPolicy,MetaPrivacyPolicy.pdf,10,10,See some examples,"Highlights We access, preserve, use and share your information: In response to legal requests, such as search warrants, court orders, production orders or subpoenas. These requests come from such as civil litigants, law enforcement and other government authorities. about when we respond to legal requests.",1,medium
S000820,Meta,MetaPrivacyPolicy,MetaPrivacyPolicy.pdf,11,11,In accordance with applicable law,"To promote the safety, security and integrity of , users, employees, property and the public. . third parties",0,low
S000821,Meta,MetaPrivacyPolicy,MetaPrivacyPolicy.pdf,11,11,Meta Products,Learn more We may access or preserve your information for an extended amount of time. .,0,low
S000822,Meta,MetaPrivacyPolicy,MetaPrivacyPolicy.pdf,11,11,Meta Products,Learn more How will you know that the Policy has changed? We'll notify you before we make material changes to this Policy. You'll have the opportunity to review the revised Policy before you choose to continue using our products.,0,low
S000823,Meta,MetaPrivacyPolicy,MetaPrivacyPolicy.pdf,11,11,How to contact Meta with questions,"You can learn more about how privacy works on and on , and in the . If you have any questions about this policy or have any questions, complaints or requests regarding your information, you can contact us as described below.",1,medium
S000824,Meta,MetaPrivacyPolicy,MetaPrivacyPolicy.pdf,11,11,Facebook Help Centre,"You can contact us or by post at: online Meta Platforms, Inc.",0,low
S000825,Meta,MetaPrivacyPolicy,MetaPrivacyPolicy.pdf,11,11,Why and how we process your information,"The categories of information we use, and why and how information is processed, are set out below: Personalising Meta Products Why and how we process your information:",0,low
S000827,Meta,MetaPrivacyPolicy,MetaPrivacyPolicy.pdf,11,11,Why and how we process your information,"Our systems automatically process information that we've collected and stored associated with you and others to assess and understand your interests and preferences and provide you with personalised experiences on and across the Meta Company Products in accordance with our terms. This is how we: Personalise features and content (such as your , , our features that are part of and Stories);",0,low
S000829,Meta,MetaPrivacyPolicy,MetaPrivacyPolicy.pdf,11,11,"Personalise the ads that people see, and","Make suggestions for you (such as people that you may know, groups or events that you may be interested in or topics that you may want to follow) on and off our",0,low
S000831,Meta,MetaPrivacyPolicy,MetaPrivacyPolicy.pdf,12,12,AI at Meta,"Our ads system prioritises what ad to show you based on what audience advertisers want to reach. Then, we match the ad to people who might be interested. about how our ads system works.",0,low
S000832,Meta,MetaPrivacyPolicy,MetaPrivacyPolicy.pdf,12,12,AI at Meta,Learn more about how we choose the ads that you see.,0,low
S000833,Meta,MetaPrivacyPolicy,MetaPrivacyPolicy.pdf,12,12,AI at Meta,"Learn more detail on each information category). The actual information that we use depends on your factual circumstances, but could include any of the following: Content that you provide through our camera feature or your camera roll settings, or through our voice-enabled features about content and messages, subject to applicable law Interactions with our features that are part of AI at Meta and related metadata. For example, information such as content and messages that you or others exchange with these features",0,low
S000835,Meta,MetaPrivacyPolicy,MetaPrivacyPolicy.pdf,12,12,"Friends, followers and other connections characteristics and device software","What you're doing on your device, such as whether our app is in the foreground or if your mouse is moving (which can help tell humans from bots)",0,low
S000836,Meta,MetaPrivacyPolicy,MetaPrivacyPolicy.pdf,12,12,Identifiers that tell your device apart from other users',Device signals Information that you've shared through your device settings (e.g. GPS location),0,low
S000837,Meta,MetaPrivacyPolicy,MetaPrivacyPolicy.pdf,12,12,"Information from partners, vendors and third parties","For WhatsApp users, about what information is shared with Meta. learn more",0,low
S000838,Meta,MetaPrivacyPolicy,MetaPrivacyPolicy.pdf,13,13,Associating your accounts,"Why and how we process your information: WhatsApp account in the same Accounts Centre and share your information with WhatsApp. detail on each information category). The actual information that we use depends on your factual circumstances, but could include any of the following: Note: The list below is about information from Meta. For information that WhatsApp shares with Meta, see the .",0,low
S000840,Meta,MetaPrivacyPolicy,MetaPrivacyPolicy.pdf,13,13,"Friends, followers and other connections","Providing and improving Meta Products Why and how we process your information: The provision of the Meta Products includes collecting, storing and, where relevant, sharing, profiling, reviewing and curating, and in some instances not only automated processing, but also manual (human) reviewing, to:",0,low
S000842,Meta,MetaPrivacyPolicy,MetaPrivacyPolicy.pdf,13,13,Create and maintain your account and profile,"Connect your Meta Products account, including your public profile information, to an integrated partner to sign in or share your information",0,low
S000843,Meta,MetaPrivacyPolicy,MetaPrivacyPolicy.pdf,13,13,Provide advertising products,"Provide our features that are part of that do things such as create and understand content (e.g. text, audio, images and videos) and perform actions",0,low
S000844,Meta,MetaPrivacyPolicy,MetaPrivacyPolicy.pdf,13,13,Facilitate your purchases and payments on Meta Pay or other Meta checkout experiences,"See if our Products are working correctly, such as troubleshooting and fixing it when it's not working",0,low
S000845,Meta,MetaPrivacyPolicy,MetaPrivacyPolicy.pdf,13,13,AI at Meta,"We also use information to develop, research and test improvements to Meta Products. We use information that we have to: Conduct surveys and other research about what you like about our Products and brands and on what we can do better for Meta Products and brands detail on each information category). The actual information that we use depends on your factual circumstances, but could include any of the following:",0,low
S000847,Meta,MetaPrivacyPolicy,MetaPrivacyPolicy.pdf,14,14,"Your public profile information (including your name, username and profile picture)","Content that you provide through our camera feature or your camera roll settings, or through our voice-enabled features",0,low
S000848,Meta,MetaPrivacyPolicy,MetaPrivacyPolicy.pdf,14,14,"Messages that you send and receive, including their content, subject to applicable law","Metadata about content and messages, subject to applicable law Interactions with our features that are part of AI at Meta and related metadata. For example, information such as content and messages that you or others exchange with these features",0,low
S000850,Meta,MetaPrivacyPolicy,MetaPrivacyPolicy.pdf,15,15,"Information from partners, vendors and third parties",Developing and improving AI at Meta Why and how we process your information: Develop and improve for Meta Products and for third parties.,0,low
S000852,Meta,MetaPrivacyPolicy,MetaPrivacyPolicy.pdf,15,15,"Information from partners, vendors and third parties","AI at Meta detail on each information category). The actual information that we use depends on your factual circumstances, but could include any of the following: that you or others create or share, such as posts, comments or audio on Meta Products Interactions with our features that are part of AI at Meta and related metadata. For example, information such as content and messages that you or others exchange with these features.",0,low
S000853,Meta,MetaPrivacyPolicy,MetaPrivacyPolicy.pdf,15,15,"Information from partners, vendors and third parties","Promoting safety, integrity and security on and across the Meta Products Why and how we process your information: The Meta Products are designed to research and help ensure the safety, integrity and security of those services and those people who enjoy them, on and off Meta Products. We process the information that we have associated with you and apply automated processing techniques and, in some instances, conduct manual (human) review to:",0,low
S000855,Meta,MetaPrivacyPolicy,MetaPrivacyPolicy.pdf,15,15,"Information from partners, vendors and third parties","Verify accounts and activity Find and address violations of our terms or policies. In some cases, the decisions that we make about violations are reviewed by the",0,low
S000856,Meta,MetaPrivacyPolicy,MetaPrivacyPolicy.pdf,15,15,Investigate suspicious activity,"Detect, prevent and combat harmful or unlawful behaviour, such as to review and, in some cases, remove content reported to us",0,low
S000857,Meta,MetaPrivacyPolicy,MetaPrivacyPolicy.pdf,15,15,Oversight Board,"For more information on safety, integrity and security generally on Meta Products, visit the and .",0,low
S000858,Meta,MetaPrivacyPolicy,MetaPrivacyPolicy.pdf,16,16,Instagram security tips,"detail on each information category). The actual information that we use depends on your factual circumstances, but could include any of the following: Content that you provide through our camera feature or your camera roll settings, or through our voice-enabled features",0,low
S000860,Meta,MetaPrivacyPolicy,MetaPrivacyPolicy.pdf,16,16,"Metadata about content and messages, subject to applicable law",Interactions with our features that are part of and related metadata.,0,low
S000862,Meta,MetaPrivacyPolicy,MetaPrivacyPolicy.pdf,16,16,"Information from partners, vendors and third parties","Communicating with you Why and how we process your information: We use information that you've given us (such as contact information on your profile) to send you a communication, such as an email or in-product notice, for example:",0,low
S000864,Meta,MetaPrivacyPolicy,MetaPrivacyPolicy.pdf,17,17,We'll contact you via email or in-product notifications in relation to the Meta,"Products, product-related issues, research or to let you know about our terms and policies.",0,low
S000865,Meta,MetaPrivacyPolicy,MetaPrivacyPolicy.pdf,17,17,We'll contact you via email or in-product notifications in relation to the Meta,"We also use contact information such as your email address to respond when you contact us. detail on each information category). The actual information that we use depends on your factual circumstances, but could include any of the following: Content that you provide through our camera feature or your camera roll settings, or through our voice-enabled features",0,low
S000868,Meta,MetaPrivacyPolicy,MetaPrivacyPolicy.pdf,17,17,Location-related information,"Information about the network that you connect your device to, including your IP address Information from cookies and similar technologies.",0,low
S000869,Meta,MetaPrivacyPolicy,MetaPrivacyPolicy.pdf,17,17,Location-related information,"Transferring, storing or processing your information globally Why and how we process your information: Transferring, storing or processing your information across borders, including from and to the United States and other countries: We share information that we collect globally, both internally across our offices and data centres and externally with our , and . Because Meta is global, with users, partners, vendors and employees around the world, transfers are necessary: partners third parties service providers",0,low
S000871,Meta,MetaPrivacyPolicy,MetaPrivacyPolicy.pdf,17,17,Location-related information,"To operate and provide the services described in the terms that apply to the Meta Product(s) you are using. This includes allowing you to share information and connect with your family and friends around the globe; and To fix, analyse and improve our Products.",0,low
S000872,Meta,MetaPrivacyPolicy,MetaPrivacyPolicy.pdf,17,17,Location-related information,"For more information, see the section of the Meta Privacy Policy. ""How do we transfer information?""",0,low
S000877,Meta,MetaPrivacyPolicy,MetaPrivacyPolicy.pdf,18,18,"Information from partners, vendors and third parties","Processing information with special protections Why and how we process your information: Processing information subject to special protections under applicable laws that you provide so that we can share it with those you choose, to provide, personalise and improve our Products and to undertake analytics. We'll collect, store, publish and apply automated, or sometimes manual (human), processing for these purposes.",0,low
S000879,Meta,MetaPrivacyPolicy,MetaPrivacyPolicy.pdf,19,19,"Information from partners, vendors and third parties","detail on each information category). The actual information that we use depends on your factual circumstances, but could include any of the following: Any information with special protections that you choose to provide, such as your religious views, your sexual orientation, political views, health, racial or ethnic origin, philosophical beliefs or trade union membership, or as part of surveys that you choose to participate in, or where you have given your explicit consent",1,medium
S000881,Meta,MetaPrivacyPolicy,MetaPrivacyPolicy.pdf,19,19,"Information from partners, vendors and third parties","Using information from third parties for personalising ads Why and how we process your information: Receiving and using information from third parties to tailor the ads you see: we'll use information that advertisers, businesses and other partners provide us with about activity off the Meta Company Products that we have associated with you to personalise ads that we show you on our Products, and on websites, apps and devices that use our advertising services. We receive this information whether or not you're logged in or have an account on our Products – see the for more information.",0,low
S000883,Meta,MetaPrivacyPolicy,MetaPrivacyPolicy.pdf,19,19,"Information from partners, vendors and third parties","Cookies Policy detail on each information category). The actual information that we use depends on your factual circumstances, but could include any of the following: Sharing information with third parties at your request Why and how we process your information:",0,low
S000885,Meta,MetaPrivacyPolicy,MetaPrivacyPolicy.pdf,19,19,"Information from partners, vendors and third parties","The type of third party and categories of information shared depend on the circumstances of what you ask us to share. For example: We share your email address (or other contact information) or other information you might choose when you direct us to share it with an advertiser so they can contact you with additional information about a promoted product, and",0,low
S000887,Meta,MetaPrivacyPolicy,MetaPrivacyPolicy.pdf,19,19,"Information from partners, vendors and third parties","If you choose to integrate other apps, games or websites with Meta Products and log in, we'll share your information with the app, game or website to log you in. detail on each information category). The actual information that we use depends on your factual circumstances, but could include any of the following: Providing measurement, analytics and business services Why and how we process your information:",0,low
S000889,Meta,MetaPrivacyPolicy,MetaPrivacyPolicy.pdf,20,20,"Content you create, such as posts or comments","Our systems automatically, as well as with some manual (human) processing, process information that we've collected and stored about you and others. We use this information to: Provide insights and measurement reports to businesses, advertisers and other partners to help them measure the effectiveness and distribution of their or their clients' ads, content and services, to understand the kinds of people who are seeing their content and ads, and how their content and ads are performing on and off Meta Products, and",0,low
S000891,Meta,MetaPrivacyPolicy,MetaPrivacyPolicy.pdf,20,20,"Content you create, such as posts or comments","Provide aggregated user analytics and insights reports that help users, businesses, advertisers and other partners better understand the audiences with whom they may want to connect, as well as the types of people who use their services and how people interact with their content, websites, apps and services. detail on each information category). The actual information that we use depends on your factual circumstances, but could include any of the following: Content that you provide through our camera feature or your camera roll settings, or through our voice-enabled features",0,low
S000895,Meta,MetaPrivacyPolicy,MetaPrivacyPolicy.pdf,21,21,Information from cookies and similar technologies,"Providing a seamless experience Why and how we process your information: Sharing of information across the Meta Companies: Meta Company Products to enable cross app interactions, sharing, viewing and engaging with content, including posts and videos. detail on each information category). The actual information that we use depends on your factual circumstances, but could include any of the following:",0,low
S000901,Meta,MetaPrivacyPolicy,MetaPrivacyPolicy.pdf,22,22,Information from cookies and similar technologies,"Business intelligence and analytics Why and how we process your information: To understand, in aggregate, your usage of and across our Products, to accurately count people and businesses; and",0,low
S000903,Meta,MetaPrivacyPolicy,MetaPrivacyPolicy.pdf,22,22,Information from cookies and similar technologies,"To validate metrics directly related to these, in order to inform and improve product direction and development and to adhere to (shareholder/earning) reporting obligations. detail on each information category). The actual information that we use depends on your factual circumstances, but could include any of the following: Content that you provide through our camera feature or your camera roll settings, or through our voice-enabled features",0,low
S000907,Meta,MetaPrivacyPolicy,MetaPrivacyPolicy.pdf,23,23,"Information from partners, vendors and third parties",Personalising ads on Meta Audience Network Why and how we process your information: Identifying you as a Meta Product user and personalising the ads that we show you through when you visit other apps:,0,low
S000909,Meta,MetaPrivacyPolicy,MetaPrivacyPolicy.pdf,23,23,Meta Audience Network,"When we show you ads through Meta Audience Network when you visit other apps, our systems automatically process the information that we've collected and stored about you and others to identify you as a Meta Product user and tailor the ads that you see. detail on each information category). The actual information that we use depends on your factual circumstances, but could include any of the following: Content that you provide through our camera feature or your camera roll settings, or through our voice-enabled features",0,low
S000913,Meta,MetaPrivacyPolicy,MetaPrivacyPolicy.pdf,24,24,Information from cookies and similar technologies,"Providing marketing communications Why and how we process your information: Depending on your settings, and subject to applicable law, we'll share marketing communications with you.",0,low
S000915,Meta,MetaPrivacyPolicy,MetaPrivacyPolicy.pdf,24,24,Information from cookies and similar technologies,"We'll collect and store your information and use it to send marketing communications to you, such as an email, subject to applicable laws. detail on each information category). The actual information that we use depends on your factual circumstances, but could include any of the following: Undertaking research and innovation for social good Why and how we process your information:",0,low
S000917,Meta,MetaPrivacyPolicy,MetaPrivacyPolicy.pdf,24,24,Device identifiers,"We carry out surveys and use information (including from researchers that we collaborate with) to conduct and support research and innovation on topics of general social welfare, technological advancement, public interest, health and wellbeing.",0,low
S000918,Meta,MetaPrivacyPolicy,MetaPrivacyPolicy.pdf,24,24,Device identifiers,"For example, we analyse information that we have about migration patterns during crises. This helps relief organisations get aid to the right places.",0,low
S000919,Meta,MetaPrivacyPolicy,MetaPrivacyPolicy.pdf,24,24,Device identifiers,"We collect, store, combine, analyse and apply automatic processing techniques such as aggregation of information as well as manual (human) review, and share information, as necessary to research and innovate for social good in this way. We support research in areas such as artificial intelligence and machine learning. about our research programmes.",0,low
S000920,Meta,MetaPrivacyPolicy,MetaPrivacyPolicy.pdf,24,24,Device identifiers,"Learn more detail on each information category). The actual information that we use depends on your factual circumstances, but could include any of the following: Content that you provide through our camera feature or your camera roll settings, or through our voice-enabled features",0,low
S000923,Meta,MetaPrivacyPolicy,MetaPrivacyPolicy.pdf,25,25,AI at Meta,exchange with these features,0,low
S000925,Meta,MetaPrivacyPolicy,MetaPrivacyPolicy.pdf,25,25,"Information from partners, vendors and third parties","Anonymising your information Why and how we process your information: In some cases, we anonymise information we have associated with you, such as your activity on and off our Products, and use the resulting information, for example, to provide and improve our Meta Products, including ads. detail on each information category). The actual information that we use depends on your factual circumstances, but could include any of the following:",0,low
S000930,Meta,MetaPrivacyPolicy,MetaPrivacyPolicy.pdf,26,26,"Information from partners, vendors and third parties","Sharing information with others including law enforcement and responding to legal requests Why and how we process your information: See the section of the Meta Privacy Policy for more information on when we share information with law enforcement and others. ""How do we respond to legal requests, prevent harm and promote safety and integrity?""",0,low
S000932,Meta,MetaPrivacyPolicy,MetaPrivacyPolicy.pdf,26,26,"Information from partners, vendors and third parties","The categories of information that we access, preserve, use and share depend on the specific circumstances. For example, responses to legal requests where not compelled by law will typically include limited information (such as contact details and login information).",0,low
S000933,Meta,MetaPrivacyPolicy,MetaPrivacyPolicy.pdf,26,26,"Information from partners, vendors and third parties","However, the information we process will depend on the purposes, which could include the following: In response to legal requests from third parties such as civil litigants, law enforcement and other government authorities",0,low
S000935,Meta,MetaPrivacyPolicy,MetaPrivacyPolicy.pdf,26,26,To comply with applicable law or legitimate legal purposes,"To promote the safety, security and integrity of Meta Companies, Meta Products, users, employees, property and the public about how we promote safety, security and integrity.",0,low
S000940,Meta,MetaPrivacyPolicy,MetaPrivacyPolicy.pdf,27,27,"Information from partners, vendors and third parties","Processing information when required by law Why and how we process your information: Where we are under an obligation to disclose information such as, for example, if we receive a valid legal request for certain information such as a search warrant, we will access, preserve and/or share your information with regulators, law enforcement or others.",0,low
S000942,Meta,MetaPrivacyPolicy,MetaPrivacyPolicy.pdf,27,27,"Information from partners, vendors and third parties","The way in which the information will be processed depends on the specific circumstances. See the section of the Meta Privacy Policy for more. "" "" provides information on the operational guidelines that law enforcement needs to follow. ""How do we respond to legal requests, prevent harm and promote safety and integrity?""",0,low
S000943,Meta,MetaPrivacyPolicy,MetaPrivacyPolicy.pdf,28,28,Information for Law Enforcement Authorities,"details on each information category). The actual information that we use depends on your factual circumstances, but could include any of the following: The categories of information depend on the specific circumstances of each mandatory request or obligation. Only the information necessary to comply with the relevant legal obligation will be shared or otherwise processed. For example, for civil matters, this will typically include limited information (such as contact details and login information). However, depending on the circumstances, it could include the following:",0,low
S001008,Snapchat,Snap Group Limited Terms of Service,Snap Group Limited Terms of Service.docx,1,1,Snap Group Limited Terms of Service,"We’ve drafted these Terms of Service (which we call the “Terms”) so you’ll know the rules that govern our relationship with you as a user of Snapchat, Bitmoji, or any of our other products or services that are subject to these Terms, such as My AI (which we refer to collectively as the “Services”). Our Services are personalised and we provide information about how they work in these Terms, our Privacy, Safety, and Policy Hub, on our Support Site, and within the Services (such as notices, consents, and settings). The information we provide forms the main subject matter of these Terms.",1,medium
S001010,Snapchat,Snap Group Limited Terms of Service,Snap Group Limited Terms of Service.docx,1,1,Snap Group Limited Terms of Service,"In order to use our Services, you must accept these Terms (and any other notice or consent), which are presented to you when you first open the Service. If so, Snap grants you a non-assignable, non-exclusive, revocable, and non-sublicensable licence to use the Services in accordance with these Terms and our policies. Of course, if you don’t accept them, then don’t use the Services.",2,medium
S001014,Snapchat,Snap Group Limited Terms of Service,Snap Group Limited Terms of Service.docx,1,1,1. Who Can Use the Services,"Our Services are not directed to children under the age of 13 or those below the applicable minimum age at which you may use the Services in your state, province, or country if older than 13. You must confirm that you are older than that applicable minimum age to create an account and use the Services. If we have actual knowledge that you are not, we will cease providing the Services to you and lock or delete your account and your data. We may require you to verify your age before you are allowed to use our Services.",2,medium
S001027,Snapchat,Snap Group Limited Terms of Service,Snap Group Limited Terms of Service.docx,1,1,2. Rights You Grant Us,"While we’re not required to do so, we reserve the right to access, review, screen, and delete any content: (i) which we think violates these Terms or any applicable laws, including any additional terms referenced in Section 3, or our policies, such as our Community Guidelines, or (ii) if necessary to comply with our legal obligations, and we will not be liable to you for any such actions taken. You alone, though, remain responsible for the content you create, upload, post, send, or store through the Services.",2,medium
S001028,Snapchat,Snap Group Limited Terms of Service,Snap Group Limited Terms of Service.docx,1,1,2. Rights You Grant Us,"We, Snap Inc., our affiliates, and our third-party partners may place advertising on the Services, including personalised advertising — with your consent, where required — based on the information you provide us, we collect, or we obtain about you. Advertising may sometimes appear near, between, over, or in your content.",1,medium
S001053,Snapchat,Snap Group Limited Terms of Service,Snap Group Limited Terms of Service.docx,1,1,7. Content Moderation,"We hope you’ll understand any decisions we make about content or user accounts, but in some cases you can appeal our decisions. More information about appeals is available on our Support Site. You must submit any complaints within six months of the actions being taken against your content or account.",2,medium
S001054,Snapchat,Snap Group Limited Terms of Service,Snap Group Limited Terms of Service.docx,1,1,7. Content Moderation,"Upon receiving a complaint, we strive to: review it in a timely, non-discriminatory, diligent and non-arbitrary manner, and reverse our decision if we determine our initial assessment was incorrect; and",1,medium
S001059,Snapchat,Snap Group Limited Terms of Service,Snap Group Limited Terms of Service.docx,1,1,7. Content Moderation,In summary: Most content on the Services is owned or controlled by others and we don't have any control or responsibility over that content. We have content moderation policies and processes in place that apply to content on the Services. You may be able to appeal our decisions or make a complaint if you believe we have failed to comply with these Terms or laws that may apply to you depending on where you live.,1,medium
S001069,Snapchat,Snap Group Limited Terms of Service,Snap Group Limited Terms of Service.docx,1,1,7. Content Moderation,use or develop any third-party applications that interact with the Services or other users’ content or information without our written consent;,1,medium
S001088,Snapchat,Snap Group Limited Terms of Service,Snap Group Limited Terms of Service.docx,1,1,10. Safety,"We work hard to help ensure our Services offer a fun and safe experience for all users, but we can’t guarantee it. We take behaviour that threatens the safety of our community very seriously, particularly when the threat of harm is severe. If you encounter potentially harmful or unlawful content on the Services, we encourage you to report it. You can learn more about the different ways we strive to keep illegal or potentially harmful content off of the Services in our Community Guidelines. We implement safety-by-design features and system controls intended to mitigate the risks of users encountering content involving Severe Harms.",1,medium
S001090,Snapchat,Snap Group Limited Terms of Service,Snap Group Limited Terms of Service.docx,1,1,10. Safety,"If you fail to comply, we reserve the right to remove any offending content; terminate or limit the visibility of your account or access to certain features; retain data relating to your account in accordance with our data retention policies; and notify third parties — including law enforcement — and provide those third parties with data and any other information relating to your account. This step may be necessary to protect the safety of our users and others; to investigate, remedy, and enforce potential violations of our Terms; and to detect and resolve any fraud or security concerns.",1,medium
S001094,Snapchat,Snap Group Limited Terms of Service,Snap Group Limited Terms of Service.docx,1,1,11. Your Account,"To use certain Services, you need to create an account. You agree to provide us with accurate, complete, and updated information for your account. Except in the unlikely event that activity occurs in your account outside of your control, you are responsible for any activity that occurs in your account. So it’s important that you keep your account secure. One way to help keep your account secure is to select a strong password that you don’t use for any other account and to enable two-factor authentication. If you think that someone has gained access to your account, please immediately reach out to Support. Any software that we provide to you may automatically download and install upgrades, updates, or other new features. You may be able to adjust these automatic downloads through your device’s settings. You agree not to create any account if we have previously removed or banned you or your account from any of our Services, unless we consent otherwise.",1,medium
S001099,Snapchat,Snap Group Limited Terms of Service,Snap Group Limited Terms of Service.docx,1,1,13. Data Charges and Mobile Phones,"By providing us with your mobile phone number you agree, among other things, to receive Messages from Snap related to the Services, including about promotions (where we have consent or as permitted by law), your account, and your relationship with Snap. These Messages may be received even if your mobile phone number is registered on any kind of “Do Not Call” list, or international equivalent.",1,medium
S001114,Snapchat,Snap Group Limited Terms of Service,Snap Group Limited Terms of Service.docx,1,1,17. Indemnity,"You agree, to the extent permitted by law, to indemnify, defend, and hold harmless Snap, our affiliates, directors, officers, stockholders, employees, licensors, and agents from and against any and all complaints, charges, claims, damages, losses, costs, liabilities, and expenses (including attorneys’ fees) due to, arising out of, or relating in any way to: (a) your access to or use of the Services, (b) your content, including infringement claims related to your content, (c) your breach of these Terms or any applicable law or regulation, or (d) your negligence or intentional misconduct.",1,medium
S001122,Snapchat,Snap Group Limited Terms of Service,Snap Group Limited Terms of Service.docx,1,1,19. Limitation of Liability,"Snap, Snap Inc., and our affiliates, directors, officers, stockholders, employees, licensors, suppliers, and agents will not be liable for any indirect, incidental, special, consequential, punitive, or multiple damages, or any loss of profits or revenues, whether incurred directly or indirectly, or any loss of data, use, goodwill or other intangible losses, resulting from: (a) your use of the Services or inability to use the Services, (b) your access to or inability to access the Services, (c) the conduct or content of other users or third parties on or through the Services, or (d) unauthorised access, use or alteration of your content. Except to the extent specified otherwise in any other applicable terms of Snap, Snap Inc., or our affiliates, in no event will Snap, Snap Inc., or our affiliates’ aggregate liability for all claims relating to the Services exceed the greater of (a) €100 EUR, and (b) the amount you paid Snap in the last 12 months for any Services.",2,medium
S001130,Snapchat,Snap Group Limited Terms of Service,Snap Group Limited Terms of Service.docx,1,1,20. Dispute Resolution and Arbitration,In summary: Get in touch with us if you have a complaint. Disputes with business users will be settled through arbitration.,1,medium
S001131,Snapchat,Snap Group Limited Terms of Service,Snap Group Limited Terms of Service.docx,1,1,21. Exclusive Venue,"To the extent that these Terms allow you or Snap to initiate litigation in a court, both you and Snap agree that all claims and disputes (whether contractual or otherwise), arising out of or relating to the Terms or the use of the Services will be litigated exclusively in the courts of England in the United Kingdom, unless this is prohibited by the laws of the country where you reside. You and Snap consent to the exclusive jurisdiction of those courts.",2,medium
S001134,Snapchat,Snap Group Limited Terms of Service,Snap Group Limited Terms of Service.docx,1,1,24. Final Terms,"These Terms, including the additional terms referenced in Section 3, make up the entire agreement between you and Snap, and supersede any prior agreements. These Terms do not create or confer any rights to third parties. If we do not enforce a provision in these Terms, it will not be considered a waiver of our rights to enforce these Terms. We reserve the right to transfer our rights under these Terms and provide the Services using another entity, provided that entity upholds these Terms. You may not transfer any of your rights or obligations under these Terms without our consent. We reserve all rights not expressly granted to you.",2,medium
S001139,Snapchat,Snap_Privacy Policy,Snap_Privacy Policy.docx,1,1,"Effective: September 21, 2026","Welcome to Snap Inc.’s Privacy Policy. This Policy explains how we collect and use your data and how you can control your information. Looking for a quick summary on our privacy practices? Check out this page or this video. If you’re looking for specific product privacy information, for example, how we process your Chats and Snaps, take a look at our Privacy by Product page. In addition to these documents, we also show in-app notices that provide you more information about our products and services. If you’re a SPECS user you can learn more on how we collect and use your data here.",0,low
S001140,Snapchat,Snap_Privacy Policy,Snap_Privacy Policy.docx,1,1,"Effective: September 21, 2026","Transparency is one of our core values at Snap. We believe there shouldn’t be any surprises about the data we collect and how we use it — that’s why we’re upfront with how we process it. For example, we process your information to provide you a more personalized experience, including to show you content and information that is most relevant to your experience, as well as more relevant advertisements. Understanding your interests and preferences help us provide a better product experience.",0,low
S001141,Snapchat,Snap_Privacy Policy,Snap_Privacy Policy.docx,1,1,"Effective: September 21, 2026","Furthermore, we believe a personalized experience should not come at the expense of your privacy. Just like in real life, there are some moments you want to share privately with your close friends, and others that you want to share publicly. That’s why from day one our philosophy has been to delete content by default and to give Snapchatters control by providing the tools that allow them to decide what happens with their content, like who to share it with or when to save it.",0,low
S001142,Snapchat,Snap_Privacy Policy,Snap_Privacy Policy.docx,1,1,"Effective: September 21, 2026","This Policy covers our Snapchat app as well as our other products, services, and features, such as Bitmoji, SPECS, and our advertising and commerce initiatives. When you read “Services” in this Policy, we’re talking about all of them. Also, if you see us refer to our “Terms,” we mean the Terms of Service that you agree to when you sign up for our Services. Finally, if you see the term “Snapchatter” we are often using that as shorthand for any user of our Services.",0,low
S001143,Snapchat,Snap_Privacy Policy,Snap_Privacy Policy.docx,1,1,"Effective: September 21, 2026","Let’s get started with the controls you have over your information: Control over your information and settings is a core part of Snapchat experience. You can access, update, and delete your information, decide who can contact you, and download your data from within the Snapchat app. Below, we give you more details on the types of settings that are available, link out to our data download tool, and provide instructions on how to delete data or your account.",1,medium
S001145,Snapchat,Snap_Privacy Policy,Snap_Privacy Policy.docx,1,1,Control Over Your Information,"We want you to be in control of your information, so we provide you with a range of tools, including: Access and update your information. You can access and edit most of your basic information, including account details (information about you, like your name, username, email address, birthday, and phone number), right in our Services. Just navigate to your settings and you will see the options available to you.",0,low
S001147,Snapchat,Snap_Privacy Policy,Snap_Privacy Policy.docx,1,1,Control Over Your Information,"Delete your information. If you want to delete your account, learn how here. You can also delete some information within our Services, like content you’ve saved to Memories, content you’ve shared with My AI, Spotlight submissions, and more.",1,medium
S001148,Snapchat,Snap_Privacy Policy,Snap_Privacy Policy.docx,1,1,Control Over Your Information,"Control who can see your content. We’ve built a number of tools that let you choose who you share your content with. In some cases you may want to share content with just your friends, and in other instances you may want to share it with the public. To learn more, go here.",0,low
S001149,Snapchat,Snap_Privacy Policy,Snap_Privacy Policy.docx,1,1,Control Over Your Information,"Control who can contact you. Snapchat is intended for close friends and family, that’s why we’ve built controls that help you decide who can contact you. If you receive unwanted communications, you can always block and report that person. Go here to learn more.",0,low
S001150,Snapchat,Snap_Privacy Policy,Snap_Privacy Policy.docx,1,1,Control Over Your Information,"Change your permissions. In most cases, you can change your permissions at any time. For example, by default you are findable to others through your phone number and/or email address that you provided. If you no longer want to be findable, you can always change your settings. Or if you provided access to your phone or third party platform contacts to make friending easier, you can change that later on in your app settings. Of course, if you do that, certain features and Services, like finding friends in your contact book, won’t work.",0,low
S001151,Snapchat,Snap_Privacy Policy,Snap_Privacy Policy.docx,1,1,Control Over Your Information,"Opt out of promotional messages. You have the option to opt out or unsubscribe from promotional emails and messages sent by SMS or other messaging platforms. To do so, just follow the instructions in the message like an unsubscribe link or similar functionality.",1,medium
S001152,Snapchat,Snap_Privacy Policy,Snap_Privacy Policy.docx,1,1,Control Over Your Information,Download your data. You can make a request in our Download My Data tool to export a copy of your Snapchat information.,0,low
S001153,Snapchat,Snap_Privacy Policy,Snap_Privacy Policy.docx,1,1,Control Over Your Information,"Object to processing. Depending on where you live and the particular data we are processing, you may have the right to object to our processing of that information. This gets a bit technical, so we’ve explained it in more detail here.",0,low
S001154,Snapchat,Snap_Privacy Policy,Snap_Privacy Policy.docx,1,1,Control Over Your Information,"Set advertising preferences. We try to show you ads that we think will be relevant to your interests, but if you’d like to have a less personalized experience, you can change your advertising settings in the Snapchat app. Learn more here.",0,low
S001155,Snapchat,Snap_Privacy Policy,Snap_Privacy Policy.docx,1,1,Control Over Your Information,"Tracking. If you use an iPhone with iOS 14.5 or above, some specific requirements apply, which we’ve specified here.",0,low
S001156,Snapchat,Snap_Privacy Policy,Snap_Privacy Policy.docx,1,1,Information We Collect,"This section provides you with details on what information we collect: what you provide to us, what we collect when you use Snapchat, and information we receive from other companies or apps you’ve connected to your Snapchat account. Sometimes, we may also collect additional information, with your permission.",0,low
S001157,Snapchat,Snap_Privacy Policy,Snap_Privacy Policy.docx,1,1,Information We Collect,"When you use our Services, such as Snapchat, we collect information you provide to us, generate information when you use our Services, and in some cases receive data from others. Let’s break these down in more detail.",0,low
S001158,Snapchat,Snap_Privacy Policy,Snap_Privacy Policy.docx,1,1,Information You Provide,"Many of our Services require you to set up an account. To do this, we ask you to provide us with account details. When you set up your profile, you’ll also provide us with profile details (like your Bitmoji and profile picture). If you use our commerce products to buy something, like those latest sneakers, we may ask you for payment and related information (like your physical address, so we can ship the product to you, payment information, so we can process the payment, and transaction history). Based on your region, we may also use information you provide to estimate or infer your age or ask you to verify your age.",0,low
S001159,Snapchat,Snap_Privacy Policy,Snap_Privacy Policy.docx,1,1,Information You Provide,"Of course, you’ll also provide us with information you send through or save within our Services, including content and information about that content, and content you share and generate with our AI Features (content, or “Inputs,” including text, images, video, audio, precise location, and engagement, including content you share with My AI, used to generate content and responses, or “Outputs,”). We consider some of this information to be private content and communications (like Snaps and Chats with your friends, voice and video calls, and content that is saved in My Eyes Only). Or content you share with a particular audience like private & friend stories (My Story set to Friends, Private Stories). On the other end of the spectrum, some of the information you send through or save within our Services may be public content that is accessible to everyone (such as Public Story content, including My Story set to Everyone, Shared Stories, and Community Stories, Spotlight or Snap Map submissions, and Public Profile information). Keep in mind that Snapchatters who view your Snaps, Chats, and any other content, can always screenshot that content, save it, or copy it outside the Snapchat app. So please don’t send messages or share content that you wouldn’t want someone to save or share.",0,low
S001160,Snapchat,Snap_Privacy Policy,Snap_Privacy Policy.docx,1,1,Information You Provide,"Lastly, when you contact Support (content and communications shared with Support) or our Safety team, or communicate with us in any other way, including through our research efforts (like responses to surveys, consumer panels, or other research questions) we’ll collect whatever information you provide or that we need to resolve your question.",0,low
S001161,Snapchat,Snap_Privacy Policy,Snap_Privacy Policy.docx,1,1,Information We Generate When You Use Our Services,"When you use our Services, we collect information about which of those Services you’ve used and how you’ve used them. This helps us better understand the way our community uses our Services so that we can make improvements.",0,low
S001162,Snapchat,Snap_Privacy Policy,Snap_Privacy Policy.docx,1,1,Information We Generate When You Use Our Services,"This includes usage information (information about how you interact with our Services — for example, which Lenses you view and apply, your premium subscriptions, Stories you watch, and how often you interact with other Snapchatters) and content information (information about content you create or provide, your engagement with the camera and creative tools, your interactions with My AI, and metadata — for example, information about the content itself like the date and time it was posted and who viewed it). Content information includes information based on the content of the image, video, or audio — so if you post a Spotlight of a basketball game, we may use that information to show you more content on Spotlight about basketball, or if you enable certain face grouping features, we may use information about faces detected in your Memories to help you organize and find Snaps featuring the same person.",0,low
S001163,Snapchat,Snap_Privacy Policy,Snap_Privacy Policy.docx,1,1,Information We Generate When You Use Our Services,"This also includes device information (such as your device hardware or software, operating system, device memory, advertising identifiers, apps installed, browser type, information from device sensors that measure the motion of your device or compasses and microphones, including whether you have headphones connected, and information about your wireless and mobile connections), IP address-based location information (IP address), information collected by cookies and similar technologies, depending on your settings, (cookies, pixels (small graphic data that recognize user activity, such as if and how often a user has visited a website), web storage, unique advertising identifiers), and log information (such as details about how you’ve used our Services, access times, pages viewed, IP address, and unique identifiers like cookies).",0,low
S001164,Snapchat,Snap_Privacy Policy,Snap_Privacy Policy.docx,1,1,Information We Generate When You Use Our Services,"If you’ve explicitly granted device-level permissions, device information may also include information about your device phonebook (contacts and related information), images and other information from your device’s camera, photos, and microphone (like the ability to take photos, videos, view stored photos and videos, and access the microphone to record audio while recording video), and precise location information (precise location through methods like GPS signals).",0,low
S001165,Snapchat,Snap_Privacy Policy,Snap_Privacy Policy.docx,1,1,Data We Receive From Others,"The last category of data we collect is information about you that we may receive from others, such as other users, our affiliates, and third parties. This includes linked third-party service data (information we get when you link your Snapchat account to another service), data from advertisers (information from advertisers, app developers, publishers, and other third parties to help target or measure the performance of ads), contact info from other Snapchatters or third parties (if another Snapchatter uploads their contact list which includes your information, we may combine that with other information we have about you to better understand who you may want to communicate with. Or, if you provide us with your contact information, we may use that to determine if we can communicate with you in other ways, like SMS, email, or other messaging services), and data relating to potential violations of our Terms (we may receive information from third parties, including website publishers, social network providers, law enforcement, and others, about potential violators of our Terms of Service and Community Guidelines).",0,low
S001166,Snapchat,Snap_Privacy Policy,Snap_Privacy Policy.docx,1,1,"Other Information, With Your Permission","Additionally, there may be instances when you interact with our Services that we will ask your permission to collect additional information. For example, before accessing your device’s camera roll or your device or third party contact book.",0,low
S001167,Snapchat,Snap_Privacy Policy,Snap_Privacy Policy.docx,1,1,How We Use Information,"This section explains how we use the information we collect. Among other things, we use the information we collect to provide you with personalized products and Services that we work hard to build and improve. Below, we walk through each purpose for which we use information in detail. If you’d like to see a mapping of the data we collect with the purposes for which we collect it, we have a table here.",0,low
S001168,Snapchat,Snap_Privacy Policy,Snap_Privacy Policy.docx,1,1,How We Use Information,"Keep Things Up & Running (i.e., operate, deliver, and maintain our Services)",0,low
S001169,Snapchat,Snap_Privacy Policy,Snap_Privacy Policy.docx,1,1,How We Use Information,"We use the information we collect in order to operate, deliver, and maintain our Services. For example, by delivering a Snap you want to send to a friend or, if you share your location on Snap Map, to show you suggestions like places you might like in your neighborhood, content others have posted to the Map, or your friends if they’re sharing their location with you. We also use some of your information to help keep our products up to date, for example to make sure that our Services work with the latest operating systems and devices.",0,low
S001170,Snapchat,Snap_Privacy Policy,Snap_Privacy Policy.docx,1,1,Personalize Your Experience & Give Context,"We offer personalized Services to Snapchatters. One of the ways we do this is by showing you content that is relevant to you or we think you may enjoy based on the information you share with us. To do so, we use information about you across different areas of the Services in order to add context to your Snapchat experience. For example, we automatically tag content with labels based on the content, your location, or the time of day. So, if there's a dog in the photo, it may be searchable in Memories by the term “dog,” show up on the Map at the location where you created the Memory, and inform us that you’re into dogs so we can surface you fun dog videos and dog food ads in other parts of our Services, such as Spotlight. If you enable certain face grouping features, we may use information about faces in your Memories to improve search, organization, and personalization in Memories (for example, by suggesting Memories with the same friend).",0,low
S001171,Snapchat,Snap_Privacy Policy,Snap_Privacy Policy.docx,1,1,Personalize Your Experience & Give Context,"Personalization can also help with suggesting friends or recommending a new friend to send a Snap to based on who you Snap with the most. We may show recommended places on the Snap Map, generate content with our AI Features like stickers or Snaps, infer your age or interests based on your content or activity, or customize the content we show you, including ads. For example, if you watch barista content on Spotlight, talk to My AI about your favorite espresso machine, or save a lot of coffee-related Snaps in your Memories, we may highlight coffee shops on the Snap Map when you visit a new city or show you content about coffee that you may find interesting or relevant. Or, if you interact with a lot of music venues we may use that to show you ads for upcoming shows in town. Personalization also includes tailoring your experience based on who you interact with most and what your friends are doing, including showing you content your friends create, like, or enjoy on Spotlight or Place recommendations that are popular with your friends.",0,low
S001172,Snapchat,Snap_Privacy Policy,Snap_Privacy Policy.docx,1,1,Personalize Your Experience & Give Context,Our goal is to continuously provide you with more relevant and interesting content.,0,low
S001173,Snapchat,Snap_Privacy Policy,Snap_Privacy Policy.docx,1,1,Personalize Your Experience & Give Context,"For example, if you watch a lot of sports content, but skip content with hair and makeup tips, our recommendation algorithms will prioritize sports, but not those makeup tips. You can learn more about how we understand Snapchatter preferences and rank and moderate content here.",0,low
S001174,Snapchat,Snap_Privacy Policy,Snap_Privacy Policy.docx,1,1,Personalize Your Experience & Give Context,"We believe it is critical to also balance the benefits of personalization with our Snapchatters’ expectations of privacy. For example, we may automatically tag the Snaps you save to Memories based on the content within it (e.g., the Snap contained a dog), and then use that tag to personalize your experience, make recommendations, or show you ads (such as showing you Spotlight Snaps containing dogs). We do not use the private content and communications you send to people who are your friends to personalize your experience, make recommendations, or show you ads.",0,low
S001175,Snapchat,Snap_Privacy Policy,Snap_Privacy Policy.docx,1,1,Provide Relevant Ads,"Another way we provide a personalized Service is through the ads we show. We use your interests and preferences from the information we’ve collected to personalize, target, and measure ads. We think ads are best when they’re relevant. That’s why we try to select the right ads and show them to you at the right time. For example, if you’ve interacted with ads for video games, we will infer that you like video games, and show you similar ads, but those won’t be the only ads you see. Similar to our content strategy, we try to ensure you receive a variety of ads. We also use your information to avoid showing you ads you probably won’t be interested in. For example, if a ticketing site tells us you’ve previously bought tickets for a movie — we can stop showing you ads for it. You can learn about the different types of advertising and your choices about which ads you receive here.",0,low
S001176,Snapchat,Snap_Privacy Policy,Snap_Privacy Policy.docx,1,1,Provide Relevant Ads,"You can learn more about how we collect, use, and share your information for advertising purposes here.",0,low
S001177,Snapchat,Snap_Privacy Policy,Snap_Privacy Policy.docx,1,1,Provide Relevant Ads,"A note about information collected by cookies and other technologies: we may use these technologies to collect information when you interact with Services we offer through one of our partners. For example, we may use information collected on an advertiser’s website to show you more relevant ads. Most web browsers are set to accept cookies by default. If you prefer, you can usually remove or reject browser cookies through the settings on your browser or device. Keep in mind, though, that removing or rejecting cookies could affect the availability and functionality of our Services. To learn more about how we and our partners use cookies on our Services and your choices, please check out our Cookie Policy.",0,low
S001178,Snapchat,Snap_Privacy Policy,Snap_Privacy Policy.docx,1,1,"Develop & Improve Features, Algorithms & Machine Learning Models","Our teams are constantly coming up with new ideas for features and ways to improve our Services. In order to do this, we also develop and improve the algorithms and machine learning models (an expression of an algorithm that combs through significant amounts of data to find patterns or make predictions) that make our features and Services work, including through our AI features. Our AI features typically use generative AI (artificial intelligence capable of generating text, images, or other media, using generative models. Generative AI models learn the patterns and structure of their input training data and then generate new data that has similar characteristics). We use algorithms, machine learning models, and generative AI for personalization, advertising, safety and security, fairness and inclusivity, augmented reality, and to prevent abuse or other Terms or Community Guidelines violations. For example, our algorithms and machine learning models take into account the conversations Snapchatters are having with My AI to improve the responses from My AI.",0,low
S001179,Snapchat,Snap_Privacy Policy,Snap_Privacy Policy.docx,1,1,"Develop & Improve Features, Algorithms & Machine Learning Models","Your information can help us decide what kind of improvements we should make, but we are always focused on privacy — and we don’t want to use more of your personal information than necessary to develop our features and models.",0,low
S001180,Snapchat,Snap_Privacy Policy,Snap_Privacy Policy.docx,1,1,Analytics,"In order to understand what to build or how to improve our Services, we need to understand trends and demand for our features. For example, we monitor metadata and trends about Group Chat use to help decide whether we should change parts of the feature, like the maximum size of a Group. Studying data from Snapchatters can help us see trends in the ways that people use the Services. This helps inspire us to improve Snapchat on a larger scale. We perform analytics in order to identify, monitor, and analyze trends and usage. Based on this information, we will, among other things, create information about our users to help us understand demand.",0,low
S001181,Snapchat,Snap_Privacy Policy,Snap_Privacy Policy.docx,1,1,Research,"We conduct research to better understand general consumer interests, trends, and how our Services are used by you and others in our community. This information, along with analytics (as we described above), helps us understand more about our community and about how our Services fit into the lives of those in our community. We also engage in research and development to develop new techniques and technologies (e.g., new machine learning models or hardware, such as SPECS). The results of our research are sometimes used in features on Snapchat, and we sometimes publish papers about things like overall behaviors and consumer trends (which will only have aggregated data across our user base, and not contain any of your private content and communications or personal information about you specifically).",0,low
S001182,Snapchat,Snap_Privacy Policy,Snap_Privacy Policy.docx,1,1,Enhance the Safety & Security of Our Services,"We use your information to enhance the safety and security of our Services, verify Snapchatter identity or age, and prevent fraud or other unauthorized or illegal activity. For example, we provide two-factor authentication to help protect your account and can send you email or text messages if we notice any suspicious activity. We also scan URLs sent on Snapchat to see if that webpage is potentially harmful, and can give you a warning about it.",0,low
S001183,Snapchat,Snap_Privacy Policy,Snap_Privacy Policy.docx,1,1,Enhance the Safety & Security of Our Services,"We may use automated tools to detect potential violations of our Terms or Community Guidelines including harmful or unlawful activity and confirm age-appropriate use. These tools may use signals such as account, device, usage, and content-related information described in this Policy.",0,low
S001184,Snapchat,Snap_Privacy Policy,Snap_Privacy Policy.docx,1,1,Contacting You,"Sometimes we’ll get in touch with you to promote new or existing features. This includes sending Snapchatters communications through Snapchat, email, SMS, or other messaging platforms, where permitted. For example, we may use the Snapchat app, email, SMS, or other messaging platforms to share information about our Services and promotional offers that we think may interest you.",0,low
S001185,Snapchat,Snap_Privacy Policy,Snap_Privacy Policy.docx,1,1,Contacting You,"Other times, we need to communicate with you to provide information, alerts, or to send messages our users ask us to deliver at their request. This may include sending communications through Snapchat, email, SMS, or other messaging platforms, where permitted, to deliver account status updates, security alerts, and Chat or friending reminders; it may also include fulfilling our user’s request to send invites or Snapchat content to non-Snapchatters.",0,low
S001186,Snapchat,Snap_Privacy Policy,Snap_Privacy Policy.docx,1,1,Support,"When you ask for help, we want to get you support as quickly as possible. In order to provide you, the Snapchatter community, and our business partners with the help needed to resolve issues with our Services, we often need to use the information we have collected to respond.",0,low
S001187,Snapchat,Snap_Privacy Policy,Snap_Privacy Policy.docx,1,1,Enforce Our Terms & Policies,"We use the data we collect to enforce our Terms, policies, and the law. This includes enforcing, investigating, and reporting conduct that violates our Terms, policies, or the law, responding to requests from law enforcement, and complying with legal requirements. For example, when unlawful content is posted on our Services, we may need to enforce our Terms and other policies. In some cases, we may also use or share your information to cooperate with law enforcement requests, escalate safety issues to law enforcement, industry partners, or others, or comply with our legal obligations, including to verify the ages of our users. Check out our Transparency Report to learn more.",1,medium
S001188,Snapchat,Snap_Privacy Policy,Snap_Privacy Policy.docx,1,1,"Other Purposes, With Your Permission","Additionally, there may be instances when you interact with our Services that we will ask for your permission to use your information in a new, different, or otherwise specific way.",0,low
S001189,Snapchat,Snap_Privacy Policy,Snap_Privacy Policy.docx,1,1,How We Share Information,"This section explains who we share information with, what that information may include, and the reasons for sharing that information, including when we need to transfer it outside of the country it was collected from.",0,low
S001190,Snapchat,Snap_Privacy Policy,Snap_Privacy Policy.docx,1,1,Recipients & Reasons for Sharing,"Snapchat. To provide our Services to you and our community, we may share some of your information with your friends on Snapchat or other Snapchatters. For example, the content you post to Stories, your current or recent activity status, or your status as a premium subscriber, can be viewed by your Friends if you allow it. See the Control Over Your Information section and your Settings for the controls you have over who sees what and when.",0,low
S001191,Snapchat,Snap_Privacy Policy,Snap_Privacy Policy.docx,1,1,Recipients & Reasons for Sharing,"Family Center Participants. When you have enabled Family Center, we share information about the connected teen account to the parent or guardian to provide insight about how the account is used, for example, who your Friends are on Snapchat or which friends you may be sharing your location with. We do not share the content of private content and communications. Learn more.",0,low
S001192,Snapchat,Snap_Privacy Policy,Snap_Privacy Policy.docx,1,1,Recipients & Reasons for Sharing,"Public. Most of the features on Snapchat are private and for Friends only, but we also offer features that allow you to create and share public content to showcase your best Snaps to the world, such as Spotlight, Snap Map, or your Public Profile. When you do this, those Snaps may also be discoverable outside of Snapchat, for example on the web. Some information, like your username and Bitmoji, are visible to the public. Learn more.",0,low
S001193,Snapchat,Snap_Privacy Policy,Snap_Privacy Policy.docx,1,1,Recipients & Reasons for Sharing,"Third-Party Apps. Sometimes we provide features that allow you to connect with third-party apps. If you decide to connect your Snapchat account with a third-party app, we will share any additional information associated with your account that you direct us to for the purpose of fulfilling the connection request.",0,low
S001194,Snapchat,Snap_Privacy Policy,Snap_Privacy Policy.docx,1,1,Recipients & Reasons for Sharing,"Service Providers. We share your information with our service providers, who process that information on our behalf. For example, we rely on such Service Providers to facilitate payments, measure and optimize the performance of ads, or protect the services. We do not share private content and communications with our service providers to use for their own purposes. We maintain a list of categories of service providers here.",0,low
S001195,Snapchat,Snap_Privacy Policy,Snap_Privacy Policy.docx,1,1,Recipients & Reasons for Sharing,"Business and Integrated Partners. We share your information with business and integrated partners in order to provide the Services. For example, you can use OpenTable within Snapchat to reserve a table. This does not include sharing private content and communications. We maintain a list of these partners here.",0,low
S001196,Snapchat,Snap_Privacy Policy,Snap_Privacy Policy.docx,1,1,Recipients & Reasons for Sharing,"Anti-Fraud Partners. We share your information, such as device and usage information, with industry partners working to prevent fraud.",0,low
S001197,Snapchat,Snap_Privacy Policy,Snap_Privacy Policy.docx,1,1,Recipients & Reasons for Sharing,"Legal, Safety, and Security Partners. We share your information as necessary for the following legal, safety, and security reasons: comply with any valid legal process, governmental request, or applicable law, rule, or regulation.",0,low
S001199,Snapchat,Snap_Privacy Policy,Snap_Privacy Policy.docx,1,1,Recipients & Reasons for Sharing,"investigate, remedy, or enforce potential Terms of Service and Community Guidelines violations.",0,low
S001200,Snapchat,Snap_Privacy Policy,Snap_Privacy Policy.docx,1,1,Recipients & Reasons for Sharing,"protect the rights, property, or safety of us, our users, or others.",0,low
S001201,Snapchat,Snap_Privacy Policy,Snap_Privacy Policy.docx,1,1,Recipients & Reasons for Sharing,detect and resolve any fraud or security concerns.,0,low
S001202,Snapchat,Snap_Privacy Policy,Snap_Privacy Policy.docx,1,1,Recipients & Reasons for Sharing,"Affiliates. Snap Inc. consists of different subsidiaries owned by us. We may share your information within those internal subsidiaries at your direction, the direction of other users, or as needed to carry out our own and our affiliates’ Services.",0,low
S001203,Snapchat,Snap_Privacy Policy,Snap_Privacy Policy.docx,1,1,Recipients & Reasons for Sharing,"For the purposes of a Merger or Acquisition. If we were to sell or negotiate to sell our business to a buyer or possible buyer, we may transfer your information to a successor or affiliate as part of that transaction.",0,low
S001204,Snapchat,Snap_Privacy Policy,Snap_Privacy Policy.docx,1,1,Integrated Partners,"Our Services may contain content and integrations offered by our integrated partners. Examples include integrations in Lenses, Camera editing tools, and the Map, and third-party developer integrations with our Services. Your information may be provided to the integrated partner through these integrations, as well as to Snap. We are not responsible for how those partners collect or use your information. As always, we encourage you to review the privacy policies of every third-party service that you visit or use, including those third parties you interact with through our Services. You can learn more about our integrations in Snapchat here.",0,low
S001205,Snapchat,Snap_Privacy Policy,Snap_Privacy Policy.docx,1,1,Integrated Partners,"On iOS we use Apple’s TrueDepth camera to improve the quality of Lenses. Note, however, that this information is used in real time — we don’t store this information on our servers or share it with third parties.",0,low
S001206,Snapchat,Snap_Privacy Policy,Snap_Privacy Policy.docx,1,1,International Data Transfers,"Our Services connect you with your friends around the world. To make that possible, we may collect your personal information from, transfer it to, and store and process it in the United States or other countries outside of where you live. Whenever we share information outside of where you live, we ensure safeguards are in place to protect the data as required by law where you live. If you want to learn more about this, see the Region Specific Information section for more details.",1,medium
S001207,Snapchat,Snap_Privacy Policy,Snap_Privacy Policy.docx,1,1,How Long We Keep Your Information,"In this section we provide you with information on how long we keep your information, why we keep your information, and also highlight how we may need to keep your information to comply with laws, courts, and other obligations.",0,low
S001208,Snapchat,Snap_Privacy Policy,Snap_Privacy Policy.docx,1,1,How Long We Keep Your Information,"As a general rule, we keep information as long as you tell us to, and otherwise as long as we need it to provide our Services, or as required by law. For example, if you store something in Memories, we will keep it as long as you need it, but when you Chat with a friend, our systems are designed to delete Chats you send within 24 hours after your friend reads it (unless you’ve changed your default settings or decide to save it). Whether we retain your data depends on the specific feature, your settings, and how you’re using the Services. Here are some more factors we consider when we decide how long to keep your information: If we need the information to operate or provide our Services. For example, we store your basic account details — like your name, phone number, and email address — to maintain your account.",0,low
S001210,Snapchat,Snap_Privacy Policy,Snap_Privacy Policy.docx,1,1,How Long We Keep Your Information,"To do the things you expect from our Services and as we’ve described within this Privacy Policy. For example, we maintain your list of friends until you ask us to delete them since friends are key to expressing yourself. Similarly, we keep your shared list of contacts until you ask us to remove them in our app settings (note: updating your device permissions may not remove the contacts you’ve previously shared with Snapchat). Learn more. Conversely, Snaps and Chats sent in Snapchat will be deleted by default from our servers within 24 hours after we detect they’ve been opened by all recipients or have expired, unless you’ve changed your default settings or decide to save something, in which case we will honor your choices.",0,low
S001211,Snapchat,Snap_Privacy Policy,Snap_Privacy Policy.docx,1,1,How Long We Keep Your Information,"The information itself. For example, we store location information (IP-address based or precise, depending on your permissions) for different lengths of time based on how precise it is and which Services you use. If location information is associated with a Snap — like those saved to Memories or posted to Snap Map or Spotlight — we’ll retain that location as long as we store the Snap. Pro tip: You can see the location data we retain about you by downloading your data.",0,low
S001212,Snapchat,Snap_Privacy Policy,Snap_Privacy Policy.docx,1,1,How Long We Keep Your Information,How long we need to retain the information to comply with certain legal obligations.,0,low
S001213,Snapchat,Snap_Privacy Policy,Snap_Privacy Policy.docx,1,1,How Long We Keep Your Information,"If we need it for other legitimate purposes, such as to prevent harm, investigate possible violations of our Terms of Service or other policies, investigate reports of abuse, or protect ourselves or others.",0,low
S001214,Snapchat,Snap_Privacy Policy,Snap_Privacy Policy.docx,1,1,How Long We Keep Your Information,Take a look at our Privacy by Product page and support page for details on the specific retention periods for products.,1,medium
S001215,Snapchat,Snap_Privacy Policy,Snap_Privacy Policy.docx,1,1,How Long We Keep Your Information,"Although our systems are designed to delete some of your information automatically, we cannot promise that deletion will take place by a specific time.",0,low
S001216,Snapchat,Snap_Privacy Policy,Snap_Privacy Policy.docx,1,1,How Long We Keep Your Information,"In some cases we need to comply with legal requirements to store your data which stops us from deleting your information. For example, if we receive a notice from a court asking us to keep a copy of your content. Other reasons we may keep a copy of your data are if we get reports of abuse or other Terms or policy violations, or if your account, content created by you, or content created with other Snapchatters is flagged by others or our systems for abuse or other Terms or policy violations. Finally, we may also keep certain information in backup for a limited period of time or as required by law.",0,low
S001217,Snapchat,Snap_Privacy Policy,Snap_Privacy Policy.docx,1,1,How Long We Keep Your Information,"For the latest information about how long we store different types of content, check out our Support Site.",0,low
S001218,Snapchat,Snap_Privacy Policy,Snap_Privacy Policy.docx,1,1,Region Specific Information,"Depending on where you live, you may have additional rights, this section provides more details on region specific information.",0,low
S001219,Snapchat,Snap_Privacy Policy,Snap_Privacy Policy.docx,1,1,Region Specific Information,"We do our best to keep our policies as simple as possible, but depending on where you live, you have some additional rights or there may be specific information that you should be aware of. Please take a look at the list below to see if any apply to you!",0,low
S001220,Snapchat,Snap_Privacy Policy,Snap_Privacy Policy.docx,1,1,United States,Note: The U.S. State Privacy Notice applies only if you are a resident of certain U.S. states that have implemented state-level privacy laws.,0,low
S001221,Snapchat,Snap_Privacy Policy,Snap_Privacy Policy.docx,1,1,United States,Some jurisdictions require that we state our legal basis for processing data for particular purposes. You can find that information here.,0,low
S001222,Snapchat,Snap_Privacy Policy,Snap_Privacy Policy.docx,1,1,Our Audience,Our Services are directed to individuals 13 years and older.,0,low
S001223,Snapchat,Snap_Privacy Policy,Snap_Privacy Policy.docx,1,1,Our Audience,"Our Services are not directed to children under the age of 13, and you must confirm that you are 13 years or older in order to create an account and use our Services. If we have actual knowledge that you are under the age of 13 (or the minimum age at which a person may use the Services in your state, province, or country without parental consent, if greater), we will stop providing Services to you and delete your account and data.",3,high
S001224,Snapchat,Snap_Privacy Policy,Snap_Privacy Policy.docx,1,1,Our Audience,"In addition, we may also limit how we collect, use, and store some of the information of Snapchatters under 18. In some cases, this means we will be unable to provide certain functionality to people under the age of 18.",1,medium
S001225,Snapchat,Snap_Privacy Policy,Snap_Privacy Policy.docx,1,1,Our Audience,"We may use age-assurance measures, including automated tools, to help determine whether users meet minimum age requirements or should receive age-appropriate protections.",0,low
S001226,Snapchat,Snap_Privacy Policy,Snap_Privacy Policy.docx,1,1,Updates to the Privacy Policy,"We may update our Privacy Policy from time to time, and will give you a heads up if we make any changes we think you should know about.",0,low
S001227,Snapchat,Snap_Privacy Policy,Snap_Privacy Policy.docx,1,1,Updates to the Privacy Policy,"We may change this Privacy Policy from time to time. But when we do, we’ll let you know one way or another. Sometimes, we’ll let you know by revising the date at the top of the Privacy Policy that’s available on our website and mobile application. Other times, we may provide you with additional notice (such as adding a statement to our websites’ homepages or providing you with an in-app notification).",0,low
S001237,Snapchat,SnapChatAdPolicy,SnapChatAdPolicy.docx,1,1,2.1 Targeting and Compliance,"All ads must be suitable for their selected audience in each geographic area where the ads will run. Snapchat is a 13+ app, so we will reject ads that are addressed to, or intended to appeal to, children under 13.",2,medium
S001247,Snapchat,SnapChatAdPolicy,SnapChatAdPolicy.docx,1,1,Infringing Content,"Ads must not infringe the intellectual property, privacy, publicity, or other legal rights of any person or entity. Advertisers must have all necessary rights and permissions for all elements of their ads. Ads may not feature the name, likeness (including look-alikes), voice (including sound-alikes), or other identifying features of an individual without the individual's consent.",2,medium
S001272,Snapchat,SnapChatAdPolicy,SnapChatAdPolicy.docx,1,1,"Examples: belts, compression shorts, bikini bottoms","Examples: an educational PSA about sexual consent, or positive references to sexual orientation or gender identity.",1,medium
S001462,Snapchat,SnapchatCommunity Guidelines,SnapchatCommunity Guidelines.docx,1,1,Note About Severe Harm,"While we prohibit all content or behavior that violates our Community Guidelines, we are especially concerned with violations that pose a risk of severe harm to Snapchatters. Severe harms include child sexual exploitation, terrorism, and violent extremism, as well as other illegal content and conduct. When we identify accounts engaging in severe harm on Snapchat, we disable those accounts. Guidance about how we reduce the time that this content is visible on Snapchat and how we take action against it can be found in the Severe Harm explainer and relevant explainers linked throughout these guidelines.",1,medium
S001467,Snapchat,SnapchatCommunity Guidelines,SnapchatCommunity Guidelines.docx,1,1,Community Guidelines,"Our Community Guidelines apply to all content and behavior on Snapchat's platform and products, and cover the following topics: We prohibit any activity that involves sexual exploitation or abuse, or sexualization, of a minor, including sharing child sexual exploitation or abuse imagery, grooming for sexual purposes, sexual extortion (sextortion), or attempts to persuade, trick, or coerce a minor with the intent of sexual abuse or exploitation. Never post, save, send, forward, distribute, or ask for nude or sexually explicit content involving anyone under the age of 18 (this includes sending or saving such images of yourself). We prohibit any engagement with child sexual exploitation or abuse imagery, regardless of intention, even the sharing of such content is to raise awareness or express concern. We report all identified instances of child sexual exploitation and attempts to engage in such conduct to the appropriate authorities, including the National Center for Missing and Exploited Children (NCMEC), in line with legal requirements.",1,medium
S001470,Snapchat,SnapchatCommunity Guidelines,SnapchatCommunity Guidelines.docx,1,1,Sexual Content,"Breastfeeding and other depictions of nudity in non-sexual contexts are generally permitted, unless posted without the subject’s consent.",1,medium
S001495,Telegram,Telegram Privacy Policy,Telegram Privacy Policy.docx,1,1,1. Introduction,"This Privacy Policy sets out how we, Telegram Messenger Inc. (“Telegram”), use and protect your personal data that you provide to us, or that is otherwise obtained or generated by us, in connection with your use of our cloud-based messaging services (the “Services”). For the purposes of this Privacy Policy, ‘we’, ‘us’ and ‘our’ refers to Telegram, and ‘you’ refers to you, the user of the Services.",0,low
S001496,Telegram,Telegram Privacy Policy,Telegram Privacy Policy.docx,1,1,1.1 Privacy Principles,Telegram has two fundamental principles when it comes to collecting and processing private data: We don't use the contents of any of your chats or contact lists to show you ads.,0,low
S001498,Telegram,Telegram Privacy Policy,Telegram Privacy Policy.docx,1,1,1.1 Privacy Principles,We only store the data that Telegram needs to function as a secure and feature-rich messaging service.,0,low
S001499,Telegram,Telegram Privacy Policy,Telegram Privacy Policy.docx,1,1,1.2. Terms of Service,"This Privacy Policy forms part of our Terms of Service, which describes the terms under which you use our Services and which are available at https://telegram.org/tos. This Privacy Policy should therefore be read in conjunction with those terms.",0,low
S001500,Telegram,Telegram Privacy Policy,Telegram Privacy Policy.docx,1,1,1.3. Table of Contents,This Privacy Policy explains the following: the legal basis for processing your personal data;,0,low
S001502,Telegram,Telegram Privacy Policy,Telegram Privacy Policy.docx,1,1,1.3. Table of Contents,what personal data we may collect from you;,0,low
S001503,Telegram,Telegram Privacy Policy,Telegram Privacy Policy.docx,1,1,1.3. Table of Contents,how we keep your personal data safe;,0,low
S001504,Telegram,Telegram Privacy Policy,Telegram Privacy Policy.docx,1,1,1.3. Table of Contents,what we may use your personal data for;,0,low
S001505,Telegram,Telegram Privacy Policy,Telegram Privacy Policy.docx,1,1,1.3. Table of Contents,who your personal data may be shared with; and,0,low
S001506,Telegram,Telegram Privacy Policy,Telegram Privacy Policy.docx,1,1,1.3. Table of Contents,your rights regarding your personal data.,0,low
S001507,Telegram,Telegram Privacy Policy,Telegram Privacy Policy.docx,1,1,1.4. EEA Representative,"If you live in a country in the European Economic Area (EEA), the Services are provided by Telegram, which for the purposes of applicable data protection legislation is the data controller responsible for your personal data when you use our Services. However, as Telegram is located outside the EEA, we have designated a third party, European Data Protection Office (EDPO), as our representative pursuant to Article 27 of the GDPR. You can direct to EDPO any of your GDPR-related queries: by using EDPO’s online request form at https://edpo.com/telegram-gdpr-data-request/ or",1,medium
S001509,Telegram,Telegram Privacy Policy,Telegram Privacy Policy.docx,1,1,1.4. EEA Representative,"by writing to EDPO at Avenue Huart Hamoir 71, 1030 Brussels, Belgium.",1,medium
S001510,Telegram,Telegram Privacy Policy,Telegram Privacy Policy.docx,1,1,2. Legal Ground for Processing Your Personal Data,"We process your personal data on the ground that such processing is necessary to further our legitimate interests (including: (1) providing effective and innovative Services to our users; and (2) to detect, prevent or otherwise address fraud or security issues in respect of our provision of Services), unless those interests are overridden by your interest or fundamental rights and freedoms that require protections of personal data.",0,low
S001511,Telegram,Telegram Privacy Policy,Telegram Privacy Policy.docx,1,1,3.1. Basic Account Data,"Telegram is a communication service. You provide your mobile number and basic account data (which may include profile name, profile picture and about information) to create a Telegram account.",0,low
S001512,Telegram,Telegram Privacy Policy,Telegram Privacy Policy.docx,1,1,3.1. Basic Account Data,"To make it easier for your contacts and other people to reach you and recognize who you are, the screen name you choose, your profile pictures, and your username (should you choose to set one) on Telegram are always public. We don't want to know your real name, gender, age or what you like.",0,low
S001513,Telegram,Telegram Privacy Policy,Telegram Privacy Policy.docx,1,1,3.1. Basic Account Data,"We do not require your screen name to be your real name. Note that users who have you in their contacts will see you by the name they saved and not by your screen name. This way your mother can have the public name 'Johnny Depp' while appearing as 'Mom' to you and as 'Boss' to her underlings at work (or the other way around, depending on how these relationships are structured).",0,low
S001514,Telegram,Telegram Privacy Policy,Telegram Privacy Policy.docx,1,1,3.1.1. Optional Data,"You can add your birthday (with or without the year) to your Telegram profile if you wish to do so. You can granularly choose which users are able to see it on your profile (by default, your Contacts), and they will be shown a reminder on the day. We may use data about your age to determine your eligibility for accessing age-specific content.",0,low
S001515,Telegram,Telegram Privacy Policy,Telegram Privacy Policy.docx,1,1,3.1.1. Optional Data,"Telegram Business subscribers can add a fixed location and a list of opening hours to their profile, to help clients identify and engage with their business more efficiently on Telegram. If you choose to add it to your profile, this information is always public.",0,low
S001516,Telegram,Telegram Privacy Policy,Telegram Privacy Policy.docx,1,1,3.2. Your Email Address,"When you enable 2-step-verification for your account or store documents using the Telegram Passport feature, you can opt to set up a password recovery email. This address will only be used to send you a password recovery code if you forget it. That's right: no marketing or “we miss you” bullshit.",0,low
S001517,Telegram,Telegram Privacy Policy,Telegram Privacy Policy.docx,1,1,3.2. Your Email Address,"From September 2022, we may ask some users to provide an email address to receive login codes via email instead of SMS (with an option to use 'Sign in with Google' / 'Sign in with Apple'). In this case, we will receive an email address which will be stored separately from the recovery email, and will only be used to send you authentication codes when you log in to your account. The login email address will be stored until it is changed or the account is deleted.",0,low
S001518,Telegram,Telegram Privacy Policy,Telegram Privacy Policy.docx,1,1,3.3.1. Cloud Chats,"Telegram is a cloud service. We store messages, photos, videos and documents from your cloud chats on our servers so that you can access your data from any of your devices anytime without having to rely on third-party backups. All data is stored heavily encrypted and the encryption keys in each case are stored in several other data centers in different jurisdictions. This way local engineers or physical intruders cannot get access to user data.",2,medium
S001519,Telegram,Telegram Privacy Policy,Telegram Privacy Policy.docx,1,1,3.3.2. Secret Chats,"Secret chats use end-to-end encryption. This means that all data is encrypted with a key that only you and the recipient know. There is no way for us or anybody else without direct access to your device to learn what content is being sent in those messages. We do not store your secret chats on our servers. We also do not keep any logs for messages in secret chats, so after a short period of time we no longer know who or when you messaged via secret chats. For the same reasons secret chats are not available in the cloud — you can only access those messages from the device they were sent to or from.",1,medium
S001520,Telegram,Telegram Privacy Policy,Telegram Privacy Policy.docx,1,1,3.3.3. Media in Secret Chats,"When you send photos, videos or files via secret chats, before being uploaded, each item is encrypted with a separate key, not known to the server. This key and the file’s location are then encrypted again, this time with the secret chat’s key — and sent to your recipient. They can then download and decipher the file. This means that the file is technically on one of Telegram’s servers, but it looks like a piece of random indecipherable garbage to everyone except for you and the recipient. We don’t know what this random data stands for and we have no idea which particular chat it belongs to. We periodically purge this random data from our servers to save disk space.",1,medium
S001521,Telegram,Telegram Privacy Policy,Telegram Privacy Policy.docx,1,1,3.3.4. Public Chats,"In addition to private messages, Telegram also supports public channels and public groups. All public chats are cloud chats (see section 3.3.1 above). Like everything on Telegram, the data you post in public communities is encrypted, both in storage and in transit — but everything you post in public will be accessible to everyone.",1,medium
S001522,Telegram,Telegram Privacy Policy,Telegram Privacy Policy.docx,1,1,3.3.5. Paid Posts,"As of June 2024, creators are able to offer paid access to specific channel posts by accepting Telegram Stars. When users pay to unlock a channel post, a permanent copy is created which resides in the parties' transaction history. This copy remains accessible even if the post is later deleted or either party loses access to the channel.",0,low
S001523,Telegram,Telegram Privacy Policy,Telegram Privacy Policy.docx,1,1,3.4. Phone Number and Contacts,Telegram uses phone numbers as unique identifiers so that it is easy for you to switch from SMS and other messaging apps and retain your social graph. We ask your permission before syncing your contacts.,0,low
S001524,Telegram,Telegram Privacy Policy,Telegram Privacy Policy.docx,1,1,3.4. Phone Number and Contacts,We store your up-to-date contacts in order to notify you as soon as one of your contacts signs up for Telegram and to properly display names in notifications. We only need the number and name (first and last) for this to work and store no other data about your contacts.,0,low
S001525,Telegram,Telegram Privacy Policy,Telegram Privacy Policy.docx,1,1,3.4. Phone Number and Contacts,"Our automatic algorithms can also use anonymized sets of phone numbers to calculate the approximate number of potential contacts an unregistered phone number may have on Telegram. When you open the 'Invite friends' interface, we display the resulting statistics next to your contacts to give you an idea of who could benefit most from joining Telegram.",0,low
S001526,Telegram,Telegram Privacy Policy,Telegram Privacy Policy.docx,1,1,3.4. Phone Number and Contacts,You can always stop syncing contacts or delete them from our servers in Settings > Privacy & Security > Data Settings.,0,low
S001527,Telegram,Telegram Privacy Policy,Telegram Privacy Policy.docx,1,1,3.4. Phone Number and Contacts,"If you are using Android, Telegram will ask you for permission to access your phone call logs (READ_CALL_LOG). If you grant this permission, Telegram will be able verify your account by transmitting a phone call instead of asking you to enter a code. Telegram uses this permission only to confirm receipt of the confirmation call by verifying the number in the call log.",0,low
S001528,Telegram,Telegram Privacy Policy,Telegram Privacy Policy.docx,1,1,3.5. Location Data,"If you share a location in a chat, this location data is treated like other messages in cloud or secret chats respectively.",0,low
S001529,Telegram,Telegram Privacy Policy,Telegram Privacy Policy.docx,1,1,3.5. Location Data,"If you share your Live Location in any chat or turn on ’Make Myself Visible’ in People Nearby, Telegram will use your data to display your location to those users with whom you are sharing it, even when the app is closed – for as long as you keep these optional features activated.",0,low
S001530,Telegram,Telegram Privacy Policy,Telegram Privacy Policy.docx,1,1,3.6. Cookies,"The only cookies we use are those to operate and provide our Services on the web. We do not use cookies for profiling or advertising. The cookies we use are small text files that allow us to provide and customize our Services, and in doing so provide you with an enhanced user experience. Your browser should allow you to control these cookies, including whether or not to accept them and how to remove them. You may choose to block cookies with your web browser, however, if you do disable these cookies you will not be able to log in to Telegram Web.",0,low
S001531,Telegram,Telegram Privacy Policy,Telegram Privacy Policy.docx,1,1,4.1. Storing Data,"If you signed up for Telegram from the UK or the EEA, your data is stored in data centers in the Netherlands. These are third-party provided data centers in which Telegram rents a designated space. However, the servers and networks that sit inside these data centers and on which your personal data is stored are owned by Telegram. As such, we do not share your personal data with such data centers. All data is stored heavily encrypted so that local Telegram engineers or physical intruders cannot get access.",1,medium
S001532,Telegram,Telegram Privacy Policy,Telegram Privacy Policy.docx,1,1,4.2. End-to-End Encrypted Data,"Your messages, media and files from secret chats (see section 3.3.2 above), as well as the contents of your calls and the data you store in your Telegram Passport are processed only on your device and on the device of your recipient. Before this data reaches our servers, it is encrypted with a key known only to you and the recipient. While Telegram servers will handle this end-to-end encrypted data to deliver it to the recipient – or store it in the case of Telegram Passport data, we have no ways of deciphering the actual information. In this case, we neither store nor process your personal data, rather we store and process random sequences of symbols that have no meaning without the keys which we don’t have.",1,medium
S001533,Telegram,Telegram Privacy Policy,Telegram Privacy Policy.docx,1,1,4.3. Retention,"Unless stated otherwise in this Privacy Policy, the personal data that you provide us will only be stored for as long as it is necessary for us to fulfill our obligations in respect of the provision of the Services.",0,low
S001534,Telegram,Telegram Privacy Policy,Telegram Privacy Policy.docx,1,1,5.1. Our Services,"Telegram is a cloud service. We will process your data to deliver your cloud chat history, including messages, media and files, to any devices of your choosing without a need for you to use third-party backups or cloud storage.",0,low
S001535,Telegram,Telegram Privacy Policy,Telegram Privacy Policy.docx,1,1,5.2. Safety and Security,"Telegram supports massive communities which we have to police against abuse and Terms of Service violations. Telegram also has more than 1 billion users which makes it a lucrative target for spammers. To improve the security of your account, as well as to prevent spam, abuse, and other violations of our Terms of Service, we may collect metadata such as your IP address, devices and Telegram apps you've used, history of username changes, etc. If collected, this metadata can be kept for 12 months maximum.",0,low
S001536,Telegram,Telegram Privacy Policy,Telegram Privacy Policy.docx,1,1,5.3. Spam and Abuse,"To prevent phishing, spam and other kinds of abuse and violations of Telegram’s Terms of Service, our moderators may check messages that were reported to them by their recipients. If a spam report on a message you sent is confirmed by our moderators, your account may be limited from contacting strangers – temporarily or permanently. You can send an appeal using @Spambot. In case of more serious violations, your account may be banned. We may also use automated algorithms to analyze messages in cloud chats to stop spam and phishing.",0,low
S001537,Telegram,Telegram Privacy Policy,Telegram Privacy Policy.docx,1,1,5.4. Cross-Device Functionality,We may also store some aggregated metadata to create Telegram features (see section 5.5 below) that work across all your devices.,0,low
S001538,Telegram,Telegram Privacy Policy,Telegram Privacy Policy.docx,1,1,5.5. Advanced features,"We may use some aggregated data about how you use Telegram to build useful features. For example, when you open the Search menu, Telegram displays the people you are more likely to message in a box at the top of the screen. To do this, we calculate a rating that shows which people you message frequently. A similar rating is calculated for inline bots so that the app can suggest the bots you are most likely to use in the attachment menu (or when you start a new message with “@”). To turn this feature off and delete the relevant data, go to Settings > Privacy & Security > Data Settings and disable “Suggest Frequent Contacts”.",0,low
S001539,Telegram,Telegram Privacy Policy,Telegram Privacy Policy.docx,1,1,5.6. No Ads Based on Contents of Chats or Contact Lists,"Unlike other services, we don't use the contents of your private chats or contacts lists for ad targeting or other commercial purposes. Telegram only stores the information it needs to function as a secure and feature-rich cloud service.",0,low
S001540,Telegram,Telegram Privacy Policy,Telegram Privacy Policy.docx,1,1,5.6. No Ads Based on Contents of Chats or Contact Lists,"Telegram offers a tool for advertisers to promote their messages in public one-to-many channels (with 1,000 subscribers or more), as well as in bots, stories, and Telegram’s public search. By default, these sponsored messages are based solely on the topic of the public channels or search terms in which they are shown. No contents of private chats or contacts lists are mined or analyzed to display ads or sponsored messages.",0,low
S001541,Telegram,Telegram Privacy Policy,Telegram Privacy Policy.docx,1,1,5.6. No Ads Based on Contents of Chats or Contact Lists,Telegram Premium users don’t see ads and are not affected by the Telegram Ad Platform.,0,low
S001542,Telegram,Telegram Privacy Policy,Telegram Privacy Policy.docx,1,1,5.6.1. Additional advertising tools,Non-intrusive advertising models help us sustain our Services. The data relied upon to serve ads is processed on the basis of Telegram’s legitimate interest of delivering effective and innovative Services to you. This data cannot be disclosed to any third parties – advertisers included.,0,low
S001543,Telegram,Telegram Privacy Policy,Telegram Privacy Policy.docx,1,1,5.6.1. Additional advertising tools,Telegram Premium users don’t see ads and are not affected by the Ad Platform. Targeting-related data referenced in this section is not processed for such users.,0,low
S001544,Telegram,Telegram Privacy Policy,Telegram Privacy Policy.docx,1,1,5.6.1. Additional advertising tools,"In large public one-to-many channels (with 1,000 subscribers or more), and public search results, ads may be shown based on the language of the content – however, that language may be common to several different countries. To keep ads relevant, ads can be shown in a particular country and city, approximated based on the country and area code of a user's phone number or their IP address. This data is never passed to advertisers, no other geolocation data is used, and no precise location-tracking is involved for these purposes. This makes it possible for advertisers to restrict ad visibility to certain countries or regions – for instance, creating an ad for Spanish-speaking audiences but opting not to display it within Spain.",0,low
S001545,Telegram,Telegram Privacy Policy,Telegram Privacy Policy.docx,1,1,5.6.1. Additional advertising tools,"Users following a sufficient number of large public one-to-many channels (e.g., Finance, Business & Entrepreneurship, or Humor & Memes), may see ads from that category in other large public channels or in other bots as well. Users may also see ads selected on the basis of the channels they follow. This data is never passed to advertisers.",0,low
S001546,Telegram,Telegram Privacy Policy,Telegram Privacy Policy.docx,1,1,5.6.1. Additional advertising tools,Your rights described in section 9 below remain unaffected.,0,low
S001547,Telegram,Telegram Privacy Policy,Telegram Privacy Policy.docx,1,1,6.1. Ecosystem,"Telegram has an API that allows third-party developers to create bots. Bots are apps that look like special Telegram users: you can talk to them from your chat list, add them to groups or use a special “inline” interface to access their features. By performing any of these actions, you will be sending some of your data to the respective third-party bot developers.",0,low
S001548,Telegram,Telegram Privacy Policy,Telegram Privacy Policy.docx,1,1,6.2. How Bots Can Receive Data,You can send data to bot developers when you interact with their bots in one of these ways: By sending messages to a bot.,0,low
S001550,Telegram,Telegram Privacy Policy,Telegram Privacy Policy.docx,1,1,6.2. How Bots Can Receive Data,By using an inline bot.,0,low
S001551,Telegram,Telegram Privacy Policy,Telegram Privacy Policy.docx,1,1,6.2. How Bots Can Receive Data,By participating in a group with a bot.,0,low
S001552,Telegram,Telegram Privacy Policy,Telegram Privacy Policy.docx,1,1,6.2. How Bots Can Receive Data,By pressing buttons in messages sent by a bot.,0,low
S001553,Telegram,Telegram Privacy Policy,Telegram Privacy Policy.docx,1,1,6.2. How Bots Can Receive Data,By paying for goods and services via bots (see section 7 below).,0,low
S001554,Telegram,Telegram Privacy Policy,Telegram Privacy Policy.docx,1,1,6.2. How Bots Can Receive Data,By sending a join request to a group or channel.,0,low
S001555,Telegram,Telegram Privacy Policy,Telegram Privacy Policy.docx,1,1,6.2. How Bots Can Receive Data,By using Telegram Business features that connect a chatbot to your account.,0,low
S001556,Telegram,Telegram Privacy Policy,Telegram Privacy Policy.docx,1,1,6.2. How Bots Can Receive Data,By opening a chat with a Telegram Business account controlled by a chatbot (see section 6.5 below).,0,low
S001557,Telegram,Telegram Privacy Policy,Telegram Privacy Policy.docx,1,1,6.3. What Data Bots Receive,"In any of the above cases, the developers of an automated user (bot) can get your public account data (see section 3.1 above): your screen name, username and profile picture(s).",0,low
S001558,Telegram,Telegram Privacy Policy,Telegram Privacy Policy.docx,1,1,6.3. What Data Bots Receive,Bots can also receive the following data when you interact with them.,0,low
S001559,Telegram,Telegram Privacy Policy,Telegram Privacy Policy.docx,1,1,6.3. What Data Bots Receive,Bots will obviously get your messages when you send them something.,0,low
S001560,Telegram,Telegram Privacy Policy,Telegram Privacy Policy.docx,1,1,6.3. What Data Bots Receive,"If you click on links or buttons provided by the bot, the bot can potentially get your IP address (provided that it controls the website to which the link leads).",0,low
S001561,Telegram,Telegram Privacy Policy,Telegram Privacy Policy.docx,1,1,6.3. What Data Bots Receive,"If the bot is a member of the same group with you, it may know you are a member.",0,low
S001562,Telegram,Telegram Privacy Policy,Telegram Privacy Policy.docx,1,1,6.3. What Data Bots Receive,When you start your message with the username of an inline bot (e.g. @gif) the interface transforms so that everything you type becomes a query to that bot. This query is sent to the bot so that it can provide its service. We will warn you about this the first time you use an inline bot.,0,low
S001563,Telegram,Telegram Privacy Policy,Telegram Privacy Policy.docx,1,1,6.3. What Data Bots Receive,"Bots added to groups can operate in two modes: with access to messages in the group or without access. If the bot has access to messages, it can see everything that happens in the group. The interface clearly shows whether or not a bot has access to messages in groups.",0,low
S001564,Telegram,Telegram Privacy Policy,Telegram Privacy Policy.docx,1,1,6.3. What Data Bots Receive,"To facilitate text localization, bots you interact with (including via chats managed by Telegram Business Chatbots), may receive your interface language based on your app or operating system language settings. Note that if you update your language settings, bots may continue to receive your previous language for some time.",0,low
S001565,Telegram,Telegram Privacy Policy,Telegram Privacy Policy.docx,1,1,6.4. Bots Are Not Maintained by Telegram,The terms of use for certain bots are set by Telegram. No other bots or third-party bot developers are affiliated with Telegram. They are completely independent from us. They should ask you for your permission before they access your data or you make it available to them.,1,medium
S001566,Telegram,Telegram Privacy Policy,Telegram Privacy Policy.docx,1,1,6.4. Bots Are Not Maintained by Telegram,"Your usage of the Bot and Mini App features is governed by the Terms of Service for Bots and the Terms of Services for Mini Apps, respectively.",0,low
S001567,Telegram,Telegram Privacy Policy,Telegram Privacy Policy.docx,1,1,6.5. Telegram Business Chatbots,"Telegram Business subscribers can connect third-party bots to their Telegram account, to help them automatically process and respond to messages from users.",0,low
S001568,Telegram,Telegram Privacy Policy,Telegram Privacy Policy.docx,1,1,6.5.1. Communicating with a Business Chatbot,"Telegram users have been able to communicate with bots, including bots run by businesses, since 2015. With the introduction of Telegram Business, users can also seamlessly interface with bots in private chats with Telegram Business users who have connected a chatbot to their account.",0,low
S001569,Telegram,Telegram Privacy Policy,Telegram Privacy Policy.docx,1,1,6.5.1. Communicating with a Business Chatbot,"If you message a Business user who connected a chatbot to their account, depending on their settings, you may be effectively communicating with a bot, and it will receive basic data about you as detailed in section 6.3 above.",0,low
S001570,Telegram,Telegram Privacy Policy,Telegram Privacy Policy.docx,1,1,6.5.2. Using a Business Chatbot to Manage Your Chats,"If you connect a third-party bot to your account via Telegram Business, the bot will have access to basic information about your account (see section 6.3 above), and will be able to message you privately. Additionally, the bot will have access to all messages, media and files contained in the private chats you allow it to manage. Lastly, if you grant it permission to do so (and only in the private chats you assigned to it), the bot will be able to send messages and perform other actions on your behalf.",0,low
S001571,Telegram,Telegram Privacy Policy,Telegram Privacy Policy.docx,1,1,6.5.2. Using a Business Chatbot to Manage Your Chats,"You can alter or revoke the bot’s permissions, including the list of chats it can access, at any time from Settings > Telegram Business > Chatbots on official Telegram clients.",0,low
S001572,Telegram,Telegram Privacy Policy,Telegram Privacy Policy.docx,1,1,7.1. Payment Information,The Payment Platform for Bots is available to users as of Telegram 4.0. Telegram does not process payments from users and instead relies on different payment providers around the world. It is the payment providers that handle and store your credit card details. Neither Telegram nor the merchants on the platform (bot developers) have access to this information. Although we work with payment providers they are completely independent from Telegram. Please study their relevant privacy policies before making your data available to them.,0,low
S001573,Telegram,Telegram Privacy Policy,Telegram Privacy Policy.docx,1,1,7.2. Credit Card Information,"When making a purchase, you enter your credit card details into a form supplied by the payment provider that will be processing the payment, and this information goes directly to the payment provider's server. Your credit card information never reaches Telegram's servers. We do not access and do not store your credit card information. When you save your credit card info, it is saved on the respective payment provider's servers and the payment provider gives Telegram a token that you can reuse for future payments. It is not possible to reconstruct your credit card info from the token.",0,low
S001574,Telegram,Telegram Privacy Policy,Telegram Privacy Policy.docx,1,1,7.3 Shipping Information,"When you enter shipping information in the process of placing an order, we send it directly to the merchant bot developer. We can store your shipping information for you if you choose to save it for future purchases. We will delete this information immediately if you ask us to.",0,low
S001575,Telegram,Telegram Privacy Policy,Telegram Privacy Policy.docx,1,1,7.4. Clearing Payment Information,"You can clear all payment information associated with your account at any time by going to Telegram Settings > Privacy & Security > Data Settings and selecting ‘Clear Payment & Shipping Info’. If you choose to remove your payment information, we will delete your stored shipping info and payment tokens from all providers and ask the payment providers to remove your credit card information that they store.",0,low
S001576,Telegram,Telegram Privacy Policy,Telegram Privacy Policy.docx,1,1,7.5. Payment Disputes,"Due to the fact that Telegram doesn't store any credit card details or transaction information, it is impossible for us to handle complaints or cashbacks – any disputed payments are the responsibility of the bot developers, payment providers, and banks that participated in the exchange.",1,medium
S001577,Telegram,Telegram Privacy Policy,Telegram Privacy Policy.docx,1,1,8.1. Other Telegram Users,"Other users of our Services with whom you choose to communicate with and share certain information, who may be located outside the EEA. Note that by entering into the Terms of Service and choosing to communicate with such other users of Telegram, you are instructing us to transfer your personal data, on your behalf, to those users in accordance with this Privacy Policy. We employ all appropriate technical and organizational measures (including encryption of your personal data) to ensure a level of security for your personal data that is appropriate to the risk. However, note that if you chat with others and share data with them, they become capable of sharing such data further with third parties without your knowledge or consent, and Telegram has no way to prevent this.",2,medium
S001578,Telegram,Telegram Privacy Policy,Telegram Privacy Policy.docx,1,1,8.1. Other Telegram Users,8.2. Telegram’s Group Companies,0,low
S001579,Telegram,Telegram Privacy Policy,Telegram Privacy Policy.docx,1,1,8.1. Other Telegram Users,"To provide, improve and support our Services, we may share your personal data with: (1) our parent company, Telegram Group Inc, located in the British Virgin Islands, (2) Telegraph Inc., a group member also located in the BVI; and (3) Telegram FZ-LLC, a group member located in Dubai. We will implement appropriate safeguards to protect the security and integrity of that personal data. This will take the form of standard contract clauses approved by the European Commission in an agreement between us and our relevant group companies. If you would like more information regarding these clauses, please contact our EEA representative using the details in section 1.4 above.",0,low
S001580,Telegram,Telegram Privacy Policy,Telegram Privacy Policy.docx,1,1,8.3. Law Enforcement Authorities,"If Telegram receives a valid order from the relevant judicial authorities that confirms you're a suspect in a case involving criminal activities that violate the Telegram Terms of Service, we will perform a legal analysis of the request and may disclose your IP address and phone number to the relevant authorities. If any data is shared, we will include such occurrences in a quarterly transparency report published at: https://t.me/transparency.",0,low
S001581,Telegram,Telegram Privacy Policy,Telegram Privacy Policy.docx,1,1,"8.4. Translation of Chats, Channels and specific Messages at the Request of the User","Users can choose to translate a specific text message into a different language by tapping “Translate” in the action menu of the message (to enable this option, a user should first turn on Translation services in the Settings > Languages section of the Telegram application). Telegram Premium users can also optionally enable automatic live translation on any chat, group or channel.",0,low
S001582,Telegram,Telegram Privacy Policy,Telegram Privacy Policy.docx,1,1,"8.4. Translation of Chats, Channels and specific Messages at the Request of the User","Since Telegram may rely on Google LLC or Microsoft Corporation for automatic translation of messages, the text of any message or set of messages that users choose to translate may be shared with Google or Microsoft in order to obtain their translated versions. These third-party companies will only access the data to provide a translation and will not use it for any other products, services, or advertising.",0,low
S001583,Telegram,Telegram Privacy Policy,Telegram Privacy Policy.docx,1,1,8.5. Transcription of Voice and Video Messages at the Request of the User,"Some users can choose to convert a voice or video message to text by tapping on the Voice-to-Text icon (“->A”) displayed on eligible messages (to be able to use this option, users should subscribe to Telegram Premium in the Settings > Telegram Premium section of the Telegram application).",0,low
S001584,Telegram,Telegram Privacy Policy,Telegram Privacy Policy.docx,1,1,8.5. Transcription of Voice and Video Messages at the Request of the User,"Since Telegram may rely on a third party, Google LLC, subsidiary of Alphabet Inc, for voice-to-text conversion, the audio data of voice and video messages that users choose to convert to text may be shared with Google in order to obtain their transcribed versions. Only audio data may be shared for this purpose (no other data, such as the user's IP address or any information about their account is shared). According to the agreement between Telegram and Google, Telegram will pay for the transcriptions on behalf of its users and Google will only access the audio data to provide a transcribed version – it will not log audio data or transcripts, and will not use the data for any other Google products, services, or advertising.",0,low
S001585,Telegram,Telegram Privacy Policy,Telegram Privacy Policy.docx,1,1,9.1. Your Rights,"Under applicable data protection legislation, in certain circumstances, you have rights concerning your personal data. You have a right to: (1) request a copy of all your personal data that we store and to transmit that copy to another data controller; (2) delete (see section 10 below) or amend your personal data; (3) restrict, or object to, the processing of your personal data; (4) correct any inaccurate or incomplete personal data we hold on you; and (5) lodge a complaint with national data protection authorities regarding our processing of your personal data.",1,medium
S001586,Telegram,Telegram Privacy Policy,Telegram Privacy Policy.docx,1,1,9.2. Exercising Your Rights,"If you wish to exercise any of these rights, kindly use the contact details in section 12 below.",0,low
S001587,Telegram,Telegram Privacy Policy,Telegram Privacy Policy.docx,1,1,9.3. Data Settings,"You can control how your data is used (e.g., delete synced contacts) in Settings > Privacy & Security > Data Settings (using one of our mobile apps).",0,low
S001588,Telegram,Telegram Privacy Policy,Telegram Privacy Policy.docx,1,1,9.3. Data Settings,"Sadly, if you're not OK with Telegram's modest minimum requirements, it won't be possible for us to provide you with our Services. You can delete your Telegram account by proceeding to the deactivation page.",0,low
S001589,Telegram,Telegram Privacy Policy,Telegram Privacy Policy.docx,1,1,10.1. Accounts,"If you would like to delete your account, you can do this on the deactivation page. Deleting your account removes all messages, media, contacts and every other piece of data you store in the Telegram cloud. This action must be confirmed via your Telegram account and cannot be undone.",0,low
S001590,Telegram,Telegram Privacy Policy,Telegram Privacy Policy.docx,1,1,10.2. Messages,"In secret chats, deleting a message always instructs the app on the other end to delete it too.",0,low
S001591,Telegram,Telegram Privacy Policy,Telegram Privacy Policy.docx,1,1,10.2. Messages,"In cloud chats, you can choose to delete a message for all participants within at least 48 hours after sending. Otherwise, deleting a message will delete it from your message history. This means that a copy will stay on the server as part of your partner's message history. As soon as your partner deletes it too, it's gone forever.",0,low
S001592,Telegram,Telegram Privacy Policy,Telegram Privacy Policy.docx,1,1,10.2. Messages,"As of version 5.5, any party can choose to delete any messages in one-on-one chats, both sent and received, for both sides. There is no time limit. Any party can also opt to clear the entire chat history for both parties, in which case the apps will be instructed to remove all messages in that chat, regardless of how many messages are retained by either of the participants.",0,low
S001593,Telegram,Telegram Privacy Policy,Telegram Privacy Policy.docx,1,1,10.2. Messages,"In supergroups and channels, deleting a message removes it for all participants. Note that deleted messages and original versions of edited messages from supergroups are stored for 48 hours after deletion in order to be shown in admins' Recent Actions panel. For paid posts in channels, see 3.3.5.",0,low
S001594,Telegram,Telegram Privacy Policy,Telegram Privacy Policy.docx,1,1,10.3. Self-Destructing Messages,"Messages in Secret Chats can be ordered to self-destruct. As soon as such a message is read (2 checks appear), the countdown starts. When the timer expires, both devices participating in a secret chat are instructed to delete the message (photo, video, etc.). Media with short timers (less than a minute) are shown with blurred previews. The timer is triggered when they are viewed.",0,low
S001595,Telegram,Telegram Privacy Policy,Telegram Privacy Policy.docx,1,1,10.4. Account Self-Destruction,"By default, if you stop using Telegram and do not come online for at least 18 months, your account will be deleted along with all messages, media, contacts and every other piece of data you store in the Telegram cloud. You can go to Settings to change the exact period after which your inactive account will self-destruct.",0,low
S001596,Telegram,Telegram Privacy Policy,Telegram Privacy Policy.docx,1,1,11. Changes to this Privacy Policy,"We will review and may update this Privacy Policy from time to time. Any changes to this Privacy Policy will become effective when we post the revised Privacy Policy on this page www.telegram.org/privacy. Please check our website frequently to see any updates or changes to our Privacy Policy, a summary of which we will set out below.",0,low
S001597,Telegram,Telegram Privacy Policy,Telegram Privacy Policy.docx,1,1,"March 25, 2019","Expanded 10.2. Deleting Messages with data on the new features in version 5.5, which allow both participants to remove any messages from one-on-one chats for both sides without a time limit.",0,low
S001598,Telegram,Telegram Privacy Policy,Telegram Privacy Policy.docx,1,1,"March 24, 2021",Added 3.5. Location Data.,0,low
S001599,Telegram,Telegram Privacy Policy,Telegram Privacy Policy.docx,1,1,"March 24, 2021","Improved structure, moving 3.3.5 to 3.4 and 3.3.6 to 3.6.",0,low
S001600,Telegram,Telegram Privacy Policy,Telegram Privacy Policy.docx,1,1,"October 26, 2021",Expanded 5.6. No Ads Based on User Data with information about sponsored messages in public channels.,0,low
S001601,Telegram,Telegram Privacy Policy,Telegram Privacy Policy.docx,1,1,"June 19, 2022",Added 8.4. Translation of Messages at the Request of the User and 8.5. Transcription of Voice Messages at the Request of the User.,0,low
S001602,Telegram,Telegram Privacy Policy,Telegram Privacy Policy.docx,1,1,"September 8, 2022",Expanded 3.2. Your Email Address with information on login emails.,0,low
S001603,Telegram,Telegram Privacy Policy,Telegram Privacy Policy.docx,1,1,"February 3, 2023",Updated 8.4 and 8.5 to reflect the new premium feature that allows translating entire chats.,0,low
S001604,Telegram,Telegram Privacy Policy,Telegram Privacy Policy.docx,1,1,"April 24, 2023","Updated 1.4, 9.2 and 12 to update the details of Telegram’s EEA representative for GDPR matters.",0,low
S001605,Telegram,Telegram Privacy Policy,Telegram Privacy Policy.docx,1,1,"April 24, 2023","Updated 8.2 to mention Telegraph Inc., a member of the Telegram group of companies.",0,low
S001606,Telegram,Telegram Privacy Policy,Telegram Privacy Policy.docx,1,1,"March 31, 2024",Added 3.1.1. Optional Data.,0,low
S001607,Telegram,Telegram Privacy Policy,Telegram Privacy Policy.docx,1,1,"March 31, 2024","Added information about Telegram Business chatbots to the Bot Messages section (6.2, 6.3, 6.5).",0,low
S001608,Telegram,Telegram Privacy Policy,Telegram Privacy Policy.docx,1,1,"September 23, 2024","Updated 8.3, see this post for more details.",0,low
S001609,Telegram,Telegram Privacy Policy,Telegram Privacy Policy.docx,1,1,"September 29, 2024",Updated 10.4 to reflect the new default time period for Account Self-Destruction.,0,low
S001610,Telegram,Telegram Privacy Policy,Telegram Privacy Policy.docx,1,1,"August 21, 2026",The Privacy Policy was updated to describe geographic limitations and other advertising tools that may affect the ways how ads are displayed.,0,low
S001611,Telegram,Telegram Privacy Policy,Telegram Privacy Policy.docx,1,1,"August 21, 2026",Important changes made to this Privacy Policy will be notified to you via Telegram.,0,low
S001612,Telegram,Telegram Privacy Policy,Telegram Privacy Policy.docx,1,1,12. Further Information,If you have any questions please feel free to explore our FAQ or contact Telegram's Volunteer Support in-app via Settings > Ask a Question.,0,low
S001613,Telegram,Telegram Privacy Policy,Telegram Privacy Policy.docx,1,1,12. Further Information,"If you live in the EU and would like to submit a GDPR-related request, please see here.",0,low
S001614,Telegram,Telegram Privacy Policy,Telegram Privacy Policy.docx,1,1,12. Further Information,Telegram is an open source project. You can find more information on our: API at: https://core.telegram.org/api;,0,low
S001616,Telegram,Telegram Privacy Policy,Telegram Privacy Policy.docx,1,1,12. Further Information,Bot Platform at: https://core.telegram.org/bots;,0,low
S001617,Telegram,Telegram Privacy Policy,Telegram Privacy Policy.docx,1,1,12. Further Information,Protocol at: https://core.telegram.org/mtproto; and,0,low
S001618,Telegram,Telegram Privacy Policy,Telegram Privacy Policy.docx,1,1,12. Further Information,Source Code at: https://telegram.org/apps#source-code.,0,low
S001619,Telegram,Telegram Privacy Policy,Telegram Privacy Policy.docx,1,1,12. Further Information,Confirm that Telegram apps downloaded from app stores are using the same code that we publish at: https://core.telegram.org/reproducible-builds,0,low
S001623,Telegram,Telegram_premium_Terms of Service,Telegram_premium_Terms of Service.docx,1,1,,"Post illegal pornographic content on publicly viewable Telegram channels, bots, etc., distribute or promote child sexual abuse materials.",1,medium
S001651,Telegram,Telegram_premium_Terms of Service,Telegram_premium_Terms of Service.docx,1,1,7.5. Increased Download Speed,"Premium Services include increased download speed of media and documents on Telegram. This increase is allowed by the removal of all relevant speed limits on Telegram’s side. However, your actual download speed will also depend on external factors such as your hardware, your internet provider and certain intermediary connectivity providers. Therefore, there is no guarantee that enabling Premium Services will always affect the speed with which you download documents and media on Telegram.",1,medium
S001657,Telegram,Telegram_premium_Terms of Service,Telegram_premium_Terms of Service.docx,1,1,7.8. Giveaways in Channels,"Telegram selects winners based on the criteria that channel administrators choose when setting up the giveaway. The results are final and cannot be altered or reversed. In the rare chance that a technical issue results in an unintended outcome, Telegram will attempt to rectify the situation but makes no guarantees to the organizers of a giveaway or its participants.",1,medium
S001729,Telegram,TelegramTerms of Service for Mini Apps,TelegramTerms of Service for Mini Apps.docx,1,1,5. Disclaimers,"You further acknowledge and agree that matters, issues, complaints and disputes pertaining to warranty, guarantee, quality and service shall be resolved in accordance with the terms set forth by the SP, and you consent to manage such concerns and disputes directly with the SP, without involving Telegram in any capacity.",3,high
S001766,WhatsApp,Supplemental Terms of Service for WhatsApp Channels,Supplemental Terms of Service for WhatsApp Channels.pdf,1,1,The WhatsApp Channels Privacy Policy supplements the WhatsApp,"Privacy Policy and explains how we collect, use, and share information when you use Channels. You can also go to your settings at any time to review your privacy choices. Your use of Channels does not impact the privacy of your personal WhatsApp messages, which continue to be endto-end encrypted as described in the WhatsApp Privacy Policy.",1,medium
S001784,WhatsApp,WhatsApp Business App Privacy Policy,WhatsApp Business App Privacy Policy.pdf,1,1,Scope of This WhatsApp Business App Privacy Policy,"The WhatsApp Business App provides similar features and functionality to the WhatsApp Messenger App (“Main App Functionality”), but provides additional features and functionality tailored for business needs (“Business Functions”). Business Functions include things like catalog, and greeting and away messages. While the WhatsApp Business App includes various features available in the WhatsApp Messenger App, some features may not be available; and not all Business Functions are available everywhere. Business Functions may be offered by WhatsApp, third parties and/or Meta, via integrations into our Business App, and may be subject to the third parties’ own terms of service and privacy policies. This WhatsApp Business App Privacy Policy (“Business App Privacy Policy”) explains WhatsApp’s data practices with respect to the Business",0,low
S001785,WhatsApp,WhatsApp Business App Privacy Policy,WhatsApp Business App Privacy Policy.pdf,1,1,"Functions, and applies only to the extent information relating to users of the","WhatsApp Business App would be considered personal data and is processed by WhatsApp as a controller, each under applicable law. Users should refer to the WhatsApp Privacy Policy, incorporated herein by reference, to understand how their information is processed in Main App Functionality. Learn more about Business Functions and the Main App Functionality available on WhatsApp Business App here. Please also read the WhatsApp Business Terms of Service (""Business Terms""), which describe the terms under which you use and we provide the WhatsApp Business App.",0,low
S001786,WhatsApp,WhatsApp Business App Privacy Policy,WhatsApp Business App Privacy Policy.pdf,1,1,Information We Collect,"In addition to the information described in the applicable WhatsApp Privacy Policy, we collect the following information.",0,low
S001787,WhatsApp,WhatsApp Business App Privacy Policy,WhatsApp Business App Privacy Policy.pdf,1,1,Information We Collect,Information You Provide  Your Business Account Information.,0,low
S001788,WhatsApp,WhatsApp Business App Privacy Policy,WhatsApp Business App Privacy Policy.pdf,2,2,"In addition to your phone number, you must provide basic information","about your business to create a WhatsApp business account, including your business name and business category. If you don’t provide us with this information, you will not be able to create an account to use our WhatsApp Business App. You can add other optional information to your business account, such as a profile picture and cover photo; contact information like your business address, business email, and website; a description of your business and any products or services you offer (such as their names, descriptions, images, videos, prices, and related marketing materials); and your intended audience.",0,low
S001789,WhatsApp,WhatsApp Business App Privacy Policy,WhatsApp Business App Privacy Policy.pdf,2,2,"In addition to your phone number, you must provide basic information","Automatically Collected Information  Usage and Log Information. We collect information about your use of the Business Functions. For example, we collect information about your business profile settings; how you use Business Functions like catalogs, labels and quick replies; purchases and transactions with your business; and metrics related to how customers interact with your business.",0,low
S001790,WhatsApp,WhatsApp Business App Privacy Policy,WhatsApp Business App Privacy Policy.pdf,2,2,"In addition to your phone number, you must provide basic information","Information Received From Others  User Reports, Feedback, Preferences and Blocks.",0,low
S001791,WhatsApp,WhatsApp Business App Privacy Policy,WhatsApp Business App Privacy Policy.pdf,2,2,"In addition to your phone number, you must provide basic information","Users can report, submit feedback, set communication preferences, or block businesses on WhatsApp, which we associate with the business that is the subject of the report, feedback, preference, or block.",0,low
S001792,WhatsApp,WhatsApp Business App Privacy Policy,WhatsApp Business App Privacy Policy.pdf,2,2,We use the information we collect for the same purposes described in the,"WhatsApp Privacy Policy, and also to operate, provide, improve, understand, customize, support, and market our WhatsApp Business App and Business Functions.  Our WhatsApp Business App.",0,low
S001793,WhatsApp,WhatsApp Business App Privacy Policy,WhatsApp Business App Privacy Policy.pdf,3,3,"WhatsApp Business App and Business Functions, including providing",you with business support; providing onboarding tools; providing message creation and delivery tools; providing you new and premium,0,low
S001794,WhatsApp,WhatsApp Business App Privacy Policy,WhatsApp Business App Privacy Policy.pdf,3,3,"WhatsApp Business App and Business Functions, including providing","Business Functions (some of which may be offered by third parties and/or Meta); and improving, fixing, and customizing our WhatsApp Business App. We also use information we have to understand how you use our WhatsApp Business App; evaluate and improve our WhatsApp Business App; research, develop, and test new services and features; and conduct troubleshooting activities. We also use your information to respond to you when you contact us.  Safety, Security and Integrity.",0,low
S001795,WhatsApp,WhatsApp Business App Privacy Policy,WhatsApp Business App Privacy Policy.pdf,3,3,"WhatsApp Business App and Business Functions, including providing","In addition to the safety, security and integrity purposes described in the WhatsApp Privacy Policy, we also use the information we have to maintain safety, security and integrity on our WhatsApp Business",0,low
S001796,WhatsApp,WhatsApp Business App Privacy Policy,WhatsApp Business App Privacy Policy.pdf,3,3,"WhatsApp Business App and Business Functions, including providing","App, for example: to create quality and integrity inferences about businesses; secure WhatsApp systems and WhatsApp Business App users’ accounts; fight threats, abuse, or infringement activities; promote safety, security, and integrity on the WhatsApp Business App; and to ensure compliance with our terms and policies.",0,low
S001797,WhatsApp,WhatsApp Business App Privacy Policy,WhatsApp Business App Privacy Policy.pdf,3,3,Information You and We Share,"You and we share information as described in the WhatsApp Privacy Policy, plus additional sharing relevant to the Business Functions.  Information About Your Business Profile.",0,low
S001798,WhatsApp,WhatsApp Business App Privacy Policy,WhatsApp Business App Privacy Policy.pdf,3,3,Information You and We Share,"Business profile information is publicly available, including your business name, phone number, hours of operation, business category, address, email address, website(s), description, and Facebook and Instagram accounts (if added). We may provide ways for our users to find or reach you, like our Business Search or other search functionality.  Other Integrations.",0,low
S001799,WhatsApp,WhatsApp Business App Privacy Policy,WhatsApp Business App Privacy Policy.pdf,3,3,Information You and We Share,We allow you to connect the WhatsApp Business App to products and services offered by third parties and/or Meta. These can include for example: cloud storage and hosting services; customer,0,low
S001800,WhatsApp,WhatsApp Business App Privacy Policy,WhatsApp Business App Privacy Policy.pdf,4,4,Information You and We Share,"relationship management tools; ad and message creation, delivery and management services; business analytics services; and AI tools.",0,low
S001801,WhatsApp,WhatsApp Business App Privacy Policy,WhatsApp Business App Privacy Policy.pdf,4,4,Information You and We Share,"When you use these products or services, their own terms and privacy policies will govern your use of those services and products.",0,low
S001802,WhatsApp,WhatsApp Business App Privacy Policy,WhatsApp Business App Privacy Policy.pdf,4,4,How We Work With Other Meta Companies,Review the WhatsApp Privacy Policy to understand how we work with the other Meta Companies for the WhatsApp Business App.,0,low
S001803,WhatsApp,WhatsApp Business App Privacy Policy,WhatsApp Business App Privacy Policy.pdf,4,4,"Assignment, Change Of Control, And Transfer","In the event that we are involved in a merger, acquisition, restructuring, bankruptcy, or sale of all or some of our assets, we will share your information with the successor entities or new owners in connection with the transaction in accordance with applicable data protection laws.",0,low
S001804,WhatsApp,WhatsApp Business App Privacy Policy,WhatsApp Business App Privacy Policy.pdf,4,4,Managing And Retaining Your Information,"The WhatsApp Business App follows the same information management, retention and deletion practices described in the WhatsApp Privacy Policy.",0,low
S001805,WhatsApp,WhatsApp Business App Privacy Policy,WhatsApp Business App Privacy Policy.pdf,4,4,"Law, Our Rights, And Protection","Review the WhatsApp Privacy Policy to understand how we access, preserve, and share your information in response to legal obligations.",0,low
S001806,WhatsApp,WhatsApp Business App Privacy Policy,WhatsApp Business App Privacy Policy.pdf,4,4,Our Global Operations,Review the WhatsApp Privacy Policy to understand how our global operations impact how your information is processed.,0,low
S001807,WhatsApp,WhatsApp Business App Privacy Policy,WhatsApp Business App Privacy Policy.pdf,4,4,Our Global Operations,"Updates to Our Privacy Policy We may amend or update our Business App Privacy Policy. We will provide you notice of amendments to this Business App Privacy Policy, as appropriate, and update the “Effective Date” at the top of this Business App",0,low
S001808,WhatsApp,WhatsApp Business App Privacy Policy,WhatsApp Business App Privacy Policy.pdf,5,5,Our Global Operations,Privacy Policy. Please review our Business App Privacy Policy from time to time.,0,low
S001809,WhatsApp,WhatsApp Business Data Processing Terms,WhatsApp Business Data Processing Terms.pdf,1,1,,"WhatsApp Business Data Processing Terms (""Data Processing Terms"")",0,low
S001810,WhatsApp,WhatsApp Business Data Processing Terms,WhatsApp Business Data Processing Terms.pdf,1,1,,"1. Definitions. For the purposes of these Data Processing Terms, the following terms have the meanings set out below: “Controller” means the natural or legal person, public authority, agency or other body which determines the purposes and means of the processing of Personal Information. “Personal Information” means any information relating to an identified or identifiable natural person (“Data Subject”) who can be identified, directly or indirectly, in particular by reference to an identifier such as a name, an identification number, an online identifier or to one or more factors specific to that natural person. The term “Personal Information” also covers information relating to deceased natural persons and/or juristic persons where this is required under applicable Data Privacy Law. “Personal Information Breach” means a breach of security leading to the accidental or unlawful destruction, loss, alteration, unauthorised disclosure of, or access to, Personal Information transmitted, stored or otherwise Processed under these Data “Processing” means any operation or set of operations which is performed on Personal Information or on sets of Personal",0,low
S001811,WhatsApp,WhatsApp Business Data Processing Terms,WhatsApp Business Data Processing Terms.pdf,1,1,,"Information, whether or not by automated means, such as collection, recording, organisation, structuring, storage, adaptation or alteration, retrieval, consultation, use, disclosure by transmission, dissemination or otherwise making available, alignment or combination, restriction, erasure or destruction. “Processed” and “Process” shall be construed in accordance with the definition of “Processing”.",2,medium
S001812,WhatsApp,WhatsApp Business Data Processing Terms,WhatsApp Business Data Processing Terms.pdf,2,2,,"“Processor” means a natural or legal person, public authority, agency or other body which processes Personal Information on behalf of the Controller.",0,low
S001813,WhatsApp,WhatsApp Business Data Processing Terms,WhatsApp Business Data Processing Terms.pdf,2,2,,Other capitalized terms used but not defined herein have the meanings set forth in the Business Terms or are otherwise defined contextually within these Data Processing Terms.,0,low
S001814,WhatsApp,WhatsApp Business Data Processing Terms,WhatsApp Business Data Processing Terms.pdf,2,2,,2. Applicability. These Data Processing Terms apply to the extent that the Business Terms state that WhatsApp Processes Personal Information in your Customer Data as your Processor. In the case of an express conflict between these Data Processing Terms and the,0,low
S001815,WhatsApp,WhatsApp Business Data Processing Terms,WhatsApp Business Data Processing Terms.pdf,2,2,,"Business Terms, these Data Processing Terms will govern solely to the extent of the conflict.",0,low
S001816,WhatsApp,WhatsApp Business Data Processing Terms,WhatsApp Business Data Processing Terms.pdf,2,2,,"3. Our Obligations as Processor. To the extent required by applicable Data Privacy Law, WhatsApp and you agree to the following: a. WhatsApp shall only Process Personal Information in accordance with your instructions as set out in the Business Terms and these Data Processing Terms.",0,low
S001818,WhatsApp,WhatsApp Business Data Processing Terms,WhatsApp Business Data Processing Terms.pdf,2,2,,"b. WhatsApp confirms that: i. the duration, subject matter, nature and purpose of the Processing shall be as specified in the Business Terms; ii. the types of Personal Information Processed comprise customer contact information as described in the Business Terms; iii. the categories of Data Subjects comprise customers with whom you communicate using the WhatsApp service; and iv. your obligations and rights as Controller in relation to this",0,low
S001819,WhatsApp,WhatsApp Business Data Processing Terms,WhatsApp Business Data Processing Terms.pdf,3,3,Personal Information are as set out in these Data,c. WhatsApp shall ensure that any person authorised to Process,0,low
S001820,WhatsApp,WhatsApp Business Data Processing Terms,WhatsApp Business Data Processing Terms.pdf,3,3,Personal Information are as set out in these Data,Personal Information under these Data Processing Terms is bound by appropriate obligations of confidentiality.,0,low
S001821,WhatsApp,WhatsApp Business Data Processing Terms,WhatsApp Business Data Processing Terms.pdf,3,3,Personal Information are as set out in these Data,"d. WhatsApp will implement appropriate technical and organizational measures to protect the Personal Information processed under these Data Processing Terms including against unauthorized or unlawful Processing or accidental loss, alteration, disclosure, or destruction. These include the measures listed in the Data Security Terms (as updated from time to time, for example, to reflect technological developments) which are expressly incorporated into these Data Processing Terms;",1,medium
S001822,WhatsApp,WhatsApp Business Data Processing Terms,WhatsApp Business Data Processing Terms.pdf,3,3,Personal Information are as set out in these Data,e. WhatsApp will notify you without undue delay of the discovery by WhatsApp of any Personal Information Breach;,0,low
S001823,WhatsApp,WhatsApp Business Data Processing Terms,WhatsApp Business Data Processing Terms.pdf,3,3,Personal Information are as set out in these Data,"f. Taking into account the nature of the Processing and the information available to WhatsApp, WhatsApp will assist you in your role as a Controller, by appropriate technical and organisational measures, insofar as this is possible, in fulfilling any obligations under Data Privacy Law applicable to you as a",0,low
S001824,WhatsApp,WhatsApp Business Data Processing Terms,WhatsApp Business Data Processing Terms.pdf,3,3,Personal Information are as set out in these Data,Controller to respond to requests from Data Subjects regarding the exercise of their Data Subject rights;,0,low
S001825,WhatsApp,WhatsApp Business Data Processing Terms,WhatsApp Business Data Processing Terms.pdf,3,3,Personal Information are as set out in these Data,"g. To the extent required by Data Privacy Law applicable to you as the Controller, the Processor agrees to support your obligations as a Controller, in particular regarding the security of the Processing or regarding Personal Information Breaches, by providing you with reasonable assistance, taking into account the nature of the Processing and the information available to WhatsApp;",0,low
S001826,WhatsApp,WhatsApp Business Data Processing Terms,WhatsApp Business Data Processing Terms.pdf,3,3,Personal Information are as set out in these Data,"h. Upon your request, WhatsApp will make available to you all information and provide all assistance that is reasonably necessary to demonstrate WhatsApp’s compliance with its",0,low
S001827,WhatsApp,WhatsApp Business Data Processing Terms,WhatsApp Business Data Processing Terms.pdf,4,4,Personal Information are as set out in these Data,legal obligations as a Processor under these Data Processing Terms;,0,low
S001828,WhatsApp,WhatsApp Business Data Processing Terms,WhatsApp Business Data Processing Terms.pdf,4,4,Personal Information are as set out in these Data,"i. WhatsApp may subcontract its Processing obligations under these Data Processing Terms to a sub-processor, who may be based in a country other than the one in which you or",0,low
S001829,WhatsApp,WhatsApp Business Data Processing Terms,WhatsApp Business Data Processing Terms.pdf,4,4,Personal Information are as set out in these Data,"WhatsApp are located given the global nature of the WhatsApp service, including the European Economic Area or the United",0,low
S001830,WhatsApp,WhatsApp Business Data Processing Terms,WhatsApp Business Data Processing Terms.pdf,4,4,Personal Information are as set out in these Data,"States, only by way of written agreement that shall impose obligations on the sub-processor that are no less rigorous than the obligations imposed upon WhatsApp by these Data Processing Terms. WhatsApp will remain fully liable to you for the performance of that sub-processor’s obligations. Where",0,low
S001831,WhatsApp,WhatsApp Business Data Processing Terms,WhatsApp Business Data Processing Terms.pdf,4,4,Personal Information are as set out in these Data,"WhatsApp Ireland Limited is your contracting entity, the WhatsApp Business Data Transfer Addendum applies and is incorporated by reference into these Data",0,low
S001833,WhatsApp,WhatsApp Business Data Processing Terms,WhatsApp Business Data Processing Terms.pdf,4,4,"LLC is your contracting entity, the WhatsApp Business","UK Data Transfer Addendum, which is incorporated by reference into these Data Processing Terms, applies with respect to your transfer of Personal Information to WhatsApp LLC and Meta Platforms Inc. (formerly known as Facebook Inc.). ii.",0,low
S001834,WhatsApp,WhatsApp Business Data Processing Terms,WhatsApp Business Data Processing Terms.pdf,4,4,"LLC is your contracting entity, the WhatsApp Business","Global Data Transfer Addendum is incorporated by reference into these Data Processing Terms, and applies with respect to your transfer of Personal Information to",0,low
S001835,WhatsApp,WhatsApp Business Data Processing Terms,WhatsApp Business Data Processing Terms.pdf,4,4,"LLC is your contracting entity, the WhatsApp Business",WhatsApp LLC to the extent such transfer is subject to the data protection laws specified in the addendum.,0,low
S001836,WhatsApp,WhatsApp Business Data Processing Terms,WhatsApp Business Data Processing Terms.pdf,4,4,"LLC is your contracting entity, the WhatsApp Business","j. Without limiting Section 3.i. above, you hereby authorize",0,low
S001837,WhatsApp,WhatsApp Business Data Processing Terms,WhatsApp Business Data Processing Terms.pdf,5,5,WhatsApp to engage other Meta Companies and third parties,as its sub-processor(s). Subject to applicable Data Privacy,0,low
S001838,WhatsApp,WhatsApp Business Data Processing Terms,WhatsApp Business Data Processing Terms.pdf,5,5,WhatsApp to engage other Meta Companies and third parties,"Law, WhatsApp will notify you in advance of any changes related to its sub-processor(s). If you reasonably object to such changes, you may inform WhatsApp in writing and stop using our Business Services; and",0,low
S001839,WhatsApp,WhatsApp Business Data Processing Terms,WhatsApp Business Data Processing Terms.pdf,5,5,WhatsApp to engage other Meta Companies and third parties,"k. Upon termination of the Business Terms, WhatsApp shall cease Processing Personal Information and shall delete it within the time period set forth in the Business Terms unless applicable law requires further storage or to the extent that",0,low
S001840,WhatsApp,WhatsApp Business Data Processing Terms,WhatsApp Business Data Processing Terms.pdf,5,5,WhatsApp to engage other Meta Companies and third parties,WhatsApp has a right or obligation to use the Personal Information independent of the Business Terms.,0,low
S001841,WhatsApp,WhatsApp Business Data Security Terms,WhatsApp Business Data Security Terms.pdf,1,1,,"WhatsApp Business Data Security Terms (""Data Security Terms"")",0,low
S001842,WhatsApp,WhatsApp Business Data Security Terms,WhatsApp Business Data Security Terms.pdf,1,1,,"October 29, 2020 These WhatsApp Business Data Security Terms (“Data Security Terms”) apply in respect of WhatsApp’s provision of Business Services to you in accordance with the Business Terms. Capitalized terms used but not defined in these Data Security Terms have the meanings given in the Business Terms. These Data Security Terms describe the minimum security standards that WhatsApp maintains applicable to the Business",0,low
S001843,WhatsApp,WhatsApp Business Data Security Terms,WhatsApp Business Data Security Terms.pdf,1,1,,"Services made available under the Business Terms, including the data you send to WhatsApp using the Business Services (“Covered Data”).",0,low
S001844,WhatsApp,WhatsApp Business Data Security Terms,WhatsApp Business Data Security Terms.pdf,1,1,,1. Organization of Information Security. WhatsApp has personnel responsible for oversight of security of the Business Services.,0,low
S001845,WhatsApp,WhatsApp Business Data Security Terms,WhatsApp Business Data Security Terms.pdf,1,1,,"2. Physical and Environmental Security. WhatsApp’s security measures will include controls designed to provide reasonable assurance that physical access to physical processing facilities under WhatsApp’s control that are used to provide the Business Services (“Data Processing Facility”) is limited to authorized persons and that environmental controls are established to detect, prevent, and control destruction due to environmental hazards. The controls will include: a. Logging and auditing of physical access to the Data Processing Facility by employees and contractors;",1,medium
S001847,WhatsApp,WhatsApp Business Data Security Terms,WhatsApp Business Data Security Terms.pdf,1,1,,b. Camera surveillance systems at the Data Processing Facility;,0,low
S001848,WhatsApp,WhatsApp Business Data Security Terms,WhatsApp Business Data Security Terms.pdf,1,1,,c. Systems that monitor and control the temperature and humidity for the computer equipment at the Data Processing Facility;,0,low
S001849,WhatsApp,WhatsApp Business Data Security Terms,WhatsApp Business Data Security Terms.pdf,1,1,,d. Power supply and backup generators at the Data Processing Facility;,0,low
S001850,WhatsApp,WhatsApp Business Data Security Terms,WhatsApp Business Data Security Terms.pdf,2,2,,"e. Procedures for secure deletion and disposal of data, subject to the Business Terms; and",0,low
S001851,WhatsApp,WhatsApp Business Data Security Terms,WhatsApp Business Data Security Terms.pdf,2,2,,f. Protocols requiring ID cards for entry to all WhatsApp facilities for all personnel working on the Business Services.,0,low
S001852,WhatsApp,WhatsApp Business Data Security Terms,WhatsApp Business Data Security Terms.pdf,2,2,3. Personnel,a. Training. WhatsApp will ensure that all personnel with access to Covered Data undergo security training.,0,low
S001853,WhatsApp,WhatsApp Business Data Security Terms,WhatsApp Business Data Security Terms.pdf,2,2,3. Personnel,b. Confidentiality. WhatsApp will contractually bind personnel with access to Covered Data to appropriate confidentiality requirements.,0,low
S001854,WhatsApp,WhatsApp Business Data Security Terms,WhatsApp Business Data Security Terms.pdf,2,2,3. Personnel,"c. Screening and Background Checks. WhatsApp will have a process for: verifying the identity of the personnel with access to Covered Data; and performing background checks, where legally permissible, on personnel working on or supporting aspects pertaining to the Business Services in accordance with WhatsApp standards.",0,low
S001855,WhatsApp,WhatsApp Business Data Security Terms,WhatsApp Business Data Security Terms.pdf,2,2,3. Personnel,d. Personnel Security Breach. WhatsApp will take disciplinary action in the event of unauthorized access to Covered Data by,1,medium
S001856,WhatsApp,WhatsApp Business Data Security Terms,WhatsApp Business Data Security Terms.pdf,2,2,3. Personnel,"WhatsApp personnel, including, where legally permissible, punishments up to and including termination.",0,low
S001857,WhatsApp,WhatsApp Business Data Security Terms,WhatsApp Business Data Security Terms.pdf,2,2,3. Personnel,4. Security Testing. WhatsApp will perform regular security and vulnerability testing to assess whether key controls are implemented properly and are effective.,0,low
S001858,WhatsApp,WhatsApp Business Data Security Terms,WhatsApp Business Data Security Terms.pdf,2,2,3. Personnel,5. Access Control.,1,medium
S001859,WhatsApp,WhatsApp Business Data Security Terms,WhatsApp Business Data Security Terms.pdf,2,2,3. Personnel,a. Password Management. WhatsApp has established and will maintain procedures for password management for its,0,low
S001860,WhatsApp,WhatsApp Business Data Security Terms,WhatsApp Business Data Security Terms.pdf,3,3,3. Personnel,"personnel, designed to ensure passwords are personal to each individual, and inaccessible to unauthorized persons, including at minimum: password provisioning, including procedures designed to verify the identity of the user prior to a new, replacement, or temporary password; cryptographically protecting passwords when stored in computer systems or in transit over the network; iii. altering default passwords from vendors; iv. strong passwords relative to their intended use; and v. education on good password practices.",0,low
S001861,WhatsApp,WhatsApp Business Data Security Terms,WhatsApp Business Data Security Terms.pdf,3,3,3. Personnel,"b. Access Management. WhatsApp will also control and monitor its personnel’s access to its systems using the following: established procedures for changing and revoking access rights and user IDs, without undue delay; established procedures for reporting and revoking compromised access credentials (passwords, tokens etc.); iii. maintaining appropriate security logs including where applicable with userid and timestamp; iv. synchronizing clocks with NTP; and v.",0,low
S001862,WhatsApp,WhatsApp Business Data Security Terms,WhatsApp Business Data Security Terms.pdf,3,3,3. Personnel,Logging the following minimum user access management events  Authorization changes;  Failed and successful authentication and access attempts; and  Read and write operations.,0,low
S001863,WhatsApp,WhatsApp Business Data Security Terms,WhatsApp Business Data Security Terms.pdf,4,4,6. Communications Security,a. Network Security,0,low
S001864,WhatsApp,WhatsApp Business Data Security Terms,WhatsApp Business Data Security Terms.pdf,4,4,6. Communications Security,WhatsApp will employ technology that is consistent with industry standards for network segregation.,0,low
S001865,WhatsApp,WhatsApp Business Data Security Terms,WhatsApp Business Data Security Terms.pdf,4,4,6. Communications Security,Remote network access to WhatsApp systems will require encrypted communication via secured protocols and use of multi-factor authentication.,1,medium
S001866,WhatsApp,WhatsApp Business Data Security Terms,WhatsApp Business Data Security Terms.pdf,4,4,6. Communications Security,b. Protection of Data in Transit,0,low
S001867,WhatsApp,WhatsApp Business Data Security Terms,WhatsApp Business Data Security Terms.pdf,4,4,6. Communications Security,WhatsApp will enforce use of appropriate protocols designed to protect the confidentiality of data in transit over public networks.,0,low
S001868,WhatsApp,WhatsApp Business Data Security Terms,WhatsApp Business Data Security Terms.pdf,4,4,6. Communications Security,7. Vulnerability Management. WhatsApp has instituted and will maintain a vulnerability management program covering the Business,0,low
S001869,WhatsApp,WhatsApp Business Data Security Terms,WhatsApp Business Data Security Terms.pdf,4,4,6. Communications Security,"Services that includes definitions of roles and responsibilities for vulnerability monitoring, vulnerability risk assessment, and patch deployment.",0,low
S001870,WhatsApp,WhatsApp Business Data Security Terms,WhatsApp Business Data Security Terms.pdf,4,4,8. Security Incident Management,"a. Security Incident Response. WhatsApp will maintain a security incident response plan for monitoring, detecting, and handling possible security incidents affecting Covered Data. The security incident response plan at least includes definitions of roles and responsibility, communication, and post-mortem reviews, including root cause analysis and remediation plans.",1,medium
S001871,WhatsApp,WhatsApp Business Data Security Terms,WhatsApp Business Data Security Terms.pdf,4,4,8. Security Incident Management,b. Monitoring. WhatsApp will monitor for any security breaches and malicious activity affecting Covered Data.,1,medium
S001872,WhatsApp,WhatsApp Business Data Security Terms,WhatsApp Business Data Security Terms.pdf,4,4,8. Security Incident Management,"In the event of any express conflict between the Business Terms and these Data Security Terms, the Business Terms will govern solely with respect to your use of the Business Services and solely to the extent of the",0,low
S001873,WhatsApp,WhatsApp Business Data Security Terms,WhatsApp Business Data Security Terms.pdf,5,5,8. Security Incident Management,conflict. WhatsApp may update these Data Security Terms from time to time to reflect evolving security standards.,0,low
S001874,WhatsApp,WhatsApp Business Data Transfer Addendum,WhatsApp Business Data Transfer Addendum.pdf,1,1,Addendum,"1. You acknowledge and agree that, to provide the Business Services pursuant to the Business Terms, WhatsApp Ireland transfers European Data to WhatsApp LLC and Meta Platforms Inc. and onward transfers of European Data may be made to other WhatsApp Subprocessors.",0,low
S001875,WhatsApp,WhatsApp Business Data Transfer Addendum,WhatsApp Business Data Transfer Addendum.pdf,1,1,Addendum,"2. WhatsApp Ireland relies on the EU-U.S. Data Privacy Framework for transfers of European data to WhatsApp LLC in the US as set out in WhatsApp LLC’s Data Privacy Framework Disclosure and to Meta Platforms, Inc. as set out in Meta Platforms Inc.’s Data Privacy Framework Disclosure. WhatsApp Ireland reserves the right to rely on alternative transfer mechanism recognized by the",0,low
S001876,WhatsApp,WhatsApp Business Data Transfer Addendum,WhatsApp Business Data Transfer Addendum.pdf,1,1,GDPR and other applicable data protection laws in the EEA and,"Switzerland, such as the Processor to Processor SCCs or other adequacy decisions. Onward transfers to WhatsApp sub-processors are made in accordance with the requirements of the applicable transfer mechanism, and pursuant to the general authorisation under the Data Processing Terms.",0,low
S001877,WhatsApp,WhatsApp Business Data Transfer Addendum,WhatsApp Business Data Transfer Addendum.pdf,1,1,GDPR and other applicable data protection laws in the EEA and,"3. In order to facilitate an efficient and coordinated service, you agree that all communication with WhatsApp LLC, Meta Platforms Inc. or any other WhatsApp Subprocessor, to the extent possible, will be coordinated and directed through WhatsApp Ireland.",0,low
S001878,WhatsApp,WhatsApp Business Data Transfer Addendum,WhatsApp Business Data Transfer Addendum.pdf,2,2,GDPR and other applicable data protection laws in the EEA and,4. This Data Transfer Addendum takes priority over the Business Terms and the Data Processing Terms to the extent of a conflict or inconsistency.,0,low
S001879,WhatsApp,WhatsApp Business Data Transfer Addendum,WhatsApp Business Data Transfer Addendum.pdf,2,2,GDPR and other applicable data protection laws in the EEA and,5. In this Data Transfer Addendum: a. “SCCs” means the European Commission's Standard,0,low
S001881,WhatsApp,WhatsApp Business Data Transfer Addendum,WhatsApp Business Data Transfer Addendum.pdf,2,2,GDPR and other applicable data protection laws in the EEA and,"Contractual Clauses for the transfer of personal data to third countries pursuant to Regulation (EU) 2016/679 as set out in annex to Commission Decision 2021/914 which, as of the last updated date, are available at the link https://eurlex.europa.eu/eli/dec_impl/2021/914/oj, and which are incorporated herein by reference.",1,medium
S001882,WhatsApp,WhatsApp Business Data Transfer Addendum,WhatsApp Business Data Transfer Addendum.pdf,2,2,GDPR and other applicable data protection laws in the EEA and,b. “EEA” means European Economic Area.,0,low
S001883,WhatsApp,WhatsApp Business Data Transfer Addendum,WhatsApp Business Data Transfer Addendum.pdf,2,2,GDPR and other applicable data protection laws in the EEA and,c. “European Data” means Personal Data which is Processed by WhatsApp Ireland as your Processor pursuant to the,0,low
S001884,WhatsApp,WhatsApp Business Data Transfer Addendum,WhatsApp Business Data Transfer Addendum.pdf,2,2,GDPR and other applicable data protection laws in the EEA and,"Business Terms, to the extent that the GDPR or other data protection laws in the EEA or Switzerland apply to your Processing of such data.",0,low
S001885,WhatsApp,WhatsApp Business Data Transfer Addendum,WhatsApp Business Data Transfer Addendum.pdf,2,2,GDPR and other applicable data protection laws in the EEA and,"d. “Processor to Processor SCCs” means, as applicable to the transfer: (a) module 3 (processor to processor) of the standard contractual clauses or (b) such other (processor to processor) standard contractual clauses for the transfer of personal data to third countries that are recognised under the applicable data protection laws in the EEA or Switzerland (in either case with any optional clauses as chosen by WhatsApp Ireland).",1,medium
S001886,WhatsApp,WhatsApp Business Data Transfer Addendum,WhatsApp Business Data Transfer Addendum.pdf,2,2,GDPR and other applicable data protection laws in the EEA and,"e. “WhatsApp Subprocessor” means a processor that is engaged by WhatsApp LLC or Meta Platforms Inc., under the Processor to Processor SCCs to Process European Data.",0,low
S001887,WhatsApp,WhatsApp Business Data Transfer Addendum,WhatsApp Business Data Transfer Addendum.pdf,2,2,GDPR and other applicable data protection laws in the EEA and,Any other capitalised terms have the meaning given to them in the Business Terms or the Data Processing Terms.,0,low
S001897,WhatsApp,WhatsApp Business Terms of Service,WhatsApp Business Terms of Service.pdf,3,3,2. Additional Terms and Policies,"services, surveys, events, news, and promotions offered by WhatsApp or the other Meta Companies where permitted by applicable law. If you do not wish for WhatsApp to communicate with you regarding (c) above, you may opt-out of future communications by writing to WhatsApp as specified in the Notices section below, or by clicking the “unsubscribe” link in any such communication. Devices and Software. You must provide certain devices, software, and data connections, which we do not otherwise supply, to use our Business Services. You agree to manually or automatically download and install updates to our Business Services. Fees and Taxes. You are responsible for all carrier data plans, Internet fees, and other fees and taxes associated with your use of our Business Services. Linking to Facebook. To use all or certain features of our Business",2,medium
S001903,WhatsApp,WhatsApp Business Terms of Service,WhatsApp Business Terms of Service.pdf,4,4,2. Additional Terms and Policies,"Business Services are not intended for intra-company usage. We make no representations or warranties that our Business Services meet the needs of entities regulated by laws and regulations with heightened confidentiality requirements for personal data, such as healthcare, financial, or legal services entities. Company must provide all necessary data disclosures and notices (such as maintaining a privacy policy or labelling marketing messages). Company must also secure all necessary rights, consents, and permissions (for example, opt-in) to share its customers’ contact and other personal data with WhatsApp, and to communicate with its customers via the WhatsApp service using this information. WhatsApp is not liable for any acts or omissions by Company that breach any applicable laws. Company must also honor and comply with all WhatsApp user requests to stop or opt-out of receiving certain or all types of WhatsApp messages from Company. WhatsApp users may block Company, mark Company’s messages as spam, or report Company’s actions or messages to us to notify us that Company is violating our terms and policies. WhatsApp will then take appropriate action, which could result in WhatsApp suspending or terminating Company’s use of our Business Services. Security Responsibilities.",2,medium
S001904,WhatsApp,WhatsApp Business Terms of Service,WhatsApp Business Terms of Service.pdf,4,4,2. Additional Terms and Policies,Company may only allow authorized individuals acting on behalf of Company to access and use its WhatsApp business account for purposes authorized under these Business Terms. Company is responsible for all activities occurring under its account. Company must: (a) maintain the security of its account credentials; (b) keep its devices and WhatsApp account safe and secure; (c) prevent unauthorized use of or access to our Business Services; and (d) immediately notify us if Company discovers or suspects any security breaches related to our Business,2,medium
S001911,WhatsApp,WhatsApp Business Terms of Service,WhatsApp Business Terms of Service.pdf,6,6,2. Additional Terms and Policies,"Company must not directly, indirectly, or through automated or other means: (a) distribute, sell, resell, or rent our Business Services to third parties; (b) distribute or make our Business Services available over a network to be used by multiple devices at the same time, except as authorized through tools and configurations that we have expressly provided for your use via our Business Services; and (c) copy, reproduce, distribute, publicly perform or display, modify, or make derivative works based upon all or portions of our Business Services. Company must not directly, indirectly, or through automated or other means: (d) remove any proprietary rights notices or markings; (e) reverse engineer any aspect of our Business Services or do anything that may discover source code; (f) scrape or extract data from our Business Services; (g) develop or use any applications that interact with our Business Services without our prior written consent; and (h) create software or APIs that function substantially the same as our Business Services and offer them for use by third parties in an unauthorized manner on or utilizing the WhatsApp platform or our Business Services.",2,medium
S001915,WhatsApp,WhatsApp Business Terms of Service,WhatsApp Business Terms of Service.pdf,7,7,2. Additional Terms and Policies,"Company must not directly, indirectly, or through automated or other means: (a) use our Business Services for personal, family, or household purposes or without applicable business licenses; (b) instigate, engage in, or encourage any harassing, threatening, intimidating, predatory, or stalking conduct, or any other conduct that would be illegal or otherwise inappropriate, such as promoting violent crimes, endangering or exploiting children or others, or coordinating harm; (c) use or attempt to use another user’s account without prior authorization from that user and WhatsApp; (d) impersonate or register on behalf of any person or entity or otherwise misrepresent your affiliation with a person or entity, perpetrate fraud, or publish falsehoods or misleading statements; (e) collect information of or about other users in any impermissible or unauthorized manner; (f) use our Business Services other than for their intended purpose or interfere with, disrupt, negatively affect, or inhibit other users; (g) damage, disable, overburden, or impair our Business Services; (h) send, distribute, or post spam, unsolicited electronic communications, chain letters, pyramid schemes, or illegal or impermissible communications; (i) post, upload, or share any content which is unlawful, libelous, defamatory, obscene, pornographic, indecent, lewd, suggestive, harassing, hateful, ethnically or racially offensive, threatening, invasive of privacy or publicity rights, abusive, inflammatory, fraudulent, or is in our sole judgment objectionable; (j) encourage or provide instructions for a criminal offense;",2,medium
S001919,WhatsApp,WhatsApp Business Terms of Service,WhatsApp Business Terms of Service.pdf,8,8,2. Additional Terms and Policies,"you share when it violates these Business Terms or our policies and we become aware of it. We also need and do use information reported to us by other WhatsApp users (such as when they block you or disclose your messages to us as part of a complaint) to determine whether you have breached these Business Terms or are not complying with our policies. If we determine that you have breached these Business Terms or are not complying with our policies, we have the right to limit, throttle, suspend, or terminate Company’s account, depending on the type and circumstances of the breach and within our reasonable discretion. In the event that we terminate Company’s account, Company will not create another WhatsApp business account without our express written permission. Learn more about the restrictions we may impose on the use of our Business Services, including information on how we apply our policies, procedures, measures and tools here. Complaints. You can submit a complaint to us at businesscomplaints@support.whatsapp.com regarding the following: technical or technological issues, customer service issues, suspension and termination of your account or Services, or any alleged breach by us of these Terms or the EU Regulation 2019/1150 (the “Platform Regulation”).",2,medium
S001920,WhatsApp,WhatsApp Business Terms of Service,WhatsApp Business Terms of Service.pdf,8,8,2. Additional Terms and Policies,We will acknowledge all complaints and follow-up with you to address your complaint within a reasonable timeframe. We will communicate the outcome of our complaint investigation to you if you have provided us with your valid email address. Learn more about steps to take if your account is suspended or terminated here.,1,medium
S001955,WhatsApp,WhatsApp Business Terms of Service,WhatsApp Business Terms of Service.pdf,13,13,To the extent you are established in the European Union or the United,"Company may contact WhatsApp using our complaints system at businesscomplaints@support.whatsapp.com to clarify the reasons for our termination or suspension of your account. If we are able to resolve the issue in your favor, resulting in reactivating your account, then we will reinstate our Business Services to you within a reasonable time.",1,medium
S001962,WhatsApp,WhatsApp Business Terms of Service,WhatsApp Business Terms of Service.pdf,14,14,13. WhatsApp Confidential Information,"Company that are marked confidential or that would normally be considered confidential by a reasonable person under the circumstances. If you receive any such confidential information, you will not disclose it to any third party without our prior written consent. WhatsApp confidential information does not include information that you independently developed, was rightfully given to you by a third-party without a confidentiality obligation, or becomes public through no fault of your own. You may disclose WhatsApp confidential information when compelled to do so by law if you provide us reasonable prior notice, unless a court orders that we not receive notice.",3,high
S001971,WhatsApp,WhatsApp Business Terms of Service,WhatsApp Business Terms of Service.pdf,16,16,"Regulation apply, you or we may refer any claim, cause of action, or","Dispute (including complaints that could not be resolved) to voluntary mediation, by giving written notice to the other via email (you may email us at businesscomplaints@support.whatsapp.com and we may email you at your valid email address). The list of independent mediators that we are willing to engage with are available at https://www.whatsapp.com/legal/business-terms/p2b-mediation.",1,medium
S001977,WhatsApp,WhatsApp Business Terms of Service,WhatsApp Business Terms of Service.pdf,17,17,18. Assignment,"Terms to anyone else without our prior written consent, and any attempt to do so is void.",1,medium
S001983,WhatsApp,WhatsApp Channels Guidelines,WhatsApp Channels Guidelines.pdf,1,1,"WhatsApp Channels is an optional, one-way broadcasting feature within","WhatsApp may take action against channels that violate the following Channels Guidelines:  Do not share illegal content or engage in illegal activity. This includes content that sexually exploits or endangers children (including child sexual abuse material), or that supports violent extremist or criminal organizations or individuals. Channels should not facilitate the exploitation of people, including through human trafficking, or share content that depicts, threatens, or promotes sexual violence, sexual assault, or sexual exploitation. Do not share intellectual property you do not have a right to use.  Do not share content that could cause serious harm to people. This includes content that constitutes a credible threat to public or personal safety, incitement of violence, organization or coordination of violent or criminal activities, or that encourages suicide or selfinjury.",1,medium
S001990,WhatsApp,WhatsApp Channels Guidelines,WhatsApp Channels Guidelines.pdf,3,3,Local Law Violations,WhatsApp reviews and responds to valid legal orders from authorities in countries where we operate. We may also receive court orders to restrict WhatsApp Channels. We always assess the legitimacy and completeness of a government request before taking any action.,1,medium
S001991,WhatsApp,WhatsApp Channels Guidelines,WhatsApp Channels Guidelines.pdf,3,3,Actions We May Take,"When we detect illegal content or a violation of our terms and policies, we may take action, including the following, and depending on the nature of the content or violation:  Warning channel admins of violations of these Channels Guidelines  Suspending further delivery of channel updates to users  Removing channel updates from our servers  Removing violating content from channel profile fields (including the channel picture)  Revoking a channel’s verification  Removing a channel from the in-app Directory or search results  Revoking a channel’s invite link  Suspending a channel  Banning channel admin(s) from our Service, and/or  Reporting child sexual abuse material to NCMEC and/or competent authorities",1,medium
S001994,WhatsApp,WhatsApp Channels Guidelines,WhatsApp Channels Guidelines.pdf,4,4,Channels Complaints Handling Process,"Channels Enforcement: As described above, we may take action on channels when we determine those channels go against our terms or policies, including these Channels Guidelines. If you disagree with a decision we have made, you can appeal that decision from within your Channels info page. You may also submit an appeal through WhatsApp support here. If we determine that our decision was in error, we will reverse the enforcement.",1,medium
S001999,WhatsApp,WhatsApp Channels Supplemental Privacy Policy,WhatsApp Channels Supplemental Privacy Policy.pdf,1,1,"Status and Channels, then the WhatsApp Status and Channels","Supplemental Privacy Policy replaces this WhatsApp Channels Supplemental Privacy Policy, and covers your use of Status and Channels.",0,low
S002000,WhatsApp,WhatsApp Channels Supplemental Privacy Policy,WhatsApp Channels Supplemental Privacy Policy.pdf,1,1,"Status and Channels, then the WhatsApp Status and Channels","This WhatsApp Channels Supplemental Privacy Policy helps explain our information practices when you use WhatsApp Channels (“Channels”). When we say “WhatsApp”, “our”, “we” or “us”, we are referring to WhatsApp LLC.",0,low
S002001,WhatsApp,WhatsApp Channels Supplemental Privacy Policy,WhatsApp Channels Supplemental Privacy Policy.pdf,1,1,"Status and Channels, then the WhatsApp Status and Channels","This Channels Privacy Policy supplements the WhatsApp Privacy Policy, which applies to the use of all our Services, including Channels. Any capitalized terms used but not defined in this Channels Privacy Policy have the meanings defined in the WhatsApp Privacy Policy. If there is any conflict between this Channels Privacy Policy and the WhatsApp Privacy",0,low
S002002,WhatsApp,WhatsApp Channels Supplemental Privacy Policy,WhatsApp Channels Supplemental Privacy Policy.pdf,1,1,"Status and Channels, then the WhatsApp Status and Channels","Policy, this Channels Privacy Policy will control solely with respect to your use of Channels and only to the extent of the conflict.",0,low
S002003,WhatsApp,WhatsApp Channels Supplemental Privacy Policy,WhatsApp Channels Supplemental Privacy Policy.pdf,1,1,"Status and Channels, then the WhatsApp Status and Channels",The Supplemental Terms of Service for WhatsApp Channels and WhatsApp Channels Guidelines apply to your use of Channels. What does this Channels Privacy Policy cover?,0,low
S002004,WhatsApp,WhatsApp Channels Supplemental Privacy Policy,WhatsApp Channels Supplemental Privacy Policy.pdf,1,1,"Status and Channels, then the WhatsApp Status and Channels","Channels is an optional, one-way broadcasting feature within WhatsApp, separate from our private messaging services, that allows you to create a Channel (making you a Channel “Admin”) where you may share updates for others to view (“Channel Content”). You can also view and interact with Channel Content, and follow particular Channels as a follower (“Follower”). Non-followers (“Viewers”) can also view and interact with Channel Content.",0,low
S002005,WhatsApp,WhatsApp Channels Supplemental Privacy Policy,WhatsApp Channels Supplemental Privacy Policy.pdf,1,1,"Status and Channels, then the WhatsApp Status and Channels","Channels are public, meaning that anyone can discover, follow, and view your Channel. Given the public nature and unlimited audience size of Channels, Channel Content will be visible to any user and by WhatsApp.",0,low
S002006,WhatsApp,WhatsApp Channels Supplemental Privacy Policy,WhatsApp Channels Supplemental Privacy Policy.pdf,2,2,This also means that Channel Content is among the information WhatsApp,"collects and uses to promote safety, security and integrity on Channels, as further described in this Channels Privacy Policy, the Supplemental Terms, and in the WhatsApp Channels Guidelines.",0,low
S002007,WhatsApp,WhatsApp Channels Supplemental Privacy Policy,WhatsApp Channels Supplemental Privacy Policy.pdf,2,2,This also means that Channel Content is among the information WhatsApp,"Channel Subscriptions are channels that offer an option to subscribe for a fee to receive Channel Content available only to subscribers (“Channel Subscription Updates”). If you subscribe to a channel, the Channel Subscriptions Terms of Service will also apply.",0,low
S002008,WhatsApp,WhatsApp Channels Supplemental Privacy Policy,WhatsApp Channels Supplemental Privacy Policy.pdf,2,2,This also means that Channel Content is among the information WhatsApp,"Importantly, your use of WhatsApp Channels does not impact the privacy of your WhatsApp personal messages, which continue to be end-to-end encrypted as described in the WhatsApp Privacy Policy.",1,medium
S002009,WhatsApp,WhatsApp Channels Supplemental Privacy Policy,WhatsApp Channels Supplemental Privacy Policy.pdf,2,2,This also means that Channel Content is among the information WhatsApp,"In the future, we may introduce additional Channels features, such as new ways to search for Channels and Channel Content, additional audience and privacy settings for Channels, and end-to-end encrypted Channels. If you are already using Channels when we update features and settings, we will inform you of such features as appropriate.",1,medium
S002010,WhatsApp,WhatsApp Channels Supplemental Privacy Policy,WhatsApp Channels Supplemental Privacy Policy.pdf,2,2,Information We Collect,"The WhatsApp Privacy Policy describes information we collect on our Services. When you use Channels, we also collect: Information from and about Channel Admins  Information to Create a Channel. To create a Channel, Admins must provide basic information, including a name for the Channel.",0,low
S002012,WhatsApp,WhatsApp Channels Supplemental Privacy Policy,WhatsApp Channels Supplemental Privacy Policy.pdf,2,2,"Admins may also choose to add other information, such as a unique","Channel Admin name, icon, picture, description or links to third party sites.  Channel Updates. Channels are public, so we collect Channel",0,low
S002013,WhatsApp,WhatsApp Channels Supplemental Privacy Policy,WhatsApp Channels Supplemental Privacy Policy.pdf,2,2,"Admins may also choose to add other information, such as a unique","Content and Channel Subscription Updates that Admins create or share, such as text, videos, photos, images, documents, links, gifs, stickers, audio content, or other types of content in their Channel for others to view.",0,low
S002014,WhatsApp,WhatsApp Channels Supplemental Privacy Policy,WhatsApp Channels Supplemental Privacy Policy.pdf,3,3,"Admins may also choose to add other information, such as a unique","Viewer and Follower Information  Followers, Viewers and other connections. We collect information about Followers and Viewers, such as their reactions, language choices, and the Channels they follow.",0,low
S002015,WhatsApp,WhatsApp Channels Supplemental Privacy Policy,WhatsApp Channels Supplemental Privacy Policy.pdf,3,3,"Admins may also choose to add other information, such as a unique","Information about All Channels Users  Usage And Log Information. We collect information about your activity on Channels, like service-related, diagnostic, and performance information. When you use Channels, we also collect information about your activity on and use of Channels, including the types of content you view and subscribe to, and how you interact with it; metadata about Channels, Channel Content, Channel Subscription Updates; and reactions by Followers, subscribers and Viewers; the",0,low
S002016,WhatsApp,WhatsApp Channels Supplemental Privacy Policy,WhatsApp Channels Supplemental Privacy Policy.pdf,3,3,"Admins may also choose to add other information, such as a unique","Channels features you use and how you use them, and time, frequency, and duration of your activities on Channels.  User Reports. Users or third-parties can report to us your Channel, or specific Channel Content or Channel Subscription Updates - for example, to report possible violations of our terms or policies or local law. When a report is made, we collect information about the reporting party and reported user(s) (e.g., Channel Admin), and other information that may help us in investigating the report, such as associated Channels or Channel Content, user interactions and activity on Channels, and other information, such as the number of",0,low
S002017,WhatsApp,WhatsApp Channels Supplemental Privacy Policy,WhatsApp Channels Supplemental Privacy Policy.pdf,3,3,"Admins may also choose to add other information, such as a unique","Followers who have muted a Channel, and other user reports or enforcement actions. To find out more, see our WhatsApp Channels Guidelines and Advanced Safety and Security Features.",0,low
S002018,WhatsApp,WhatsApp Channels Supplemental Privacy Policy,WhatsApp Channels Supplemental Privacy Policy.pdf,3,3,"Admins may also choose to add other information, such as a unique","Channel Subscriptions Information  Admin Information for Subscriptions. For Channel Subscriptions, we additionally collect information when Admins set up and manage their channel subscription, such as subscription pricing, billing and renewal periods, cancellations and terminations, or payout methods.",0,low
S002019,WhatsApp,WhatsApp Channels Supplemental Privacy Policy,WhatsApp Channels Supplemental Privacy Policy.pdf,4,4,"Admins may also choose to add other information, such as a unique"," Subscriber Information. If you choose to subscribe to a channel, we collect information such as the channels you subscribe to, the start date and renewal terms.  Subscription Payment Information. If you subscribe to a channel, we also collect information such as your payment method and transaction amount. We work with multiple third-party payment providers such as Apple App Store or Google Play, who will provide us with information about your transaction, to process your payment and manage your subscriptions.",0,low
S002020,WhatsApp,WhatsApp Channels Supplemental Privacy Policy,WhatsApp Channels Supplemental Privacy Policy.pdf,4,4,"Admins may also choose to add other information, such as a unique","How We Use Information We use the information we collect in the following additional ways:  Provide Channels. We use the information we have to operate, provide, and improve Channels. For example, we may use this information to enable you to create, follow or interact with Channels, to help us to provide or develop additional Channels features, or to improve your experience on Channels such as to show or recommend to you Channels that are in your country or local language.  Understand Usage of Channels. We use the information to measure and analyze the effectiveness, performance, reliability and efficiency of Channels, to understand how people use and interact with Channels, and to determine how we can develop and improve our Services.  For Safety, Security, And Integrity. We use information we have (including Channel Content and your activity in Channels) to ensure safety, security and integrity on our Services, including to combat harmful conduct; protect users against bad or harmful experiences, detect and investigate suspicious activity or violations of our terms and policies, including our WhatsApp Channels Guidelines, and to ensure our Services, including Channels, are being used lawfully.",0,low
S002021,WhatsApp,WhatsApp Channels Supplemental Privacy Policy,WhatsApp Channels Supplemental Privacy Policy.pdf,5,5,How We Use Information for Channel Subscriptions,"If you use Channel Subscriptions, either as an Admin or a subscriber, then we also use the information we have to provide and manage Channel Subscriptions, including starting, renewing and terminating subscriptions; managing payments and payouts; and making Channel Subscription Updates available to subscribers.",0,low
S002022,WhatsApp,WhatsApp Channels Supplemental Privacy Policy,WhatsApp Channels Supplemental Privacy Policy.pdf,5,5,How We Use Information for Channel Subscriptions,"How information is shared Channels information is shared in the following ways:  Public Information. Remember that Channel Content, Channel",0,low
S002023,WhatsApp,WhatsApp Channels Supplemental Privacy Policy,WhatsApp Channels Supplemental Privacy Policy.pdf,5,5,How We Use Information for Channel Subscriptions,"Subscription Updates and information Admins share on Channels is public and available to others, subject to any audience, subscription or privacy settings. You should keep in mind that anybody can capture screenshots or make recordings of Channel Content and interactions on Channels and send them to WhatsApp or anyone else, or share, export or upload them off our Services.  Third-Party Service Providers and Meta Companies. We work with third-party service providers and other Meta Companies to help us operate, provide, improve, understand and support Channels. We also work with Meta Companies to help us promote the safety, security, and integrity on Channels and our Services, including use of detection and measurement tools that leverage a combination of classifiers, content and behavioral signals, human review, and user reports—to proactively and reactively detect potentially violating content or use of Channels. When we share information with thirdparty service providers and other Meta Companies in this capacity, we require them to use your information on our behalf in accordance with our instructions and terms.  Accounts Center. If you have added your WhatsApp account to",0,low
S002024,WhatsApp,WhatsApp Channels Supplemental Privacy Policy,WhatsApp Channels Supplemental Privacy Policy.pdf,5,5,How We Use Information for Channel Subscriptions,"Accounts Center, see here to learn more about how your information will be shared. Subscriptions-related information is shared as follows:  Payment providers. We work with Third Party Payment Providers including Google Play Store and Apple App Store to process payments and transactions such as when you subscribe to a channel. We share information with these third-party payment providers such as authentication and transaction information. Please note that when you use third-party platform payment provider services, their own terms and privacy policies will govern your use of those services.",0,low
S002026,WhatsApp,WhatsApp Channels Supplemental Privacy Policy,WhatsApp Channels Supplemental Privacy Policy.pdf,6,6,How We Use Information for Channel Subscriptions,"Managing And Retaining Your Information You can access, manage or port your Channels information using our inapp settings set out in the WhatsApp Privacy Policy.  Retaining your public Channel Content, Channel Subscription",0,low
S002027,WhatsApp,WhatsApp Channels Supplemental Privacy Policy,WhatsApp Channels Supplemental Privacy Policy.pdf,6,6,How We Use Information for Channel Subscriptions,"Updates, Channel information and Channel Subscription information. In the ordinary course of providing Channels, we store",0,low
S002028,WhatsApp,WhatsApp Channels Supplemental Privacy Policy,WhatsApp Channels Supplemental Privacy Policy.pdf,6,6,How We Use Information for Channel Subscriptions,"Channel Content and Channel Subscription Updates on our servers for up to 30 days, subject to safety, security and integrity purposes or other legal or compliance obligations that may require longer retention. Channel Content and Channel Subscription Updates may remain on Viewers’, Followers’ or subscribers’ devices for a longer period, though we may provide options for updates to disappear faster, for example after 7 days or 24 hours should Admins choose.",0,low
S002029,WhatsApp,WhatsApp Channels Supplemental Privacy Policy,WhatsApp Channels Supplemental Privacy Policy.pdf,6,6,We store other Channels information and Channel Subscription,"Information for as long as necessary for the purposes identified in this Channels Privacy Policy and the WhatsApp Privacy Policy, including to provide Channels or for other legitimate purposes, such as complying with legal obligations, enforcing and preventing violations of our terms and policies, or protecting or defending our rights, property, and users. The storage periods are determined on a case-by-case basis that depends on factors like the nature of the information, why it is collected and processed, relevant legal or operational retention needs, and legal obligations.  Deleting your Channel. If you are an Admin, deleting your",0,low
S002030,WhatsApp,WhatsApp Channels Supplemental Privacy Policy,WhatsApp Channels Supplemental Privacy Policy.pdf,7,7,Channel removes the channel and Channel Content from the,"Updates Tab in your app at which point it is no longer accessible to other users through Channels. It may take up to 90 days to delete your Channels information and Channel Subscription information on our servers. We may also retain some of your information as needed for things like compliance with legal obligations, violations of our terms and policies, or harm prevention efforts. Please remember that when you delete your channel, it does not affect the information and content that other users may continue to have, such as a copy of the",0,low
S002031,WhatsApp,WhatsApp Channels Supplemental Privacy Policy,WhatsApp Channels Supplemental Privacy Policy.pdf,7,7,Channel removes the channel and Channel Content from the,Channel Content saved locally on their device or that have been forwarded to other users or shared off our Services.  Removing Channel Content. Channel Admins can remove Channel Content up to 30 days after posting.,0,low
S002032,WhatsApp,WhatsApp Channels Supplemental Privacy Policy,WhatsApp Channels Supplemental Privacy Policy.pdf,7,7,Channel removes the channel and Channel Content from the,You can learn more here about our data deletion and retention practices and about how to delete your account.,0,low
S002033,WhatsApp,WhatsApp Channels Supplemental Privacy Policy,WhatsApp Channels Supplemental Privacy Policy.pdf,7,7,Channel removes the channel and Channel Content from the,"Updates To Our Policy We may amend or update this Channels Privacy Policy. We will provide you notice of amendments or updates as appropriate, and update the Effective Date at the top. Please review our Channels Privacy Policy from time to time.",0,low
S002034,WhatsApp,WhatsApp India Payments Privacy Policy,WhatsApp India Payments Privacy Policy.pdf,1,1,Policy,"Table of Contents  Information We Collect  Information You Provide  Automatically Collected Information  How We Use Information  Information You And We Share  Managing and Deleting Your Information  Updates to Our Policy This WhatsApp India Payments Privacy Policy (""India Payments Privacy Policy"") helps explain our information practices when you use WhatsApp Pay. The terms ""our,"" ""we,"" ""us,"" and ""WhatsApp India,"" refer to WhatsApp Application Services Private Limited. WhatsApp India enables you to send and receive payments (""Payments""), a service we provide through, and in coordination with, designated payment service provider (""PSP"") banks.",0,low
S002035,WhatsApp,WhatsApp India Payments Privacy Policy,WhatsApp India Payments Privacy Policy.pdf,1,1,Policy,"WhatsApp India also provides an interface in which users have the ability to view bills and make payments to billers (""Bill Payments”) through Bharat Bill Payment System (""BBPS""), an integrated bill payment platform operated by NPCI Bharat BillPay Limited (“NBBL” – a wholly owned subsidiary of NPCI). Payments and Bill Payments services are collectively referred to in this policy as “WhatsApp Pay”.",0,low
S002036,WhatsApp,WhatsApp India Payments Privacy Policy,WhatsApp India Payments Privacy Policy.pdf,1,1,Policy,"We use all the information we have to operate, provide, improve, understand, customize, support, and market our services. PSP banks may also collect, use, and share information, as set forth in their privacy policies, in conjunction with helping to provide Payments to you.",0,low
S002037,WhatsApp,WhatsApp India Payments Privacy Policy,WhatsApp India Payments Privacy Policy.pdf,2,2,Policy,"By using WhatsApp Pay, you accept that the following terms and policies apply:  the WhatsApp Terms of Service;  the WhatsApp Privacy Policy;  the WhatsApp India Payments Terms of Service; and  this India Payments Privacy Policy.",0,low
S002038,WhatsApp,WhatsApp India Payments Privacy Policy,WhatsApp India Payments Privacy Policy.pdf,2,2,If there is any conflict between the India Payments Privacy Policy and the,"WhatsApp Privacy Policy, the India Payments Privacy Policy will control solely with respect to your use of WhatsApp Pay, and only to the extent of the conflict.",0,low
S002039,WhatsApp,WhatsApp India Payments Privacy Policy,WhatsApp India Payments Privacy Policy.pdf,2,2,Information We Collect,"To provide WhatsApp Pay, we may receive information described in the WhatsApp Privacy Policy, and the information specified below.",0,low
S002040,WhatsApp,WhatsApp India Payments Privacy Policy,WhatsApp India Payments Privacy Policy.pdf,2,2,Information We Collect,"Information You Provide  Registration and BHIM UPI PIN Setup Information. When you register to use Payments, you provide your bank's name and confirm the bank account for use with Payments. If you do not have a BHIM",0,low
S002041,WhatsApp,WhatsApp India Payments Privacy Policy,WhatsApp India Payments Privacy Policy.pdf,2,2,Information We Collect,"UPI PIN already for your bank account, you can set one using your partial debit card number, expiry date, PIN (if required by your bank), and bank-issued one-time password (OTP) to set up a BHIM UPI PIN. We do not retain Customer Payment Sensitive Data (partial debit card number, expiry date, PIN, OTP, or BHIM UPI PIN).",0,low
S002042,WhatsApp,WhatsApp India Payments Privacy Policy,WhatsApp India Payments Privacy Policy.pdf,2,2,Information We Collect,"WhatsApp India does not have access to the BHIM UPI PIN because it is encrypted by Common Library (CL) software provided by National Payments Corporation of India.  Payment Transaction Information. When you send, receive, or request payments, you provide or confirm information about your transaction, including the receiver’s name, phone number, BHIM UPI ID (virtual payment address), payment amount, and currency. To",1,medium
S002043,WhatsApp,WhatsApp India Payments Privacy Policy,WhatsApp India Payments Privacy Policy.pdf,3,3,Information We Collect,"authorize every payment you make, you need to use your BHIM UPI PIN. This payment transaction information is handled securely.",0,low
S002044,WhatsApp,WhatsApp India Payments Privacy Policy,WhatsApp India Payments Privacy Policy.pdf,3,3,Information We Collect,"WhatsApp messages sent with Payments are delivered once the transaction has processed and are treated as described in the WhatsApp Privacy Policy.  Bill Payments Information.When you decide to use Bill Payments, you may be required to provide your name, phone number, email address, date of birth, or government ID number, depending on the specific bill payment category. This information is required to fetch your bill and process the payment.",0,low
S002045,WhatsApp,WhatsApp India Payments Privacy Policy,WhatsApp India Payments Privacy Policy.pdf,3,3,Information We Collect,"Automatically Collected Information  Information About Your Use Of WhatsApp Pay. We collect information when you send, receive, or request a payment or when you register a biller, request a bill fetch, or make a bill payment. For example, we collect the date, time of the transaction, bill category, biller information, reference transaction number, and country. When the sender makes a payment to a WhatsApp contact, we collect account and transaction information, including the sender's and receiver's names and BHIM UPI IDs.  Information We Receive From Service Providers, PSP Banks, NPCI, and COU. o Service Providers. We work with and receive information from service providers, including WhatsApp Inc. and other Facebook Companies, to help us operate, provide, improve, understand, customize, support, and market WhatsApp Pay; provide customer support; and keep our system safe and secure. For example, we work with companies to assist with customer support, and we receive information from them that you provide over the phone or email. o PSP Banks and NPCI. We enable Payments by working with multiple PSP banks and the National Payments Corporation of",0,low
S002046,WhatsApp,WhatsApp India Payments Privacy Policy,WhatsApp India Payments Privacy Policy.pdf,4,4,Information We Collect,"India (""NPCI"") to facilitate the movement of funds between the sender's and receiver's bank accounts. They provide us information about you, your financial institution and accounts, and your Payments transactions. For example, we may receive information about you or your transactions from a PSP bank, including information to confirm your registration, the payment sender's or receiver's name, account information and status, balance sufficiency, transaction and account identifiers, risk or fraud alerts, and the like. BHIM UPI transaction information is stored in encrypted format. Please note that the PSP bank's or",1,medium
S002047,WhatsApp,WhatsApp India Payments Privacy Policy,WhatsApp India Payments Privacy Policy.pdf,4,4,Information We Collect,"NPCI's terms and privacy policies will govern your use of their services. o COU. We enable Bill Payments by working with the Customer Operating Unit (“COU”), banks and non bank payment aggregator or any other entity authorised as an “Operating Unit” who can participate in the BBPS as COUs. COU is a category of Operating Unit, and COUs are the entities responsible for providing customers with an interface to pay the bills either directly or through agent institution(s) via the BBPS platform. The COU provides us information based on the bill category you decide to pay. For example, if you decide to pay a utility bill, we will receive bill reference ID, the amount to be paid, and bill due date.",0,low
S002048,WhatsApp,WhatsApp India Payments Privacy Policy,WhatsApp India Payments Privacy Policy.pdf,4,4,How We Use Information,"We use all the information we have to operate, provide, improve, understand, customize, support, and market our services. This includes using the information to provide WhatsApp Pay and customer support; to protect you and others using WhatsApp Pay from fraud, abuse, or other misconduct; and to review your account activity to determine whether you continue to meet the WhatsApp Terms of Service and WhatsApp India Payments Terms of Service. WhatsApp India works with the other Facebook Companies, including Facebook Inc. (""Facebook"") and WhatsApp Inc., to provide WhatsApp Pay, including to send payment",0,low
S002049,WhatsApp,WhatsApp India Payments Privacy Policy,WhatsApp India Payments Privacy Policy.pdf,5,5,How We Use Information,"instructions to PSP banks for Payments. We also use the information to customize, market and improve Payments, including cross-selling, promotions, providing value-added services and other NPCI approved purposes, and in accordance with applicable law.",0,low
S002050,WhatsApp,WhatsApp India Payments Privacy Policy,WhatsApp India Payments Privacy Policy.pdf,5,5,How We Use Information,"For Bill Payments, we may also use your information to send you bill reminders, to personalise your Bill Payments experience (such as displaying relevant recharge plans or suggesting billers you may want to pay), and to improve Bill Payments, including through cross-selling, promotions, and value-added services. We will do so in accordance with applicable law, BBPS guidelines and NBBL approved purposes, and you can manage your reminder and personalisation preferences through your Bill Payments settings.",0,low
S002051,WhatsApp,WhatsApp India Payments Privacy Policy,WhatsApp India Payments Privacy Policy.pdf,5,5,Information You And We Share,"In addition to what is described in the WhatsApp Privacy Policy, you share your information when you use WhatsApp Pay, and we share your information in the following ways:  Payment Senders And Recipients. You and people with whom you send or receive Payments may store or reshare your BHIM UPI ID, name, or transaction information with others on or off Payments.  Service Providers. In conformance with our relationship with PSP banks, WhatsApp India works with service providers, including WhatsApp Inc. and other Facebook Companies, to provide WhatsApp Pay to you. We may share information collected under this",0,low
S002052,WhatsApp,WhatsApp India Payments Privacy Policy,WhatsApp India Payments Privacy Policy.pdf,5,5,Information You And We Share,"India Payments Privacy Policy with service providers to send payment instructions to PSP banks; maintain your transaction history; provide customer support; improve, understand, customize, support, and market Payments; and keep Payments safe and secure, including to detect, prevent, or otherwise address fraud, safety, security, abuse, or other misconduct. Facebook will have no access to encrypted BHIM UPI transaction information in clear format. When we share information with service providers, we require them to use",1,medium
S002053,WhatsApp,WhatsApp India Payments Privacy Policy,WhatsApp India Payments Privacy Policy.pdf,6,6,Information You And We Share,"your information on our behalf in accordance with our instructions, terms, and applicable law.  PSP Banks and NPCI. We share information with PSP banks and NPCI to help us operate Payments. The PSP banks and NPCI receive account information, including information to authenticate your account; transaction information, including payment amount and BHIM UPI IDs; country; transaction and account identifiers; information to detect, prevent, or otherwise address fraud, safety, security, abuse, or other misconduct; and customer support information. Please note that when you use PSP banks and NPCI services, their own terms and privacy policies will govern your use of those services.  Bill Payments information. We share information with the COU and payment aggregator to enable the Bill Payments feature on",0,low
S002054,WhatsApp,WhatsApp India Payments Privacy Policy,WhatsApp India Payments Privacy Policy.pdf,6,6,Information You And We Share,"WhatsApp, as this information is required to fetch your bill and process the payment.The COU and payment aggregator can receive your name, phone number, email address, date of birth, or government ID number, depending on the specific bill payment category as well as your IP address, device identifier, or other persistent identifier.  Compliance with Law. Notwithstanding anything to the contrary,",0,low
S002055,WhatsApp,WhatsApp India Payments Privacy Policy,WhatsApp India Payments Privacy Policy.pdf,6,6,Information You And We Share,"WhatsApp India may collect, preserve, use your UPI transaction information and Bill Payment information and also share with affiliates and respective authorities with due approvals only if so required to comply with applicable laws or regulation (including sanctions compliance).",0,low
S002056,WhatsApp,WhatsApp India Payments Privacy Policy,WhatsApp India Payments Privacy Policy.pdf,6,6,Managing and Deleting Your Information,"If you would like to manage, change, limit, or delete your WhatsApp Pay information, we allow you to do that through your Payments settings or by deleting your WhatsApp account.",0,low
S002057,WhatsApp,WhatsApp India Payments Privacy Policy,WhatsApp India Payments Privacy Policy.pdf,7,7,Managing and Deleting Your Information,"With your Payments settings, you may register additional bank account(s), deregister existing bank account(s) from your BHIM UPI ID, change the PSP bank, and clear your transaction history. When you delete your",0,low
S002058,WhatsApp,WhatsApp India Payments Privacy Policy,WhatsApp India Payments Privacy Policy.pdf,7,7,Managing and Deleting Your Information,"WhatsApp account, your bank account will be deregistered from your BHIM UPI ID automatically.",0,low
S002059,WhatsApp,WhatsApp India Payments Privacy Policy,WhatsApp India Payments Privacy Policy.pdf,7,7,Managing and Deleting Your Information,"For Bill Payments, you can remove a registered biller from your Bill Payments settings to stop future bill fetches and reminders for that biller.",0,low
S002060,WhatsApp,WhatsApp India Payments Privacy Policy,WhatsApp India Payments Privacy Policy.pdf,7,7,Payments Privacy Policy and give you the opportunity to review the revised,India Payments Privacy Policy before you choose to continue using WhatsApp Pay.,0,low
S002129,WhatsApp,WhatsApp Messaging Guidelines,WhatsApp Messaging Guidelines.pdf,1,1,WhatsApp Messaging Guidelines,"WhatsApp is a simple, secure and reliable way to send messages and make calls. No one, not even WhatsApp, can see your personal messages which are end-to-end encrypted by default. These Messaging Guidelines (these “Guidelines”) apply to 1:1 chats, calls, group chats, and communities. Status updates are also subject to these Guidelines.",1,medium
S002131,WhatsApp,WhatsApp Messaging Guidelines,WhatsApp Messaging Guidelines.pdf,1,1,WhatsApp Messaging Guidelines,"WhatsApp may take action against violations of our Terms of Service or these Guidelines, based on the limited information available to WhatsApp, including basic account, group, and community profile information, as well as messages reported by other users. Your personal messages and calls are always protected by end-to-end encryption.  Do not share illegal content or engage in illegal activity This includes content that sexually exploits or endangers children (including child sexual abuse material) or that supports designated terrorist organizations or individuals. Do not share intellectual property you do not have a right to use. Do not organize or coordinate violent crimes, violence against others, human trafficking, or trade in illicit drugs.  Do not engage in adversarial behavior. This includes efforts to undermine WhatsApp integrity systems, abuse reporting tools, compromise user accounts, scrape data, or use unofficial clients, bulk messaging, auto-messaging, auto-dialing, or automation to harm WhatsApp or our users.",2,medium
S002138,WhatsApp,WhatsApp Messaging Guidelines,WhatsApp Messaging Guidelines.pdf,2,2,Human Review Teams,"When an account, group or community requires further review, our automated systems send it to a human review team to make the final decision. Our human review teams are located across the globe, receive indepth training, and often specialize in certain policy areas and regions, and are able to review account information and reported messages. Personal messages are protected by end-to-end encryption. Our automated systems learn and improve from each decision.",1,medium
S002139,WhatsApp,WhatsApp Messaging Guidelines,WhatsApp Messaging Guidelines.pdf,3,3,"When governments believe accounts, groups, or communities on","WhatsApp violate local law, they may request that we review the account information available to us. Personal messages and calls are always protected by end-to-end encryption. We may also receive court orders to restrict WhatsApp accounts. We always assess the legitimacy and completeness of a government request before taking any action.",2,medium
S002140,WhatsApp,WhatsApp Messaging Guidelines,WhatsApp Messaging Guidelines.pdf,3,3,Actions We May Take,"When we become aware of illegal content or a violation of our terms and policies, we may take action, including the following, and depending on the nature of the content or violation:  Warning users of violations of these Guidelines  Temporarily or permanently suspending an account on our service  Preventing further activity in groups and/or communities [more info here]  Removing violating account or group profile information from our servers  Revoking or blocking use of a group or community’s invite link, and/or  Reporting child sexual abuse material to NCMEC and/or competent authorities",1,medium
S002153,WhatsApp,WhatsApp_TermsOfService_India,WhatsApp_TermsOfService_India.pdf,3,3,About Our Services,"Services and your other contacts. Learn more about our contact upload feature here. Age. You must be at least 13 years old to register for and use our Services on your own (or such greater age required in your country or territory). If you are under this age, your parent or guardian can create a parentmanaged account for you if it is available in your country or territory. If you are creating a parent-managed account, please read these Terms with your child and ensure that you both understand them. Devices And Software. You must provide certain devices, software, and data connections to use our Services, which we otherwise do not supply. In order to use our Services, you consent to manually or automatically download and install updates to our Services. You also consent to our sending you notifications via our Services from time to time, as necessary to provide our Services to you. Fees And Taxes. You are responsible for all carrier data plans, Internet fees, and other fees and taxes associated with your use of our Services.",3,high
S002156,WhatsApp,WhatsApp_TermsOfService_India,WhatsApp_TermsOfService_India.pdf,4,4,About Our Services,"others in using) our Services in ways that: (a) violate, misappropriate, or infringe the rights of WhatsApp, our users, or others, including privacy, publicity, intellectual property, or other proprietary rights; (b) are illegal, obscene, defamatory, threatening, intimidating, harassing, hateful, racially or ethnically offensive, or instigate or encourage conduct that would be illegal or otherwise inappropriate, such as promoting violent crimes, endangering or exploiting children or others, or coordinating harm; (c) involve publishing falsehoods, misrepresentations, or misleading statements; (d) impersonate someone; (e) involve sending illegal or impermissible communications such as bulk messaging, auto-messaging, auto-dialing, and the like; or (f) involve any non-personal use of our Services unless otherwise authorized by us. Harm To WhatsApp Or Our Users.",1,medium
S002158,WhatsApp,WhatsApp_TermsOfService_India,WhatsApp_TermsOfService_India.pdf,5,5,About Our Services,"Keeping Your Account Secure. You are responsible for keeping your device and your WhatsApp account safe and secure, and you must notify us promptly of any unauthorized use or security breach of your account or our Services.",2,medium
S002170,WhatsApp,WhatsApp_TermsOfService_India,WhatsApp_TermsOfService_India.pdf,7,7,"AFFILIATES, AND OUR AND THEIR DIRECTORS, OFFICERS,","EMPLOYEES, PARTNERS, AND AGENTS (TOGETHER, THE “WHATSAPP PARTIES”) FROM ANY CLAIM, COMPLAINT, CAUSE OF",1,medium
S002194,WhatsApp,WhatsApp_TermsOfService_India,WhatsApp_TermsOfService_India.pdf,10,10,Other,"Services are governed by separate terms (where, as applicable, you may separately consent).",1,medium
S002200,WhatsApp,WhatsApp_TermsOfService_India,WhatsApp_TermsOfService_India.pdf,11,11,Other,Any amendment to or waiver proposed by you of our Terms requires our express consent.,1,medium
S002203,WhatsApp,WhatsApp_TermsOfService_India,WhatsApp_TermsOfService_India.pdf,12,12,Other,• You will not transfer any of your rights or obligations under our Terms to anyone else without our prior written consent. Children on parentmanaged accounts are permitted to manage their own account when they reach 13 (or the minimum age required in their country or territory).,3,high
S002204,WhatsApp,WhatsApp_TermsOfService_India,WhatsApp_TermsOfService_India.pdf,12,12,Other,• If you created a parent-managed account for a user under 13 (or the minimum age required in your country) and allow them to use our,1,medium
S002205,WhatsApp,WhatsApp_TermsOfService_India,WhatsApp_TermsOfService_India.pdf,12,12,Other,"Services, you are subject to these Terms and responsible for your child’s activity on our Services.",1,medium
S002224,WhatsApp,WhatsappBusinessTermsOfService,WhatsappBusinessTermsOfService.pdf,2,2,"Business Messaging Policy, the WhatsApp Messaging","• You may only contact people on WhatsApp if: (a) they have given you their mobile phone number; and (b) you have received opt-in permission from the recipient confirming that they wish to receive subsequent messages or calls from you. o You are solely responsible for determining the method of optin, that you have obtained opt-in in a manner that complies with laws applicable to your communications, and that you have otherwise provided notices and obtained permissions that are required under applicable law. To help ensure a strong user experience, review the best practices suggested below.",1,medium
S002225,WhatsApp,WhatsappBusinessTermsOfService,WhatsappBusinessTermsOfService.pdf,2,2,"Business Messaging Policy, the WhatsApp Messaging","• You must respect all requests (either on or off WhatsApp) by a person to block, discontinue, or otherwise opt out of communications from you via WhatsApp, including removing that person from your contacts list. Do not confuse, deceive, defraud, mislead, spam, or surprise people with your communications.",2,medium
S002233,WhatsApp,WhatsappBusinessTermsOfService,WhatsappBusinessTermsOfService.pdf,3,3,3. Protect Data and Comply with Law,"• You are responsible for and must secure all necessary notices, permissions, and consents to collect, use, and share people’s content and information, including maintaining a published privacy policy, and otherwise complying with applicable law.",2,medium
S002254,WhatsApp,WhatsappBusinessTermsOfService,WhatsappBusinessTermsOfService.pdf,5,5,Verticals,"• You must ensure – through technical and organizational measures – that messages are gated per legal age, geographic requirements, and regulatory requirements.",2,medium
S002260,WhatsApp,WhatsappBusinessTermsOfService,WhatsappBusinessTermsOfService.pdf,5,5,Verticals,• Messaging about any Regulated Vertical using the WhatsApp Business Platform may not be sent to people under 18 years of age.,2,medium
S002278,WhatsApp,WhatsappBusinessTermsOfService,WhatsappBusinessTermsOfService.pdf,7,7,7. Enforcement and Updates,"• WhatsApp may update this WhatsApp Business Messaging Policy (“Change”) without notice (unless such notice is required by law); by continuing to use the WhatsApp Business Services after such Change, you consent to such Change.",1,medium
S002281,WhatsApp,WhatsappBusinessTermsOfService,WhatsappBusinessTermsOfService.pdf,7,7,7. Enforcement and Updates,"• WhatsApp may use both technology and human review teams to detect and review reported messages and unencrypted account, group, and business profile information for potential violations.",1,medium
S002284,WhatsApp,WhatsappBusinessTermsOfService,WhatsappBusinessTermsOfService.pdf,8,8,Best Practices,"Best Practices for Opt-In Users should expect the messages and calls they receive. You can set this expectation by: • Obtaining an opt-in that encompasses the different categories of messages that you will send (ex: order updates, relevant offers, product recommendations, etc.)",1,medium
S002286,WhatsApp,WhatsappBusinessTermsOfService,WhatsappBusinessTermsOfService.pdf,8,8,Best Practices,• Obtaining a separate opt-in to initiate a call to a user.,1,medium
S002287,WhatsApp,WhatsappBusinessTermsOfService,WhatsappBusinessTermsOfService.pdf,8,8,Best Practices,• Obtaining separate opt-in by specific message category. o This mitigates the risk that users will block your business because they receive unsolicited messages.,1,medium
S002288,WhatsApp,WhatsappBusinessTermsOfService,WhatsappBusinessTermsOfService.pdf,8,8,Best Practices,"• Provide clear instructions for how people can opt out of receiving specific categories of messages or calls, and honor these requests.",1,medium
S002289,WhatsApp,WhatsappBusinessTermsOfService,WhatsappBusinessTermsOfService.pdf,8,8,Best Practices,• Ensure your opt-in and opt-out flows are clear and intuitive for users.,1,medium
S002290,WhatsApp,WhatsappBusinessTermsOfService,WhatsappBusinessTermsOfService.pdf,8,8,Best Practices,"• Clearly communicate the value of receiving this information. We may also reactively evaluate a business’ opt-in flows, including review of user feedback, to flag policy violations and develop additional types of enforcement over time. Learn more about opt-in.",1,medium
S002310,WhatsApp,WhatsappCookies,WhatsappCookies.pdf,1,1,About cookies,"Cookies and other technologies are used to store and receive information (including identifiers) on or from computers, mobile phones and other devices. In this policy, we refer to cookies and these other technologies as “cookies”.",0,low
S002311,WhatsApp,WhatsappCookies,WhatsappCookies.pdf,1,1,What does this policy cover,"This policy explains how we use cookies and the choices you have, when you use our web-based Services, our website or our optional features on our Services such as Status and Channels. The Privacy Policy and any supplemental policy which is relevant to your use of our Services applies to our processing of the information we collect through cookies.",0,low
S002312,WhatsApp,WhatsappCookies,WhatsappCookies.pdf,1,1,How we use cookies,"We use cookies to understand, secure, operate, personalise and provide our Services. For example:  Site features and services. We use cookies to provide WhatsApp for web and desktop and other Services that are web-based. For example, we use the wa_lang_pref cookie to remember your choices, such as your language preferences on the website.  Analytics. We use cookies to understand how our website is being used in order to rank the FAQs on our website based on popularity, understand mobile versus desktop users of our web-based Services, or understand popularity and effectiveness of certain of our web pages. For example, we use the wa_ul cookie to count visitors to FAQs so we can rank the FAQs based on popularity.  Security. We use cookies to protect the WhatsApp website. For example, we use the wa_csrf cookie to prevent attacks from bad actors.",0,low
S002313,WhatsApp,WhatsappCookies,WhatsappCookies.pdf,2,2,How we use cookies," Advertising. We use cookies when you use Status and Channels, which are optional, to help show you ads and measure how they perform. For example, we use a unique user identifier that allows us to display the ad correctly to users.",0,low
S002314,WhatsApp,WhatsappCookies,WhatsappCookies.pdf,2,2,How to control cookies,"You can follow the instructions provided by your browser or device (usually located under ""Settings"" or ""Preferences"") to modify your cookie settings.",0,low
S002315,WhatsApp,WhatsappCookies,WhatsappCookies.pdf,2,2,How to control cookies,"Your browser or device may offer settings that allow you to choose whether browser cookies are set and to delete them. These controls vary by browser, and manufacturers may change both the settings they make available and how they work at any time. Additional information about the controls offered by popular browsers can be found at the links below.",0,low
S002316,WhatsApp,WhatsappCookies,WhatsappCookies.pdf,2,2,How to control cookies,Certain parts of WhatsApp Products may not work properly if you have disabled browser cookies.  Google Chrome  Internet Explorer  Firefox  Safari  Safari Mobile  Opera,0,low
S002317,WhatsApp,WhatsappCookies,WhatsappCookies.pdf,2,2,How to control cookies,You can make choices about the information used to show you ads in your Ads preferences. The https://www.whatsapp.com website exclusively uses First-Party cookies.,0,low
S002318,WhatsApp,WhatsAppPrivacyPolicy,WhatsAppPrivacyPolicy.pdf,1,1,,"WhatsApp Legal Info Our Privacy Policy (""Privacy Policy"") helps explain our data practices, including the information we process to provide our Services.",0,low
S002319,WhatsApp,WhatsAppPrivacyPolicy,WhatsAppPrivacyPolicy.pdf,1,1,,"For example, our Privacy Policy talks about what information we collect and how this affects you. It also explains the steps we take to protect your privacy, like building our Services so delivered messages aren’t stored by us and giving you control over who you communicate with on our Services. We are one of the Meta Companies. You can learn more further below in this Privacy Policy about the ways in which we share information across this family of companies. This Privacy Policy applies to all of our Services unless specified otherwise. Please also read WhatsApp’s Terms of Service (""Terms""), which describe the terms under which you use and we provide our Services.",0,low
S002320,WhatsApp,WhatsAppPrivacyPolicy,WhatsAppPrivacyPolicy.pdf,1,1,,"Key Updates Respect for your privacy is coded into our DNA. Since we started WhatsApp, we’ve built our services with a set of strong privacy principles in mind. In our updated Terms of Service and Privacy Policy you’ll find:  Additional Information On How We Handle Your Data. Our updated Terms and Privacy Policy provide more information on how we process your data, and our commitment to privacy. For example, we’ve added more information about more recent product features and functionalities, how we process your data for safety, security, and integrity, and added more direct links to user settings, Help Center articles and how you can manage your information.  Better Communication With Businesses. Many businesses rely on WhatsApp to communicate with their customers and clients. We work with businesses that use Meta or third parties to help store and better manage their communications with you on WhatsApp.",0,low
S002321,WhatsApp,WhatsAppPrivacyPolicy,WhatsAppPrivacyPolicy.pdf,2,2,," Making It Easier To Connect. As part of the Meta Companies,",0,low
S002322,WhatsApp,WhatsAppPrivacyPolicy,WhatsAppPrivacyPolicy.pdf,2,2,,WhatsApp partners with Meta to offer experiences and integrations across Meta’s family of apps and products.,0,low
S002323,WhatsApp,WhatsAppPrivacyPolicy,WhatsAppPrivacyPolicy.pdf,2,2,Information We Collect,"WhatsApp must receive or collect some information to operate, provide, improve, understand, customize, support, and market our Services, including when you install, access, or use our Services.",0,low
S002324,WhatsApp,WhatsAppPrivacyPolicy,WhatsAppPrivacyPolicy.pdf,2,2,Information We Collect,"The types of information we receive and collect depend on how you use our Services. We require certain information to deliver our Services and without this we will not be able to provide our Services to you. For example, you must provide your mobile phone number to create an account to use our Services.",0,low
S002325,WhatsApp,WhatsAppPrivacyPolicy,WhatsAppPrivacyPolicy.pdf,2,2,Information We Collect,"Our Services have optional features which, if used by you, require us to collect additional information to provide such features. You will be notified of such collection, as appropriate. If you choose not to provide the information needed to use a feature, you will be unable to use the feature.",0,low
S002326,WhatsApp,WhatsAppPrivacyPolicy,WhatsAppPrivacyPolicy.pdf,2,2,Information We Collect,"For example, you cannot share your location with your contacts if you do not permit us to collect your location data from your device. Permissions can be managed through your Settings menu on both Android and iOS devices.",0,low
S002327,WhatsApp,WhatsAppPrivacyPolicy,WhatsAppPrivacyPolicy.pdf,2,2,Information We Collect,"Information You Provide  Your Account Information. You must provide your mobile phone number and basic information (including a profile name of your choice) to create a WhatsApp account. If you don’t provide us with this information, you will not be able to create an account to use our Services. You can add other information to your account, such as a profile picture and ""about"" information.  Your Messages. We do not retain your messages in the ordinary course of providing our Services to you. Instead, your messages are stored on your device and not typically stored on our servers. Once your messages are delivered, they are deleted from our servers. The following scenarios describe circumstances where we may store your messages in the course of delivering them: o Undelivered Messages. If a message cannot be delivered immediately (for example, if the recipient is offline), we keep it in encrypted form on our servers for up to 30 days as we try to deliver it. If a message is still undelivered after 30 days, we delete it. o Media Forwarding. When a user forwards media within a message, we store that media temporarily in encrypted form on our servers to aid in more efficient delivery of additional forwards.",2,medium
S002329,WhatsApp,WhatsAppPrivacyPolicy,WhatsAppPrivacyPolicy.pdf,3,3,Information We Collect,"We offer end-to-end encryption for our Services. End-to-end encryption means that your messages are encrypted to protect against us and third parties from reading them. Learn more about end-to-end encryption and how businesses communicate with you on WhatsApp.  Your Connections. You can use the contact upload feature and provide us, if permitted by applicable laws, with the phone numbers in your address book on a regular basis, including those of users of our Services and your other contacts. If any of your contacts aren’t yet using our Services, we’ll manage this information for you in a way that ensures those contacts cannot be identified by us. Learn more about our contact upload feature here. You can create, join, or get added to groups and broadcast lists, and such groups and lists get associated with your account information. You give your groups a name. You can provide a group profile picture or description.  Status Information. You may provide us your status if you choose to include one on your account. Learn how to use status on Android, iPhone, or KaiOS.  Transactions And Payments Data. If you use our payments services, or use our Services meant for purchases or other financial transactions, we process additional information about you, including payment account and transaction information.",1,medium
S002330,WhatsApp,WhatsAppPrivacyPolicy,WhatsAppPrivacyPolicy.pdf,3,3,Information We Collect,Payment account and transaction information includes information needed to complete the,0,low
S002331,WhatsApp,WhatsAppPrivacyPolicy,WhatsAppPrivacyPolicy.pdf,4,4,Information We Collect,"transaction (for example, information about your payment method, shipping details and transaction amount). If you use our payments services available in your country or territory, our privacy practices are described in the applicable payments privacy policy.  Customer Support And Other Communications. When you contact us for customer support or otherwise communicate with us, you may provide us with information related to your use of our",0,low
S002332,WhatsApp,WhatsAppPrivacyPolicy,WhatsAppPrivacyPolicy.pdf,4,4,Information We Collect,"Services, including copies of your messages, any other information you deem helpful, and how to contact you (e.g., an email address).",0,low
S002333,WhatsApp,WhatsAppPrivacyPolicy,WhatsAppPrivacyPolicy.pdf,4,4,Information We Collect,"For example, you may send us an email with information relating to app performance or other issues.",0,low
S002334,WhatsApp,WhatsAppPrivacyPolicy,WhatsAppPrivacyPolicy.pdf,4,4,Information We Collect,"Automatically Collected Information  Usage And Log Information. We collect information about your activity on our Services, like service-related, diagnostic, and performance information. This includes information about your activity (including how you use our Services, your Services settings, how you interact with others using our Services (including when you interact with a business), and the time, frequency, and duration of your activities and interactions), log files, and diagnostic, crash, website, and performance logs and reports. This also includes information about when you registered to use our Services; the features you use like our messaging, calling, Status, groups (including group name, group picture, group description), payments or business features; profile photo, ""about"" information; whether you are online, when you last used our Services (your ""last seen""); and when you last updated your ""about"" information.  Device And Connection Information. We collect device and connection-specific information when you install, access, or use our Services. This includes information such as hardware model, operating system information, battery level, signal strength, app version, browser information, mobile network, connection information (including phone number, mobile operator or ISP), language and time",0,low
S002335,WhatsApp,WhatsAppPrivacyPolicy,WhatsAppPrivacyPolicy.pdf,5,5,Information We Collect,"zone, IP address, device operations information, and identifiers (including identifiers unique to Meta Company Products associated with the same device or account).  Location Information. We collect and use precise location information from your device with your permission when you choose to use location-related features, like when you decide to share your location with your contacts or view locations nearby or locations others have shared with you. There are certain settings relating to location-related information which you can find in your device settings or the in-app settings, such as location sharing. Even if you do not use our location-related features, we use IP addresses and other information like phone number area codes to estimate your general location (e.g., city and country). We also use your location information for diagnostics and troubleshooting purposes.  Cookies. We use cookies to operate and provide our Services, including to provide our Services that are web-based, improve your experiences, understand how our Services are being used, and customize them. For example, we use cookies to provide our Services for web and desktop and other web-based services. We may also use cookies to understand which of our Help Center articles are most popular and to show you relevant content related to our Services.",0,low
S002336,WhatsApp,WhatsAppPrivacyPolicy,WhatsAppPrivacyPolicy.pdf,5,5,Information We Collect,"Additionally, we may use cookies to remember your choices, like your language preferences, to provide a safer experience, and otherwise to customize our Services for you. Learn more about how we use cookies to provide you our Services.",0,low
S002337,WhatsApp,WhatsAppPrivacyPolicy,WhatsAppPrivacyPolicy.pdf,5,5,Information We Collect,"Third-Party Information  Information Others Provide About You. We receive information about you from other users. For example, when other users you know use our Services, they may provide your phone number, name, and other information (like information from their mobile address book) just as you may provide theirs. They may also send you messages, send messages to groups to which you belong, or call",0,low
S002338,WhatsApp,WhatsAppPrivacyPolicy,WhatsAppPrivacyPolicy.pdf,6,6,Information We Collect,"you. We require each of these users to have lawful rights to collect, use, and share your information before providing any information to us.",0,low
S002339,WhatsApp,WhatsAppPrivacyPolicy,WhatsAppPrivacyPolicy.pdf,6,6,Information We Collect,"You should keep in mind that in general any user can capture screenshots of your chats or messages or make recordings of your calls with them and send them to WhatsApp or anyone else, or post them on another platform.  User Reports. Just as you can report other users, other users or third parties may also choose to report to us your interactions and your messages with them or others on our Services; for example, to report possible violations of our Terms or policies. When a report is made, we collect information on both the reporting user and reported user. To find out more about what happens when a user report is made, please see Advanced Safety and Security Features.  Businesses On WhatsApp. Businesses you interact with using our",0,low
S002340,WhatsApp,WhatsAppPrivacyPolicy,WhatsAppPrivacyPolicy.pdf,6,6,Information We Collect,Services may provide us with information about their interactions with you. We require each of these businesses to act in accordance with applicable law when providing any information to us.,0,low
S002341,WhatsApp,WhatsAppPrivacyPolicy,WhatsAppPrivacyPolicy.pdf,6,6,Information We Collect,"When you message with a business on WhatsApp, keep in mind that the content you share may be visible to several people in that business. In addition, some businesses might be working with thirdparty service providers (which may include Meta) to help manage their communications with their customers. For example, a business may give such third-party service provider access to its communications to send, store, read, manage, or otherwise process them for the business. To understand how a business processes your information, including how it might share your information with third parties or Meta, you should review that business’ privacy policy or contact the business directly.  Third-Party Service Providers. We work with third-party service providers and other Meta Companies to help us operate, provide, improve, understand, customize, support, and market our Services. For example, we work with them to distribute our apps; provide our",0,low
S002342,WhatsApp,WhatsAppPrivacyPolicy,WhatsAppPrivacyPolicy.pdf,7,7,Information We Collect,"technical and physical infrastructure, delivery, and other systems; provide engineering support, cybersecurity support, and operational support; supply location, map, and places information; process payments; help us understand how people use our Services; market our Services; help you connect with businesses using our Services; conduct surveys and research for us; ensure safety, security, and integrity; and help with customer service. These companies may provide us with information about you in certain circumstances; for example, app stores may provide us with reports to help us diagnose and fix service issues. The ""How We Work With Other Meta Companies"" section below provides more information about how WhatsApp collects and shares information with the other Meta Companies.  Third-Party Services. We allow you to use our Services in connection with third-party services and Meta Company Products. If you use our Services with such third-party services or Meta",0,low
S002343,WhatsApp,WhatsAppPrivacyPolicy,WhatsAppPrivacyPolicy.pdf,7,7,Information We Collect,"Company Products, we may receive information about you from them; for example, if you use the WhatsApp share button on a news service to share a news article with your WhatsApp contacts, groups, or broadcast lists on our Services, or if you choose to access our Services through a mobile carrier’s or device provider’s promotion of our Services. Please note that when you use third-party services or Meta Company Products, their own terms and privacy policies will govern your use of those services and products.",0,low
S002344,WhatsApp,WhatsAppPrivacyPolicy,WhatsAppPrivacyPolicy.pdf,7,7,How We Use Information,"We use information we have (subject to choices you make and applicable law) to operate, provide, improve, understand, customize, support, and market our Services. Here's how:  Our Services. We use information we have to operate and provide our Services, including providing customer support; completing purchases or transactions; improving, fixing, and customizing our Services; and connecting our Services with Meta Company Products that you may use. We also use information we have to",0,low
S002345,WhatsApp,WhatsAppPrivacyPolicy,WhatsAppPrivacyPolicy.pdf,8,8,How We Use Information,"understand how people use our Services; evaluate and improve our Services; research, develop, and test new services and features; and conduct troubleshooting activities. We also use your information to respond to you when you contact us.  Safety, Security, And Integrity. Safety, security, and integrity are an integral part of our Services. We use information we have to verify accounts and activity; combat harmful conduct; protect users against bad experiences and spam; and promote safety, security, and integrity on and off our Services, such as by investigating suspicious activity or violations of our Terms and policies, and to ensure our Services are being used legally. Please see the Law, Our Rights and Protection section below for more information.  Communications About Our Services And The Meta Companies.",0,low
S002346,WhatsApp,WhatsAppPrivacyPolicy,WhatsAppPrivacyPolicy.pdf,8,8,We use information we have to communicate with you about our,"Services and let you know about our terms, policies, and other important updates. We may provide you marketing for our Services and those of the Meta Companies.  No Third-Party Banner Ads. We still do not allow third-party banner ads on our Services. We have no intention to introduce them, but you may see other types of ads in Status and Channels.  Business Interactions. We enable you and third parties, like businesses, to communicate and interact with each other using our",0,low
S002347,WhatsApp,WhatsAppPrivacyPolicy,WhatsAppPrivacyPolicy.pdf,8,8,We use information we have to communicate with you about our,"Services, such as Catalogs for businesses on WhatsApp through which you can browse products and services and place orders.",0,low
S002348,WhatsApp,WhatsAppPrivacyPolicy,WhatsAppPrivacyPolicy.pdf,8,8,We use information we have to communicate with you about our,"Businesses may send you transaction, appointment, and shipping notifications; product and service updates; and marketing. For example, you may receive flight status information for upcoming travel, a receipt for something you purchased, or a notification when a delivery will be made. Messages you receive from a business could include an offer for something that might interest you. We do not want you to have a spammy experience; as with all of your messages, you can manage these communications, and we will honor the choices you make.",0,low
S002349,WhatsApp,WhatsAppPrivacyPolicy,WhatsAppPrivacyPolicy.pdf,9,9,You share your information as you use and communicate through our,"Services, and we share your information to help us operate, provide, improve, understand, customize, support, and market our Services.  Send Your Information To Those With Whom You Choose To Communicate. You share your information (including messages) as you use and communicate through our Services.  Information Associated With Your Account. Your phone number, profile name and photo, ""about"" information, last seen information, and message receipts are available to anyone who uses our",0,low
S002350,WhatsApp,WhatsAppPrivacyPolicy,WhatsAppPrivacyPolicy.pdf,9,9,You share your information as you use and communicate through our,"Services, although you can configure your Services settings to manage certain information available to other users, including businesses, with whom you communicate.  Your Contacts And Others. Users, including businesses, with whom you communicate can store or reshare your information (including your phone number or messages) with others on and off our Services. You can use your Services settings and the “block” feature in our Services to manage who you communicate with on our Services and certain information you share.  Businesses On WhatsApp. We offer specific services to businesses such as providing them with metrics regarding their use of our Services.  Third-Party Service Providers. We work with third-party service providers and other Meta Companies to help us operate, provide, improve, understand, customize, support, and market our Services.",0,low
S002351,WhatsApp,WhatsAppPrivacyPolicy,WhatsAppPrivacyPolicy.pdf,9,9,You share your information as you use and communicate through our,"We work with these companies to support our Services, such as to provide technical infrastructure, delivery and other systems; market our Services; conduct surveys and research for us; protect the safety, security, and integrity of users and others; and assist with customer service. When we share information with third-party service providers and other Meta Companies in this capacity, we require them to use",0,low
S002352,WhatsApp,WhatsAppPrivacyPolicy,WhatsAppPrivacyPolicy.pdf,10,10,You share your information as you use and communicate through our,your information on our behalf in accordance with our instructions and terms.  Third-Party Services. When you or others use third-party services or other Meta Company Products that are integrated with our,0,low
S002353,WhatsApp,WhatsAppPrivacyPolicy,WhatsAppPrivacyPolicy.pdf,10,10,You share your information as you use and communicate through our,"Services, those third-party services may receive information about what you or others share with them. For example, if you use a data backup service integrated with our Services (like iCloud or Google",0,low
S002354,WhatsApp,WhatsAppPrivacyPolicy,WhatsAppPrivacyPolicy.pdf,10,10,You share your information as you use and communicate through our,"Account), they will receive information you share with them, such as your WhatsApp messages. If you interact with a third-party service or another Meta Company Product linked through our Services, such as when you use the in-app player to play content from a third-party platform, information about you, like your IP address and the fact that you are a WhatsApp user, may be provided to such third party or Meta Company Product. Please note that when you use thirdparty services or other Meta Company Products, their own terms and privacy policies will govern your use of those services and products.",0,low
S002355,WhatsApp,WhatsAppPrivacyPolicy,WhatsAppPrivacyPolicy.pdf,10,10,How We Work With Other Meta Companies,"As part of the Meta Companies, WhatsApp receives information from, and shares information (see here) with, the other Meta Companies. We may use the information we receive from them, and they may use the information we share with them, to help operate, provide, improve, understand, customize, support, and market our Services and their offerings, including the Meta Company Products. This includes:  helping improve infrastructure and delivery systems;  understanding how our Services or theirs are used;  promoting safety, security, and integrity across the Meta Company Products, e.g., securing systems and fighting spam, threats, abuse, or infringement activities;  improving their services and your experiences using them, such as making suggestions for you (for example, of friends or group",0,low
S002356,WhatsApp,WhatsAppPrivacyPolicy,WhatsAppPrivacyPolicy.pdf,11,11,How We Work With Other Meta Companies,"connections, or of interesting content), personalizing features and content, helping you complete purchases and transactions, and showing relevant offers and ads across the Meta Company Products; and  providing integrations which enable you to connect your WhatsApp experiences with other Meta Company Products. For example, allowing you to connect your Facebook Pay account to pay for things on WhatsApp or enabling you to chat with your friends on other Meta",0,low
S002357,WhatsApp,WhatsAppPrivacyPolicy,WhatsAppPrivacyPolicy.pdf,11,11,How We Work With Other Meta Companies,"Company Products, such as Portal, by connecting your WhatsApp account.",0,low
S002358,WhatsApp,WhatsAppPrivacyPolicy,WhatsAppPrivacyPolicy.pdf,11,11,How We Work With Other Meta Companies,"If you live in India, this chart describes the categories of information we share. It also explains how and why we share this information.",0,low
S002359,WhatsApp,WhatsAppPrivacyPolicy,WhatsAppPrivacyPolicy.pdf,11,11,How We Work With Other Meta Companies,Learn more about the other Meta Companies and their privacy practices by reviewing their privacy policies.,0,low
S002361,WhatsApp,WhatsAppPrivacyPolicy,WhatsAppPrivacyPolicy.pdf,11,11,Managing And Retaining Your Information,"You can access or port your information using our in-app Request Account Info feature (available under Settings > Account). For iPhone users, you can learn how to access, manage, and delete your information through our iPhone Help Center articles. For Android users, you can learn how to access, manage, and delete your information through our Android Help Center articles.",1,medium
S002362,WhatsApp,WhatsAppPrivacyPolicy,WhatsAppPrivacyPolicy.pdf,11,11,Managing And Retaining Your Information,"We store information for as long as necessary for the purposes identified in this Privacy Policy, including to provide our Services or for other legitimate purposes, such as complying with legal obligations, enforcing and preventing violations of our Terms, or protecting or defending our rights,",0,low
S002363,WhatsApp,WhatsAppPrivacyPolicy,WhatsAppPrivacyPolicy.pdf,12,12,Managing And Retaining Your Information,"property, and users. The storage periods are determined on a case-bycase basis that depends on factors like the nature of the information, why it is collected and processed, relevant legal or operational retention needs, and legal obligations.",0,low
S002364,WhatsApp,WhatsAppPrivacyPolicy,WhatsAppPrivacyPolicy.pdf,12,12,Managing And Retaining Your Information,"If you would like to further manage, change, limit, or delete your information, you can do that through the following tools:  Services Settings. You can change your Services settings to manage certain information available to other users. You can manage your contacts, groups, and broadcast lists, or use our “block” feature to manage the users with whom you communicate.  Changing Your Mobile Phone Number, Profile Name And Picture, And “About” Information. If you change your mobile phone number, you must update it using our in-app change number feature and transfer your account to your new mobile phone number. You can also change your profile name, profile picture, and ""about"" information at any time.  Deleting Your WhatsApp Account. You can delete your WhatsApp account at any time (including if you want to revoke your consent to our use of your information pursuant to applicable law) using our inapp delete my account feature. When you delete your WhatsApp account, your undelivered messages are deleted from our servers as well as any of your other information we no longer need to operate and provide our Services. Deleting your account will, for example, delete your account info and profile photo, delete you from all WhatsApp groups, and delete your WhatsApp message history.",3,high
S002365,WhatsApp,WhatsAppPrivacyPolicy,WhatsAppPrivacyPolicy.pdf,12,12,Managing And Retaining Your Information,"Be mindful that if you only delete WhatsApp from your device without using our in-app delete my account feature, your information will be stored with us for a longer period. Please remember that when you delete your account, it does not affect your information related to the groups you created or the information other users have relating to you, such as their copy of the messages you sent them.",0,low
S002367,WhatsApp,WhatsAppPrivacyPolicy,WhatsAppPrivacyPolicy.pdf,13,13,"Law, Our Rights, And Protection","We access, preserve, and share your information described in the ""Information We Collect"" section of this Privacy Policy above if we have a good-faith belief that it is necessary to: (a) respond pursuant to applicable law or regulations, legal process, or government requests; (b) enforce our",0,low
S002368,WhatsApp,WhatsAppPrivacyPolicy,WhatsAppPrivacyPolicy.pdf,13,13,"Law, Our Rights, And Protection","Terms and any other applicable terms and policies, including for investigations of potential violations; (c) detect, investigate, prevent, or address fraud and other illegal activity or security, and technical issues; or",0,low
S002369,WhatsApp,WhatsAppPrivacyPolicy,WhatsAppPrivacyPolicy.pdf,13,13,"Law, Our Rights, And Protection","(d) protect the rights, property, and safety of our users, WhatsApp, the other Meta Companies, or others, including to prevent death or imminent bodily harm.",0,low
S002370,Youtube,Child safety policy,Child safety policy.docx,1,1,Child safety policy,"YouTube does not allow unauthorised impersonation of a person, entity or channel that may mislead viewers in a way that could harm the YouTube community. Impersonation may include deceptively copying the branding, content or usernames of individuals, channels or entities. It may also include using AI to copy the voice or likeness of an individual, to make it appear as if the channel is owned or authorised by that individual. YouTube also enforces trademark holder rights.",1,medium
S002371,Youtube,Child safety policy,Child safety policy.docx,1,1,Child safety policy,"Update: Content that targets young minors and families but contains sexual themes, violence, or obscene or other mature themes that are not suitable for young audiences is not allowed on YouTube. In addition to your titles, descriptions and tags, ensure that your audience selection matches the audience that your content is suitable for.",1,medium
S002372,Youtube,Child safety policy,Child safety policy.docx,1,1,Child safety policy,YouTube doesn't allow content that endangers the emotional and physical wellbeing of minors. A minor is someone under 18 years old.,1,medium
S002373,Youtube,Child safety policy,Child safety policy.docx,1,1,Child safety policy,"If you find content that violates this policy, report it. If you believe that a child is in danger, you should get in touch with your local law enforcement to report the situation immediately.",1,medium
S002374,Youtube,Child safety policy,Child safety policy.docx,1,1,Child safety policy,"Instructions for reporting violations of our Community Guidelines are available here. If you've found multiple videos or comments that you would like to report, you can report the channel.",1,medium
S002375,Youtube,Child safety policy,Child safety policy.docx,1,1,Child safety policy,"In some cases, we may make exceptions for content with educational, documentary, scientific or artistic context, including content that is in the public's interest.",1,medium
S002376,Youtube,Child safety policy,Child safety policy.docx,1,1,If you're posting content,Don't post content on YouTube if it fits any of the descriptions below.,0,low
S002377,Youtube,Child safety policy,Child safety policy.docx,1,1,If you're posting content,"Sexualisation of minors: Sexually explicit content featuring minors and content that sexually exploits minors, including minor nudity posted with comedic intent. We report content containing child sexual abuse imagery to the National Center for Missing and Exploited Children, which works with global law enforcement agencies.",1,medium
S002378,Youtube,Child safety policy,Child safety policy.docx,1,1,If you're posting content,"Harmful or dangerous acts involving minors: Content showing a minor participating in dangerous activities or encouraging minors to do dangerous activities, particularly if someone watching could imitate the dangerous act, or if the content encourages or praises the dangerous act. Never put minors in harmful situations that may lead to injury, including dangerous stunts, challenges, dares or pranks. Dangerous acts include, but are not limited to, any act in the categories listed under Extremely dangerous challenges, such as asphyxiation or electrocution.",1,medium
S002379,Youtube,Child safety policy,Child safety policy.docx,1,1,If you're posting content,"Examples include content that shows minors: Inflicting or advocating for the infliction of physical, sexual or emotional maltreatment or neglect of a child, including inflicting emotional distress on minors.",1,medium
S002381,Youtube,Child safety policy,Child safety policy.docx,1,1,Using firearms unsupervised,"Content that contains infliction of physical, sexual or emotional abuse on a child within an educational, documentary, scientific or artistic context and with blurring may receive an exception.",1,medium
S002382,Youtube,Child safety policy,Child safety policy.docx,1,1,Using firearms unsupervised,"Content that could cause minor participants or viewers emotional distress, including: Misleading family content: Content that targets young minors and families, but contains:",1,medium
S002384,Youtube,Child safety policy,Child safety policy.docx,1,1,Other inappropriate themes that are intended to shock young audiences,"Content that targets young minors and families with age-inappropriate themes within an educational, documentary, scientific or artistic context may receive an exception. This is not a green light to target young minors and families with mature themes that are intended to shock young audiences.",1,medium
S002385,Youtube,Child safety policy,Child safety policy.docx,1,1,Other inappropriate themes that are intended to shock young audiences,"Family-friendly cartoons that target young minors and contain adult or age-inappropriate themes such as violence, sex, death, drugs and more. We don't allow content labelled as suitable for children in the video's title, description, tags or in the audience selection if it contains age-inappropriate themes.",1,medium
S002386,Youtube,Child safety policy,Child safety policy.docx,1,1,Other inappropriate themes that are intended to shock young audiences,"Make sure that your titles, descriptions and tags match the audience that you're targeting. In addition, ensure that your audience selection accurately represents the audience that your content is suitable for. You can also age restrict your content upon upload if it's intended for mature audiences.",0,low
S002387,Youtube,Child safety policy,Child safety policy.docx,1,1,Other inappropriate themes that are intended to shock young audiences,"Cyberbullying, harassment and doxxing of minors: Content that: Reveals a minor's personal information, such as email addresses or phone numbers, regardless of whether it is shared by others or the minor themself.",1,medium
S002389,Youtube,Child safety policy,Child safety policy.docx,1,1,Encourages others to bully or harass,"This policy applies to videos, video descriptions, comments, posts, live streams, playlists and any other YouTube product or feature. Bear in mind that this isn't a complete list.",0,low
S002390,Youtube,Child safety policy,Child safety policy.docx,1,1,Encourages others to bully or harass,"Please note that these policies also apply to external links in your content. This can include clickable URLs and verbally directing users to other sites in the video, as well as other forms.",0,low
S002391,Youtube,Child safety policy,Child safety policy.docx,1,1,Examples,Here are some examples of content that is not allowed on YouTube.,0,low
S002392,Youtube,Child safety policy,Child safety policy.docx,1,1,Examples,"Videos or posts featuring minors involved in provocative, sexual or sexually suggestive activities, challenges and dares, such as kissing or groping.",1,medium
S002393,Youtube,Child safety policy,Child safety policy.docx,1,1,Examples,"Showing minors who are involved in dangerous activities. For example, physical stunts, using weapons or explosives, or using a controlled substance like alcohol or nicotine, including use of vapes or e-cigarettes.",1,medium
S002394,Youtube,Child safety policy,Child safety policy.docx,1,1,Examples,"A video with tags like 'for children' or whose audience is set to 'Yes, it's Made for Kids', featuring family-friendly cartoons engaging in inappropriate acts like injecting needles.",1,medium
S002395,Youtube,Child safety policy,Child safety policy.docx,1,1,Examples,"Remember, these are just some examples. Don't post content if you think that it might violate this policy.",0,low
S002396,Youtube,Child safety policy,Child safety policy.docx,1,1,What happens if content violates this policy,"If your content violates this policy, we will remove the content and send you an email to let you know. If we can't verify that a link that you post is safe, we may remove the link. Note that violative URLs posted within the video itself or in the video's metadata may result in the video being removed.",0,low
S002397,Youtube,Child safety policy,Child safety policy.docx,1,1,What happens if content violates this policy,"If this is the first time that you've violated our Community Guidelines, you'll probably get a warning with no penalty to your channel. You will have the option to take policy training to allow the warning to expire after 90 days. The 90-day period starts from when the training is completed, not when the warning is issued. However, if the same policy is violated within that 90-day window, the warning may not expire and your channel may be given a strike. If you violate a different policy after completing the training, you will get another warning.",0,low
S002398,Youtube,Child safety policy,Child safety policy.docx,1,1,What happens if content violates this policy,"If you get three strikes within 90 days, your channel may be terminated. Learn more about our strikes system.",0,low
S002399,Youtube,Child safety policy,Child safety policy.docx,1,1,What happens if content violates this policy,We may terminate your channel or account for repeated violations of the Community Guidelines or Terms of Service. We may also terminate your channel or account after a single case of severe abuse or when the channel is dedicated to a policy violation. We may prevent repeat offenders from taking policy training in the future. Learn more about channel or account terminations.,0,low
S002413,Youtube,Google Ads policies,Google Ads policies.docx,1,1,Inappropriate content,"Examples of inappropriate or offensive content (non-exhaustive): Bullying or intimidation of an individual or group, racial discrimination, content promoting hate groups or hate group paraphernalia, graphic crime scene or accident images, cruelty to animals, murder, self-harm, extortion or blackmail, sale or trade of endangered species, ads using profane language and content promoting the sexual exploitation of minors.",1,medium
S002416,Youtube,Google Ads policies,Google Ads policies.docx,1,1,Data collection and use,"Google wants users to trust that information about them will be respected and handled with appropriate care. As such, the advertising partners shouldn’t misuse this information, nor collect it for unclear purposes or without appropriate disclosures or security measures.",1,medium
S002425,Youtube,Google Ads policies,Google Ads policies.docx,1,1,Ad protections for children and teens,"Our child and teen ads policies, along with other Google Ads policies (including but not limited to those for alcohol, gambling and high fat, sugar and salt food and beverages), work together to provide strong protections that include: We require all our advertisers to follow local legal requirements when using our products, including any regulations on advertising to users under age 18, as well as all Google Ads policies. Learn more about our Ad protections for children and teens and relevant ad policies, where they apply, and what they mean for advertisers.",1,medium
S002427,Youtube,Google Ads policies,Google Ads policies.docx,1,1,Sexual content,"Ads should respect user preferences and comply with legal regulations. We restrict certain kinds of sexual content in ads and destinations, which will only show in limited scenarios based on user search queries, user age and local laws where the ad is being served. Ads must not target minors.",2,medium
S002429,Youtube,Google Ads policies,Google Ads policies.docx,1,1,Alcohol,"We abide by local alcohol laws and industry standards, so we don’t allow certain kinds of alcohol-related advertising, both for alcohol and drinks that resemble alcohol. Some types of alcohol-related ads are allowed if they meet the policies below, don’t target minors and target only countries that are explicitly allowed to show alcohol ads.",1,medium
S002431,Youtube,Google Ads policies,Google Ads policies.docx,1,1,Copyrights,"We abide by local copyright laws and protect the rights of copyright holders, so we don’t allow ads that are unauthorised to use copyrighted content. If you are legally authorised to use copyrighted content, apply for certification (or here for DV360) to advertise. If you see unauthorised content, submit a copyright-related complaint.",1,medium
S002433,Youtube,Google Ads policies,Google Ads policies.docx,1,1,Gambling and games,"We support responsible gambling advertising and abide by local gambling laws and industry standards, so we don’t allow certain kinds of gambling-related advertising. Gambling-related ads are allowed if they comply with the policies below and the advertiser has received the proper Google Ads certification. Gambling ads must target approved countries, have a landing page that displays information about responsible gambling and never target minors. Check local regulations for the areas that you want to target.",2,medium
S002452,Youtube,Google Ads policies,Google Ads policies.docx,1,1,Trademarks,"There are multiple factors that determine when trademarks can be used in Google Ads ads. Along with the factors described in our Policy Centre, these policies apply only when a trademark owner has submitted a valid complaint to Google.",1,medium
S002472,Youtube,Harassment and cyberbullying policies,Harassment and cyberbullying policies.docx,1,1,Harassment and cyberbullying policies,"We also don't allow other harmful behaviours, like threats or doxxing. Bear in mind that we take a stricter approach on content that targets minors. For example, we don't allow sharing a minor's school name or school ID for malicious purposes. Third parties should not share someone else's personal contact information, such as email, phone number or home address, or a minor's social media handle or private-messaging details. We also don't allow minors to share their own contact information. We may make exceptions for extracurricular activities for the purposes of school recruitment or applications, such as university sports.",1,medium
S002477,Youtube,Harassment and cyberbullying policies,Harassment and cyberbullying policies.docx,1,1,If you're posting content,"Content that contains prolonged insults or slurs based on someone's intrinsic attributes. These attributes include their protected group status, physical attributes or their status as a survivor of sexual assault, non-consensual intimate imagery distribution, domestic abuse, child abuse and more.",1,medium
S002478,Youtube,Harassment and cyberbullying policies,Harassment and cyberbullying policies.docx,1,1,If you're posting content,"Content uploaded with the intent to shame, deceive or insult a minor. This means intending to make a minor feel unpleasant emotions, like distress, shame or worthlessness; intending to trick them into behaving in ways that may harm themselves or their property; or engaging in name-calling towards them. We also prohibit content that incites bullying against a minor. A minor is someone under 18 years old.",1,medium
S002525,Youtube,Terms of Service,Terms of Service.docx,1,1,Age Requirements,"You must be at least 13 years old to use the Service; however, children of all ages may use the Service and YouTube Kids (where available) if enabled by a parent or legal guardian.",2,medium
S002526,Youtube,Terms of Service,Terms of Service.docx,1,1,Permission by Parent or Guardian,"If you are considered a minor in your country, you represent that you have your parent or guardian’s permission to use the Service. Please have them read this Agreement with you.",1,medium
S002527,Youtube,Terms of Service,Terms of Service.docx,1,1,Permission by Parent or Guardian,"If you are a parent or legal guardian of a minor in your country, by allowing your child to use the Service, you are subject to the terms of this Agreement and responsible for your child’s activity on the Service. You can find tools and resources to help you manage your family’s experience on YouTube (including how to enable a child under the age of 13 to use the Service and YouTube Kids) in our Help Center and through Google’s Family Link.",1,medium
S002544,Youtube,Terms of Service,Terms of Service.docx,1,1,Permissions and Restrictions,"7 misuse any reporting, flagging, complaint, dispute, or appeals process, including by making groundless, vexatious, or frivolous submissions",1,medium
S002553,Youtube,Terms of Service,Terms of Service.docx,1,1,Uploading Content,"c. not abuse or harm others or yourself (or threaten or encourage such abuse or harm), including against children;",1,medium
S002571,Youtube,Terms of Service,Terms of Service.docx,1,1,Terminations and Suspensions by YouTube,"YouTube reserves the right to suspend or terminate your Google account or your access to all or part of the Service if: (a) you materially or repeatedly breach this Agreement; (b) we are required to do so to comply with a legal requirement or a court order; or (c) we believe there has been conduct that creates (or could create) liability or harm to any user, other third party, YouTube or our Affiliates.",2,medium
S002594,Youtube,Terms of Service,Terms of Service.docx,1,1,Governing Law,"California law will govern all disputes arising out of or relating to these terms or the Service, regardless of conflict of laws rules. These disputes will be resolved exclusively in the federal or state courts of Santa Clara County, California, USA, and you and YouTube consent to personal jurisdiction in those courts.",1,medium
S002656,Youtube,YoutubeCopyrightPolicy,YoutubeCopyrightPolicy.docx,1,1,How YouTube Addresses Copyright Claims Appeals,"Of the more than 2 billion Content ID claims made in 2024, fewer than 1% have been disputed. Over 70% of those disputes succeeded, because claimants either voluntarily released the claim or did not respond within the 30-day window, resulting in the claim's release. (Source)",1,medium
S002657,Youtube,YoutubePrivacyPolicy,YoutubePrivacyPolicy.docx,1,1,Privacy,"At YouTube and Google, we understand that when people use our services, they are trusting us with their information.",0,low
S002658,Youtube,YoutubePrivacyPolicy,YoutubePrivacyPolicy.docx,1,1,Our Approach to Privacy,"We adhere to Google's privacy principles, which means that we build products that are private by design and are thoughtful about the data we use, how we use it and how we protect it. Any data that we collect to customise our services for users, including personalised recommendations, search results that help them more easily discover creators that they love, content that meets their needs and serving relevant ads are all controlled by a user within their privacy settings.",0,low
S002659,Youtube,YoutubePrivacyPolicy,YoutubePrivacyPolicy.docx,1,1,Our Approach to Privacy,"This allows users to select what is right for them, so that they are in control of the personal information shared with Google – including reviewing their data, downloading and moving it to another service or deleting it entirely whenever they want. Google's privacy policies keep users informed about what data we collect, how it's used and why. And we never sell a user's personal information to anyone.",0,low
S002660,Youtube,YoutubePrivacyPolicy,YoutubePrivacyPolicy.docx,1,1,Privacy tools,Our privacy tools are easy to use and empower our users to choose the experience that works for them.,0,low
S002661,Youtube,YoutubePrivacyPolicy,YoutubePrivacyPolicy.docx,1,1,Privacy Settings,"Your data in YouTube is a feature that makes it easier for users to understand and control what data is saved, and how it is used on the platform and across Google. It gives them quick access to YouTube privacy controls, such as allowing signed-in users to clear their search history, remove individual search entries from search suggestions or pause search history using the YouTube history settings. This allows users to optimise their experience on the platform and decide what personal information is used to influence recommendations.",0,low
S002662,Youtube,YoutubePrivacyPolicy,YoutubePrivacyPolicy.docx,1,1,Privacy Settings,"We also offer Incognito mode, which lets users signed in to the YouTube app browse privately in a session so that their account search and watch history will not reflect whatever they're viewing.",0,low
S002663,Youtube,YoutubePrivacyPolicy,YoutubePrivacyPolicy.docx,1,1,Ad Settings,"With ad settings, users can see what information is being used to personalise ads to them, turn any of it on or off, or deactivate personalised ads altogether. They'll still see ads, but they'll most likely be less relevant.",0,low
S002664,Youtube,YoutubePrivacyPolicy,YoutubePrivacyPolicy.docx,1,1,Ad Settings,We do not serve personalised ads to users under 18.,1,medium
