clause_text,verdict
"by writing to EDPO at Avenue Huart Hamoir 71, 1030 Brussels, Belgium.",Partially Compliant
"In order to understand what to build or how to improve our Services, we need to understand trends and demand for our features. For example, we monitor metadata and trends about Group Chat use to help decide whether we should change parts of the feature, like the maximum size of a Group. Studying data from Snapchatters can help us see trends in the ways that people use the Services. This helps inspire us to improve Snapchat on a larger scale. We perform analytics in order to identify, monitor, and analyze trends and usage. Based on this information, we will, among other things, create information about our users to help us understand demand.",Not Addressed
• Obtaining a separate opt-in to initiate a call to a user.,Not Addressed
"Ads must not infringe the intellectual property, privacy, publicity, or other legal rights of any person or entity. Advertisers must have all necessary rights and permissions for all elements of their ads. Ads may not feature the name, likeness (including look-alikes), voice (including sound-alikes), or other identifying features of an individual without the individual's consent.",Not Addressed
"If you’re a student or work for an organization that uses Google services, your domain administrator and resellers who manage your account will have access to your Google Account. They may be able to: Receive your account information in order to satisfy applicable law, regulation, legal process, or enforceable governmental request",Not Addressed
"With respect to personal information handling, maintain visibility on the accessing of personal data through appropriate logs, monitoring, and review to detect unauthorized access. Check if the document specifies logging, monitoring, and review mechanisms for detecting unauthorized access.",Compliant
"Telegram is a cloud service. We store messages, photos, videos and documents from your cloud chats on our servers so that you can access your data from any of your devices anytime without having to rely on third-party backups. All data is stored heavily encrypted and the encryption keys in each case are stored in several other data centers in different jurisdictions. This way local engineers or physical intruders cannot get access to user data.",Compliant
"You can read more about Google’s data retention periods, including how long it takes us to delete your information.",Partially Compliant
"We work hard to help ensure our Services offer a fun and safe experience for all users, but we can’t guarantee it. We take behaviour that threatens the safety of our community very seriously, particularly when the threat of harm is severe. If you encounter potentially harmful or unlawful content on the Services, we encourage you to report it. You can learn more about the different ways we strive to keep illegal or potentially harmful content off of the Services in our Community Guidelines. We implement safety-by-design features and system controls intended to mitigate the risks of users encountering content involving Severe Harms.",Not Addressed
"With respect to personal information handling, • Messaging about any Regulated Vertical using the WhatsApp Business Platform may not be sent to people under 18 years of age.",Compliant
"Your messages, media and files from secret chats (see section 3.3.2 above), as well as the contents of your calls and the data you store in your Telegram Passport are processed only on your device and on the device of your recipient. Before this data reaches our servers, it is encrypted with a key known only to you and the recipient. While Telegram servers will handle this end-to-end encrypted data to deliver it to the recipient – or store it in the case of Telegram Passport data, we have no ways of deciphering the actual information. In this case, we neither store nor process your personal data, rather we store and process random sequences of symbols that have no meaning without the keys which we don’t have.",Partially Compliant
"Cookies help us provide, protect and improve the Meta Products, such as by personalising content, tailoring and measuring ads, and providing a safer experience. The cookies that we use include session cookies, which are deleted when you close your browser, and persistent cookies, which stay in your browser until they expire or you delete them. The cookies that we may change over time as we improve and update Meta Products, we typically use them for the following purposes: Where do we use cookies?",Not Addressed
"To protect your account and personal data, • Provide clear instructions for how people can opt out of receiving specific categories of messages or calls, and honor these requests.",Partially Compliant
"With respect to personal information handling, whatsApp reviews and responds to valid legal orders from authorities in countries where we operate. We may also receive court orders to restrict WhatsApp Channels. We always assess the legitimacy and completeness of a government request before taking any action.",Compliant
"Of the more than 2 billion Content ID claims made in 2024, fewer than 1% have been disputed. Over 70% of those disputes succeeded, because claimants either voluntarily released the claim or did not respond within the 30-day window, resulting in the claim's release. (Source)",Not Addressed
"• You must ensure – through technical and organizational measures – that messages are gated per legal age, geographic requirements, and regulatory requirements.",Compliant
"Legal, Safety, and Security Partners. We share your information as necessary for the following legal, safety, and security reasons: comply with any valid legal process, governmental request, or applicable law, rule, or regulation.",Compliant
"Our Services have optional features which, if used by you, require us to collect additional information to provide such features. You will be notified of such collection, as appropriate. If you choose not to provide the information needed to use a feature, you will be unable to use the feature.",Not Addressed
"With respect to personal information handling, under applicable data protection legislation, in certain circumstances, you have rights concerning your personal data. You have a right to: (1) request a copy of all your personal data that we store and to transmit that copy to another data controller; (2) delete (see section 10 below) or amend your personal data; (3) restrict, or object to, the processing of your personal data; (4) correct any inaccurate or incomplete personal data we hold on you; and (5) lodge a complaint with national data protection authorities regarding our processing of your personal data.",Compliant
"We will review and may update this Privacy Policy from time to time. Any changes to this Privacy Policy will become effective when we post the revised Privacy Policy on this page www.telegram.org/privacy. Please check our website frequently to see any updates or changes to our Privacy Policy, a summary of which we will set out below.",Not Addressed
"Third-Party Information  Information Others Provide About You. We receive information about you from other users. For example, when other users you know use our Services, they may provide your phone number, name, and other information (like information from their mobile address book) just as you may provide theirs. They may also send you messages, send messages to groups to which you belong, or call",Not Addressed
"In large public one-to-many channels (with 1,000 subscribers or more), and public search results, ads may be shown based on the language of the content – however, that language may be common to several different countries. To keep ads relevant, ads can be shown in a particular country and city, approximated based on the country and area code of a user's phone number or their IP address. This data is never passed to advertisers, no other geolocation data is used, and no precise location-tracking is involved for these purposes. This makes it possible for advertisers to restrict ad visibility to certain countries or regions – for instance, creating an ad for Spanish-speaking audiences but opting not to display it within Spain.",Not Addressed
exchange with these features,Not Addressed
"(i) With respect to GCP Services and their corresponding TSS, unless otherwise noted by Google, material updates to this Agreement will become effective 30 days after they are posted. Notwithstanding the preceding sentence, to the extent any updates apply to new functionality or are required to comply with applicable law, they will be effective immediately. If Customer does not agree to any update to the Agreement regarding GCP or its TSS, Customer may stop using the GCP Services or TSS. Customer may also terminate this Agreement for convenience under Section 8.5 (Termination for Convenience). Customer's continued use of the GCP Services or TSS after a material update will constitute Customer's consent to such update.",Not Addressed
"Under applicable data protection regulations, the types of location data we collect and how long we store it depend in part on your device and account settings. For example, you can turn your Android device’s location on or off using the device’s settings app. You can also turn on Timeline if you want to create a private map of where you go with your signed-in devices. Depending on your settings, your searches and other activity from Google services, which may also include location information, are saved as history to your Google Account. For example, activity from services like Search, Maps, and Shopping is saved to Search Services History, and your activity on some other Google sites and apps is saved to Web & App Activity. Learn more about how we use location information.",Partially Compliant
"Under applicable data protection regulations, how long we need to retain the information for to comply with certain legal obligations. . If we need it for other legitimate purposes, such as to prevent harm; investigate possible violations of our terms or policies; promote safety, security and integrity; or protect ourselves, including our rights, property or products",Partially Compliant
"We also use information to develop, research and test improvements to Meta Products. We use information that we have to: Conduct surveys and other research about what you like about our Products and brands and on what we can do better for Meta Products and brands detail on each information category). The actual information that we use depends on your factual circumstances, but could include any of the following:",Not Addressed
"Under applicable data protection regulations, managing And Retaining Your Information You can access, manage or port your Channels information using our inapp settings set out in the WhatsApp Privacy Policy.  Retaining your public Channel Content, Channel Subscription",Compliant
"Under applicable data protection regulations, we offer end-to-end encryption for our Services. End-to-end encryption means that your messages are encrypted to protect against us and third parties from reading them. Learn more about end-to-end encryption and how businesses communicate with you on WhatsApp.  Your Connections. You can use the contact upload feature and provide us, if permitted by applicable laws, with the phone numbers in your address book on a regular basis, including those of users of our Services and your other contacts. If any of your contacts aren’t yet using our Services, we’ll manage this information for you in a way that ensures those contacts cannot be identified by us. Learn more about our contact upload feature here. You can create, join, or get added to groups and broadcast lists, and such groups and lists get associated with your account information. You give your groups a name. You can provide a group profile picture or description.  Status Information. You may provide us your status if you choose to include one on your account. Learn how to use status on Android, iPhone, or KaiOS.  Transactions And Payments Data. If you use our payments services, or use our Services meant for purchases or other financial transactions, we process additional information about you, including payment account and transaction information.",Compliant
"With ad settings, users can see what information is being used to personalise ads to them, turn any of it on or off, or deactivate personalised ads altogether. They'll still see ads, but they'll most likely be less relevant.",Partially Compliant
Manage personal info in your Google Account and control who can see it across Google services.,Partially Compliant
"With respect to personal information handling, all ads must be suitable for their selected audience in each geographic area where the ads will run. Snapchat is a 13+ app, so we will reject ads that are addressed to, or intended to appeal to, children under 13.",Partially Compliant
"In accordance with our user privacy policy, company may only allow authorized individuals acting on behalf of Company to access and use its WhatsApp business account for purposes authorized under these Business Terms. Company is responsible for all activities occurring under its account. Company must: (a) maintain the security of its account credentials; (b) keep its devices and WhatsApp account safe and secure; (c) prevent unauthorized use of or access to our Business Services; and (d) immediately notify us if Company discovers or suspects any security breaches related to our Business",Partially Compliant
"Examples include content that shows minors: Inflicting or advocating for the infliction of physical, sexual or emotional maltreatment or neglect of a child, including inflicting emotional distress on minors.",Not Addressed
YouTube doesn't allow content that endangers the emotional and physical wellbeing of minors. A minor is someone under 18 years old.,Partially Compliant
"Verify accounts and activity Find and address violations of our terms or policies. In some cases, the decisions that we make about violations are reviewed by the",Not Addressed
"To protect your account and personal data, the applicability of Indian laws providing higher protection for data transfers outside India is not restricted by this section. Check if the document acknowledges that higher protections for data transfers outside India may be provided by existing Indian laws.",Compliant
a. Training. WhatsApp will ensure that all personnel with access to Covered Data undergo security training.,Partially Compliant
"We want you to be in control of your information, so we provide you with a range of tools, including: Access and update your information. You can access and edit most of your basic information, including account details (information about you, like your name, username, email address, birthday, and phone number), right in our Services. Just navigate to your settings and you will see the options available to you.",Compliant
"As part of our commitment to user rights, our Services are not directed to children under the age of 13, and you must confirm that you are 13 years or older in order to create an account and use our Services. If we have actual knowledge that you are under the age of 13 (or the minimum age at which a person may use the Services in your state, province, or country without parental consent, if greater), we will stop providing Services to you and delete your account and data.",Partially Compliant
"In accordance with our user privacy policy, channel Content and Channel Subscription Updates on our servers for up to 30 days, subject to safety, security and integrity purposes or other legal or compliance obligations that may require longer retention. Channel Content and Channel Subscription Updates may remain on Viewers’, Followers’ or subscribers’ devices for a longer period, though we may provide options for updates to disappear faster, for example after 7 days or 24 hours should Admins choose.",Partially Compliant
"Under applicable data protection regulations, you can learn more about how privacy works on and on , and in the . If you have any questions about this policy, you can as described below. In some countries, you may also be able to contact the Data Protection Officer for Meta Platforms, Inc., and depending on your jurisdiction, you may also contact your local Data Protection Authority (""DPA"") directly.",Partially Compliant
"Information, whether or not by automated means, such as collection, recording, organisation, structuring, storage, adaptation or alteration, retrieval, consultation, use, disclosure by transmission, dissemination or otherwise making available, alignment or combination, restriction, erasure or destruction. “Processed” and “Process” shall be construed in accordance with the definition of “Processing”.",Not Addressed
"In accordance with our user privacy policy, you can clear all payment information associated with your account at any time by going to Telegram Settings > Privacy & Security > Data Settings and selecting ‘Clear Payment & Shipping Info’. If you choose to remove your payment information, we will delete your stored shipping info and payment tokens from all providers and ask the payment providers to remove your credit card information that they store.",Compliant
"Under applicable data protection regulations, if Telegram receives a valid order from the relevant judicial authorities that confirms you're a suspect in a case involving criminal activities that violate the Telegram Terms of Service, we will perform a legal analysis of the request and may disclose your IP address and phone number to the relevant authorities. If any data is shared, we will include such occurrences in a quarterly transparency report published at: https://t.me/transparency.",Compliant
"In addition to the safety, security and integrity purposes described in the WhatsApp Privacy Policy, we also use the information we have to maintain safety, security and integrity on our WhatsApp Business",Not Addressed
"We maintain servers around the world and your information may be processed on servers located outside of the country where you live. Data protection laws vary among countries, with some providing more protection than others. Regardless of where your information is processed, we apply the same protections described in this policy. We also comply with certain legal frameworks relating to the transfer of data.",Partially Compliant
1. Organization of Information Security. WhatsApp has personnel responsible for oversight of security of the Business Services.,Partially Compliant
5. In this Data Transfer Addendum: a. “SCCs” means the European Commission's Standard,Not Addressed
Added 8.4. Translation of Messages at the Request of the User and 8.5. Transcription of Voice Messages at the Request of the User.,Not Addressed
"Global Data Transfer Addendum is incorporated by reference into these Data Processing Terms, and applies with respect to your transfer of Personal Information to",Partially Compliant
"Our child and teen ads policies, along with other Google Ads policies (including but not limited to those for alcohol, gambling and high fat, sugar and salt food and beverages), work together to provide strong protections that include: We require all our advertisers to follow local legal requirements when using our products, including any regulations on advertising to users under age 18, as well as all Google Ads policies. Learn more about our Ad protections for children and teens and relevant ad policies, where they apply, and what they mean for advertisers.",Partially Compliant
"Additionally, there may be instances when you interact with our Services that we will ask for your permission to use your information in a new, different, or otherwise specific way.",Not Addressed
"With respect to personal information handling, my Activity allows you to review and control data that’s saved to your Google Account when you’re signed in and using Google services, like searches you’ve done or your visits to Google Play. You can browse by date and by topic, and delete part or all of your activity.",Compliant
"As part of our commitment to user rights, data fiduciaries must ensure the absence of conflict of interest in the performance of their functions. Verify that data fiduciaries have no financial or other interests that could prejudice their functions.",Partially Compliant
We only store the data that Telegram needs to function as a secure and feature-rich messaging service.,Not Addressed
"As part of our commitment to user rights, data fiduciaries must ensure the absence of conflict of interest in the performance of their functions. Verify that data fiduciaries have no financial or other interests that could prejudice their functions.",Compliant
"We may use automated tools to detect potential violations of our Terms or Community Guidelines including harmful or unlawful activity and confirm age-appropriate use. These tools may use signals such as account, device, usage, and content-related information described in this Policy.",Not Addressed
Confirm that Telegram apps downloaded from app stores are using the same code that we publish at: https://core.telegram.org/reproducible-builds,Not Addressed
"Furthermore, we believe a personalized experience should not come at the expense of your privacy. Just like in real life, there are some moments you want to share privately with your close friends, and others that you want to share publicly. That’s why from day one our philosophy has been to delete content by default and to give Snapchatters control by providing the tools that allow them to decide what happens with their content, like who to share it with or when to save it.",Not Addressed
"Under applicable data protection regulations, we offer you a variety of tools to view, manage, download and delete your information below. You can also manage your information by visiting the settings of the Products you use. You may also have other privacy rights under applicable laws.",Compliant
"As part of our commitment to user rights, the Data Principal shall have the right to withdraw consent at any time, with the ease of doing so being comparable to the ease with which such consent was given. Check if the withdrawal of consent is as easy as the initial consent was obtained.",Compliant
"To protect your account and personal data, • If you created a parent-managed account for a user under 13 (or the minimum age required in your country) and allow them to use our",Compliant
"With respect to personal information handling, law, WhatsApp will notify you in advance of any changes related to its sub-processor(s). If you reasonably object to such changes, you may inform WhatsApp in writing and stop using our Business Services; and",Partially Compliant
"In some cases information is de-identified, aggregated or anonymised by third parties so that it no longer identifies individuals before it's made available to us. We use this information as described below without trying to re-identify individuals.",Not Addressed
"In accordance with our user privacy policy, you can access or port your information using our in-app Request Account Info feature (available under Settings > Account). For iPhone users, you can learn how to access, manage, and delete your information through our iPhone Help Center articles. For Android users, you can learn how to access, manage, and delete your information through our Android Help Center articles.",Compliant
"services, surveys, events, news, and promotions offered by WhatsApp or the other Meta Companies where permitted by applicable law. If you do not wish for WhatsApp to communicate with you regarding (c) above, you may opt-out of future communications by writing to WhatsApp as specified in the Notices section below, or by clicking the “unsubscribe” link in any such communication. Devices and Software. You must provide certain devices, software, and data connections, which we do not otherwise supply, to use our Business Services. You agree to manually or automatically download and install updates to our Business Services. Fees and Taxes. You are responsible for all carrier data plans, Internet fees, and other fees and taxes associated with your use of our Business Services. Linking to Facebook. To use all or certain features of our Business",Partially Compliant
"To use less information that's connected to individual users, in some cases we de-identify or aggregate information or anonymise it so that it no longer identifies you. We use this information in the same ways we use your information as described in this section. Here are the ways we use your information: We use information that we have to provide and improve our . This includes:",Not Addressed
"Google also collects and uses data that is not associated with your account. For example, when you’re not signed in to a Google Account, we store the information we collect with unique identifiers tied to the browser, application, or device you’re using. This allows us to do things like maintain your preferences across browsing sessions, such as your preferred language or whether to show you more relevant search results or ads based on your activity.",Not Addressed
"Business Terms, to the extent that the GDPR or other data protection laws in the EEA or Switzerland apply to your Processing of such data.",Not Addressed
Protocol at: https://core.telegram.org/mtproto; and,Not Addressed
"Legacy contact: You may designate a person (called a legacy contact) to manage your account if it is memorialised. If you enable it in your settings, only your legacy contact or a person who you have identified in a valid will or similar legal document expressing clear consent to disclose your content to that person upon death or incapacity will be able to seek limited of information from your account after it has been memorialised.",Not Addressed
"We do not require your screen name to be your real name. Note that users who have you in their contacts will see you by the name they saved and not by your screen name. This way your mother can have the public name 'Johnny Depp' while appearing as 'Mom' to you and as 'Boss' to her underlings at work (or the other way around, depending on how these relationships are structured).",Not Addressed
"To the extent that these Terms allow you or Snap to initiate litigation in a court, both you and Snap agree that all claims and disputes (whether contractual or otherwise), arising out of or relating to the Terms or the use of the Services will be litigated exclusively in the courts of England in the United Kingdom, unless this is prohibited by the laws of the country where you reside. You and Snap consent to the exclusive jurisdiction of those courts.",Not Addressed
"As part of our commitment to user rights, whatsApp will employ technology that is consistent with industry standards for network segregation.",Partially Compliant
"For the latest information about how long we store different types of content, check out our Support Site.",Not Addressed
"To protect your account and personal data, you can access or port your information using our in-app Request Account Info feature (available under Settings > Account). For iPhone users, you can learn how to access, manage, and delete your information through our iPhone Help Center articles. For Android users, you can learn how to access, manage, and delete your information through our Android Help Center articles.",Compliant
"To protect your account and personal data, significant data fiduciaries must ensure that monetary penalties imposed for breaches are proportionate and effective, taking into account the need to deter and secure observance of the Act. Check if the penalty imposed for a breach is proportionate and effective.",Compliant
"“Processor” means a natural or legal person, public authority, agency or other body which processes Personal Information on behalf of the Controller.",Not Addressed
"Channel Subscriptions are channels that offer an option to subscribe for a fee to receive Channel Content available only to subscribers (“Channel Subscription Updates”). If you subscribe to a channel, the Channel Subscriptions Terms of Service will also apply.",Not Addressed
"In this section we provide you with information on how long we keep your information, why we keep your information, and also highlight how we may need to keep your information to comply with laws, courts, and other obligations.",Not Addressed
"For example, you may send us an email with information relating to app performance or other issues.",Not Addressed
"We use the information we collect in existing services to help us develop new ones. For example, understanding how people organized their photos in Picasa, Google’s first photos app, helped us design and launch Google Photos.We use the information we collect to tailor our services for you, including providing customized and personalized experiences and recommendations, including things like content, and search results. For example, Security Checkup provides security tips adapted to how you use Google products. And, depending on your available settings, Google Play could use information like apps you’ve already installed and videos you’ve watched on YouTube to suggest new apps you might like.",Not Addressed
"With respect to personal information handling, g. To the extent required by Data Privacy Law applicable to you as the Controller, the Processor agrees to support your obligations as a Controller, in particular regarding the security of the Processing or regarding Personal Information Breaches, by providing you with reasonable assistance, taking into account the nature of the Processing and the information available to WhatsApp;",Partially Compliant
"Providing marketing communications Why and how we process your information: Depending on your settings, and subject to applicable law, we'll share marketing communications with you.",Not Addressed
"AI at Meta detail on each information category). The actual information that we use depends on your factual circumstances, but could include any of the following: that you or others create or share, such as posts, comments or audio on Meta Products Interactions with our features that are part of AI at Meta and related metadata. For example, information such as content and messages that you or others exchange with these features.",Not Addressed
"In any of the above cases, the developers of an automated user (bot) can get your public account data (see section 3.1 above): your screen name, username and profile picture(s).",Not Addressed
Certain parts of WhatsApp Products may not work properly if you have disabled browser cookies.  Google Chrome  Internet Explorer  Firefox  Safari  Safari Mobile  Opera,Not Addressed
"In accordance with our user privacy policy, if Telegram receives a valid order from the relevant judicial authorities that confirms you're a suspect in a case involving criminal activities that violate the Telegram Terms of Service, we will perform a legal analysis of the request and may disclose your IP address and phone number to the relevant authorities. If any data is shared, we will include such occurrences in a quarterly transparency report published at: https://t.me/transparency.",Compliant
"Processing information when required by law Why and how we process your information: Where we are under an obligation to disclose information such as, for example, if we receive a valid legal request for certain information such as a search warrant, we will access, preserve and/or share your information with regulators, law enforcement or others.",Not Addressed
"To protect your account and personal data, services, surveys, events, news, and promotions offered by WhatsApp or the other Meta Companies where permitted by applicable law. If you do not wish for WhatsApp to communicate with you regarding (c) above, you may opt-out of future communications by writing to WhatsApp as specified in the Notices section below, or by clicking the “unsubscribe” link in any such communication. Devices and Software. You must provide certain devices, software, and data connections, which we do not otherwise supply, to use our Business Services. You agree to manually or automatically download and install updates to our Business Services. Fees and Taxes. You are responsible for all carrier data plans, Internet fees, and other fees and taxes associated with your use of our Business Services. Linking to Facebook. To use all or certain features of our Business",Partially Compliant
"As part of our commitment to user rights, the Data Principal shall have the right to withdraw consent at any time, with the ease of doing so being comparable to the ease with which such consent was given. Check if the withdrawal of consent is as easy as the initial consent was obtained.",Compliant
4. Security Testing. WhatsApp will perform regular security and vulnerability testing to assess whether key controls are implemented properly and are effective.,Compliant
"You further acknowledge and agree that matters, issues, complaints and disputes pertaining to warranty, guarantee, quality and service shall be resolved in accordance with the terms set forth by the SP, and you consent to manage such concerns and disputes directly with the SP, without involving Telegram in any capacity.",Not Addressed
"Sadly, if you're not OK with Telegram's modest minimum requirements, it won't be possible for us to provide you with our Services. You can delete your Telegram account by proceeding to the deactivation page.",Partially Compliant
"To protect your account and personal data, transferring, storing or processing your information globally Why and how we process your information: Transferring, storing or processing your information across borders, including from and to the United States and other countries: We share information that we collect globally, both internally across our offices and data centres and externally with our , and . Because Meta is global, with users, partners, vendors and employees around the world, transfers are necessary: partners third parties service providers",Partially Compliant
"We collect information about your activity in our services, which we use to do things like recommend a YouTube video you might like. The activity information we collect may include: Chrome browsing history you’ve synced with your Google Account",Not Addressed
"To protect your account and personal data, we offer you a variety of tools to view, manage, download and delete your information below. You can also manage your information by visiting the settings of the Products you use. You may also have other privacy rights under applicable laws.",Compliant
"As part of our commitment to user rights, e. WhatsApp will notify you without undue delay of the discovery by WhatsApp of any Personal Information Breach;",Compliant
who your personal data may be shared with; and,Not Addressed
"To protect your account and personal data, you can control how your data is used (e.g., delete synced contacts) in Settings > Privacy & Security > Data Settings (using one of our mobile apps).",Partially Compliant
"As part of our commitment to user rights, a Data Fiduciary must cease processing personal data of a Data Principal who has withdrawn consent, unless processing is required or authorized by law. Verify if the document states that processing must cease upon withdrawal of consent, unless required by law.",Compliant
"Under applicable data protection regulations, the Consent Manager must provide the Data Principal with access to the record of consents, notices, and data sharing. Verify if the platform provides users with access to the records of consents, notices, and data sharing.",Partially Compliant
"g. To the extent required by Data Privacy Law applicable to you as the Controller, the Processor agrees to support your obligations as a Controller, in particular regarding the security of the Processing or regarding Personal Information Breaches, by providing you with reasonable assistance, taking into account the nature of the Processing and the information available to WhatsApp;",Partially Compliant
"As part of our commitment to user rights, you can export a copy of content in your Google Account if you want to back it up or use it with a service outside of Google.",Compliant
"Under applicable data protection regulations, states, only by way of written agreement that shall impose obligations on the sub-processor that are no less rigorous than the obligations imposed upon WhatsApp by these Data Processing Terms. WhatsApp will remain fully liable to you for the performance of that sub-processor’s obligations. Where",Compliant
"We also built a place for you to review and control information saved in your Google Account. Your Google Account includes: Across many of our services, you can adjust history and personalization controls to make choices about whether we save some types of data in your Google Account and how we use it to personalize your experience. For example, if you have YouTube History turned on, the videos you watch and the things you search for are saved in your account so you can get better recommendations and remember where you left off. Saving activity from services like Search, Maps, and Shopping to your Search Services History lets you do things like resume an AI Mode interaction where you left off or see past searches as Autocomplete suggestions. When Personalized Recommendations in Search services is on, these services can provide results, curated feeds, and AI responses that are personalized to you based on info in your Google Account, including Search Services History. And if you have Web & App Activity turned on, your activity from some other Google services are saved in your account so you can get more personalized experiences. Web & App Activity also has a subsetting that lets you control whether some information about your activity on other sites, apps, and devices that use Google services is saved with Web & App Activity in your Google Account and used to improve Google services.",Partially Compliant
"In accordance with our user privacy policy, a data fiduciary must comply with terms of a voluntary undertaking accepted by the Board, as non-compliance is deemed a breach of the Act. Verify if the data fiduciary has adhered to the terms of any voluntary undertaking accepted by the Board.",Partially Compliant
"• You must respect all requests (either on or off WhatsApp) by a person to block, discontinue, or otherwise opt out of communications from you via WhatsApp, including removing that person from your contacts list. Do not confuse, deceive, defraud, mislead, spam, or surprise people with your communications.",Partially Compliant
"With respect to personal information handling, our Services are not directed to children under the age of 13 or those below the applicable minimum age at which you may use the Services in your state, province, or country if older than 13. You must confirm that you are older than that applicable minimum age to create an account and use the Services. If we have actual knowledge that you are not, we will cease providing the Services to you and lock or delete your account and your data. We may require you to verify your age before you are allowed to use our Services.",Compliant
"To protect your account and personal data, unless stated otherwise in this Privacy Policy, the personal data that you provide us will only be stored for as long as it is necessary for us to fulfill our obligations in respect of the provision of the Services.",Partially Compliant
b. “EEA” means European Economic Area.,Not Addressed
"In accordance with our user privacy policy, you can export a copy of content in your Google Account if you want to back it up or use it with a service outside of Google.",Compliant
"Under applicable data protection regulations, ad Settings: Manage your preferences about the ads shown to you on Google and on sites and apps that partner with Google to show ads.",Partially Compliant
"In accordance with our user privacy policy, we maintain servers around the world and your information may be processed on servers located outside of the country where you live. Data protection laws vary among countries, with some providing more protection than others. Regardless of where your information is processed, we apply the same protections described in this policy. We also comply with certain legal frameworks relating to the transfer of data.",Partially Compliant
"And if we sell or transfer all or part of our business to someone else, in some cases, we'll give the new owner your information as part of that transaction, but only as the law allows. How do the Meta Companies work together?",Not Addressed
"Under applicable data protection regulations, services, surveys, events, news, and promotions offered by WhatsApp or the other Meta Companies where permitted by applicable law. If you do not wish for WhatsApp to communicate with you regarding (c) above, you may opt-out of future communications by writing to WhatsApp as specified in the Notices section below, or by clicking the “unsubscribe” link in any such communication. Devices and Software. You must provide certain devices, software, and data connections, which we do not otherwise supply, to use our Business Services. You agree to manually or automatically download and install updates to our Business Services. Fees and Taxes. You are responsible for all carrier data plans, Internet fees, and other fees and taxes associated with your use of our Business Services. Linking to Facebook. To use all or certain features of our Business",Partially Compliant
"With respect to personal information handling, telegram is a cloud service. We store messages, photos, videos and documents from your cloud chats on our servers so that you can access your data from any of your devices anytime without having to rely on third-party backups. All data is stored heavily encrypted and the encryption keys in each case are stored in several other data centers in different jurisdictions. This way local engineers or physical intruders cannot get access to user data.",Compliant
"With respect to personal information handling, • If you created a parent-managed account for a user under 13 (or the minimum age required in your country) and allow them to use our",Compliant
"With respect to personal information handling, legal, Safety, and Security Partners. We share your information as necessary for the following legal, safety, and security reasons: comply with any valid legal process, governmental request, or applicable law, rule, or regulation.",Compliant
"Users can choose to translate a specific text message into a different language by tapping “Translate” in the action menu of the message (to enable this option, a user should first turn on Translation services in the Settings > Languages section of the Telegram application). Telegram Premium users can also optionally enable automatic live translation on any chat, group or channel.",Not Addressed
"Under applicable data protection regulations, be mindful that if you only delete WhatsApp from your device without using our in-app delete my account feature, your information will be stored with us for a longer period. Please remember that when you delete your account, it does not affect your information related to the groups you created or the information other users have relating to you, such as their copy of the messages you sent them.",Compliant
"Business profile information is publicly available, including your business name, phone number, hours of operation, business category, address, email address, website(s), description, and Facebook and Instagram accounts (if added). We may provide ways for our users to find or reach you, like our Business Search or other search functionality.  Other Integrations.",Not Addressed
"Under applicable data protection regulations, my Activity allows you to review and control data that’s saved to your Google Account when you’re signed in and using Google services, like searches you’ve done or your visits to Google Play. You can browse by date and by topic, and delete part or all of your activity.",Compliant
"Switzerland, such as the Processor to Processor SCCs or other adequacy decisions. Onward transfers to WhatsApp sub-processors are made in accordance with the requirements of the applicable transfer mechanism, and pursuant to the general authorisation under the Data Processing Terms.",Not Addressed
"In accordance with our user privacy policy, some data you can delete whenever you like, such as your personal info or the content you create or upload, like photos and documents. You can also delete activity information saved in your account, or choose to have it deleted automatically after a set period of time. We’ll keep this data in your Google Account until you remove it or choose to have it removed.",Compliant
"We hope you’ll understand any decisions we make about content or user accounts, but in some cases you can appeal our decisions. More information about appeals is available on our Support Site. You must submit any complaints within six months of the actions being taken against your content or account.",Not Addressed
"As part of our commitment to user rights, you can clear all payment information associated with your account at any time by going to Telegram Settings > Privacy & Security > Data Settings and selecting ‘Clear Payment & Shipping Info’. If you choose to remove your payment information, we will delete your stored shipping info and payment tokens from all providers and ask the payment providers to remove your credit card information that they store.",Compliant
"To use certain Services, you need to create an account. You agree to provide us with accurate, complete, and updated information for your account. Except in the unlikely event that activity occurs in your account outside of your control, you are responsible for any activity that occurs in your account. So it’s important that you keep your account secure. One way to help keep your account secure is to select a strong password that you don’t use for any other account and to enable two-factor authentication. If you think that someone has gained access to your account, please immediately reach out to Support. Any software that we provide to you may automatically download and install upgrades, updates, or other new features. You may be able to adjust these automatic downloads through your device’s settings. You agree not to create any account if we have previously removed or banned you or your account from any of our Services, unless we consent otherwise.",Not Addressed
"As part of our commitment to user rights, the applicability of Indian laws providing higher protection for data transfers outside India is not restricted by this section. Check if the document acknowledges that higher protections for data transfers outside India may be provided by existing Indian laws.",Compliant
"WhatsApp messages sent with Payments are delivered once the transaction has processed and are treated as described in the WhatsApp Privacy Policy.  Bill Payments Information.When you decide to use Bill Payments, you may be required to provide your name, phone number, email address, date of birth, or government ID number, depending on the specific bill payment category. This information is required to fetch your bill and process the payment.",Not Addressed
"Under applicable data protection regulations, if Telegram receives a valid order from the relevant judicial authorities that confirms you're a suspect in a case involving criminal activities that violate the Telegram Terms of Service, we will perform a legal analysis of the request and may disclose your IP address and phone number to the relevant authorities. If any data is shared, we will include such occurrences in a quarterly transparency report published at: https://t.me/transparency.",Compliant
"With respect to personal information handling, this allows users to select what is right for them, so that they are in control of the personal information shared with Google – including reviewing their data, downloading and moving it to another service or deleting it entirely whenever they want. Google's privacy policies keep users informed about what data we collect, how it's used and why. And we never sell a user's personal information to anyone.",Partially Compliant
"Under applicable data protection regulations, you can alter or revoke the bot’s permissions, including the list of chats it can access, at any time from Settings > Telegram Business > Chatbots on official Telegram clients.",Compliant
"In accordance with our user privacy policy, our Services are not directed to children under the age of 13 or those below the applicable minimum age at which you may use the Services in your state, province, or country if older than 13. You must confirm that you are older than that applicable minimum age to create an account and use the Services. If we have actual knowledge that you are not, we will cease providing the Services to you and lock or delete your account and your data. We may require you to verify your age before you are allowed to use our Services.",Compliant
"Third-party companies also use cookies on their own sites and apps in connection with the Meta Products. To understand how other companies use cookies, please review their policies.",Not Addressed
"In cloud chats, you can choose to delete a message for all participants within at least 48 hours after sending. Otherwise, deleting a message will delete it from your message history. This means that a copy will stay on the server as part of your partner's message history. As soon as your partner deletes it too, it's gone forever.",Partially Compliant
"b. WhatsApp confirms that: i. the duration, subject matter, nature and purpose of the Processing shall be as specified in the Business Terms; ii. the types of Personal Information Processed comprise customer contact information as described in the Business Terms; iii. the categories of Data Subjects comprise customers with whom you communicate using the WhatsApp service; and iv. your obligations and rights as Controller in relation to this",Not Addressed
"Under applicable data protection regulations, • You must ensure – through technical and organizational measures – that messages are gated per legal age, geographic requirements, and regulatory requirements.",Compliant
"Services and your other contacts. Learn more about our contact upload feature here. Age. You must be at least 13 years old to register for and use our Services on your own (or such greater age required in your country or territory). If you are under this age, your parent or guardian can create a parentmanaged account for you if it is available in your country or territory. If you are creating a parent-managed account, please read these Terms with your child and ensure that you both understand them. Devices And Software. You must provide certain devices, software, and data connections to use our Services, which we otherwise do not supply. In order to use our Services, you consent to manually or automatically download and install updates to our Services. You also consent to our sending you notifications via our Services from time to time, as necessary to provide our Services to you. Fees And Taxes. You are responsible for all carrier data plans, Internet fees, and other fees and taxes associated with your use of our Services.",Partially Compliant
Company may only allow authorized individuals acting on behalf of Company to access and use its WhatsApp business account for purposes authorized under these Business Terms. Company is responsible for all activities occurring under its account. Company must: (a) maintain the security of its account credentials; (b) keep its devices and WhatsApp account safe and secure; (c) prevent unauthorized use of or access to our Business Services; and (d) immediately notify us if Company discovers or suspects any security breaches related to our Business,Partially Compliant
"Ads should respect user preferences and comply with legal regulations. We restrict certain kinds of sexual content in ads and destinations, which will only show in limited scenarios based on user search queries, user age and local laws where the ad is being served. Ads must not target minors.",Partially Compliant
"If other users already have your email address or other information that identifies you, we may show them your publicly visible Google Account information, such as your name and photo. This helps people identify an email coming from you, for example.",Not Addressed
"Under applicable data protection regulations, if you wish to exercise any of these rights, kindly use the contact details in section 12 below.",Compliant
"Improved structure, moving 3.3.5 to 3.4 and 3.3.6 to 3.6.",Not Addressed
"Promoting safety, integrity and security on and across the Meta Products Why and how we process your information: The Meta Products are designed to research and help ensure the safety, integrity and security of those services and those people who enjoy them, on and off Meta Products. We process the information that we have associated with you and apply automated processing techniques and, in some instances, conduct manual (human) review to:",Not Addressed
"Updates Tab in your app at which point it is no longer accessible to other users through Channels. It may take up to 90 days to delete your Channels information and Channel Subscription information on our servers. We may also retain some of your information as needed for things like compliance with legal obligations, violations of our terms and policies, or harm prevention efforts. Please remember that when you delete your channel, it does not affect the information and content that other users may continue to have, such as a copy of the",Compliant
"You must be at least 13 years old to use the Service; however, children of all ages may use the Service and YouTube Kids (where available) if enabled by a parent or legal guardian.",Partially Compliant
Non-intrusive advertising models help us sustain our Services. The data relied upon to serve ads is processed on the basis of Telegram’s legitimate interest of delivering effective and innovative Services to you. This data cannot be disclosed to any third parties – advertisers included.,Not Addressed
"Services, those third-party services may receive information about what you or others share with them. For example, if you use a data backup service integrated with our Services (like iCloud or Google",Not Addressed
"If you are a parent or legal guardian of a minor in your country, by allowing your child to use the Service, you are subject to the terms of this Agreement and responsible for your child’s activity on the Service. You can find tools and resources to help you manage your family’s experience on YouTube (including how to enable a child under the age of 13 to use the Service and YouTube Kids) in our Help Center and through Google’s Family Link.",Partially Compliant
"We also process information that we receive about you from other Meta Companies, according to their terms and policies and as permitted by applicable law. In some cases,",Not Addressed
d. Power supply and backup generators at the Data Processing Facility;,Not Addressed
Google Dashboard allows you to manage information associated with specific products.,Partially Compliant
"We collect location information when you use our services, which helps us offer features like driving directions, search results for things near you, and ads based on your location.",Not Addressed
"We may use age-assurance measures, including automated tools, to help determine whether users meet minimum age requirements or should receive age-appropriate protections.",Partially Compliant
"We adhere to Google's privacy principles, which means that we build products that are private by design and are thoughtful about the data we use, how we use it and how we protect it. Any data that we collect to customise our services for users, including personalised recommendations, search results that help them more easily discover creators that they love, content that meets their needs and serving relevant ads are all controlled by a user within their privacy settings.",Partially Compliant
"Telegram supports massive communities which we have to police against abuse and Terms of Service violations. Telegram also has more than 1 billion users which makes it a lucrative target for spammers. To improve the security of your account, as well as to prevent spam, abuse, and other violations of our Terms of Service, we may collect metadata such as your IP address, devices and Telegram apps you've used, history of username changes, etc. If collected, this metadata can be kept for 12 months maximum.",Not Addressed
"To protect your account and personal data, • If you created a parent-managed account for a user under 13 (or the minimum age required in your country) and allow them to use our",Compliant
"Change your permissions. In most cases, you can change your permissions at any time. For example, by default you are findable to others through your phone number and/or email address that you provided. If you no longer want to be findable, you can always change your settings. Or if you provided access to your phone or third party platform contacts to make friending easier, you can change that later on in your app settings. Of course, if you do that, certain features and Services, like finding friends in your contact book, won’t work.",Partially Compliant
Bots will obviously get your messages when you send them something.,Not Addressed
"The information itself. For example, we store location information (IP-address based or precise, depending on your permissions) for different lengths of time based on how precise it is and which Services you use. If location information is associated with a Snap — like those saved to Memories or posted to Snap Map or Spotlight — we’ll retain that location as long as we store the Snap. Pro tip: You can see the location data we retain about you by downloading your data.",Partially Compliant
"As part of our commitment to user rights, retain logs and personal data for a period of one year for detecting unauthorized access, investigating it, and ensuring continued processing, unless required by law. Check if the document specifies a one-year retention period for logs and personal data for security purposes.",Compliant
You can export a copy of content in your Google Account if you want to back it up or use it with a service outside of Google.,Compliant
"Business intelligence and analytics Why and how we process your information: To understand, in aggregate, your usage of and across our Products, to accurately count people and businesses; and",Not Addressed
"When you’re signed in and interact with some Google services, like leaving comments on a YouTube video or reviewing an app in Play, your name and photo appear next to your activity. We may also display this information in ads depending on your Shared endorsements setting.",Not Addressed
"In secret chats, deleting a message always instructs the app on the other end to delete it too.",Not Addressed
"With respect to personal information handling, data Fiduciary must notify affected Data Principals of personal data breaches in a concise, clear, and plain manner without delay. Check if the document specifies the obligation to notify affected Data Principals of personal data breaches in a clear and timely manner.",Compliant
"Post illegal pornographic content on publicly viewable Telegram channels, bots, etc., distribute or promote child sexual abuse materials.",Not Addressed
"With respect to personal information handling, whatsApp reviews and responds to valid legal orders from authorities in countries where we operate. We may also receive court orders to restrict WhatsApp Channels. We always assess the legitimacy and completeness of a government request before taking any action.",Compliant
"If Telegram receives a valid order from the relevant judicial authorities that confirms you're a suspect in a case involving criminal activities that violate the Telegram Terms of Service, we will perform a legal analysis of the request and may disclose your IP address and phone number to the relevant authorities. If any data is shared, we will include such occurrences in a quarterly transparency report published at: https://t.me/transparency.",Compliant
"Third-Party Apps. Sometimes we provide features that allow you to connect with third-party apps. If you decide to connect your Snapchat account with a third-party app, we will share any additional information associated with your account that you direct us to for the purpose of fulfilling the connection request.",Not Addressed
d. Personnel Security Breach. WhatsApp will take disciplinary action in the event of unauthorized access to Covered Data by,Partially Compliant
"Under applicable data protection regulations, you can clear all payment information associated with your account at any time by going to Telegram Settings > Privacy & Security > Data Settings and selecting ‘Clear Payment & Shipping Info’. If you choose to remove your payment information, we will delete your stored shipping info and payment tokens from all providers and ask the payment providers to remove your credit card information that they store.",Compliant
"We, Snap Inc., our affiliates, and our third-party partners may place advertising on the Services, including personalised advertising — with your consent, where required — based on the information you provide us, we collect, or we obtain about you. Advertising may sometimes appear near, between, over, or in your content.",Not Addressed
"For example, other companies' cookies help tailor ads off Meta Products, measure their performance and effectiveness and support marketing and analytics. Certain features on the Meta Products use cookies from other companies to function, for example, certain maps, payment and security features. about the companies that use cookies on the Meta Products.",Not Addressed
"As part of our commitment to user rights, highlights We don't sell any of your information to anyone and we never will. We also require and other to follow rules about how they can and cannot use and disclose the information that we provide. partners third parties Here's more detail about who we share information with: We also share information with other in response to legal requests, to comply with applicable law or to prevent harm. . third parties",Partially Compliant
"Unless stated otherwise in this Privacy Policy, the personal data that you provide us will only be stored for as long as it is necessary for us to fulfill our obligations in respect of the provision of the Services.",Partially Compliant
"When you ask for help, we want to get you support as quickly as possible. In order to provide you, the Snapchatter community, and our business partners with the help needed to resolve issues with our Services, we often need to use the information we have collected to respond.",Not Addressed
"Channel Content and Channel Subscription Updates on our servers for up to 30 days, subject to safety, security and integrity purposes or other legal or compliance obligations that may require longer retention. Channel Content and Channel Subscription Updates may remain on Viewers’, Followers’ or subscribers’ devices for a longer period, though we may provide options for updates to disappear faster, for example after 7 days or 24 hours should Admins choose.",Partially Compliant
"With respect to personal information handling, the Board may impose penalties under the Act if a data fiduciary breaches its provisions or the rules made thereunder, and the breach is deemed significant. Verify if the Board has imposed penalties for a significant breach of the Act or its rules.",Compliant
"You can follow the instructions provided by your browser or device (usually located under ""Settings"" or ""Preferences"") to modify your cookie settings.",Not Addressed
"It's important to us that you know how to control your privacy, so we also show you where you can manage your information in the settings of the Meta Products you use. You can to shape your experience. update these settings Read the full Policy below. What Products does this Policy cover?",Not Addressed
Learn more What if the information that we collect doesn't identify individuals?,Not Addressed
"Under applicable data protection regulations, if Telegram receives a valid order from the relevant judicial authorities that confirms you're a suspect in a case involving criminal activities that violate the Telegram Terms of Service, we will perform a legal analysis of the request and may disclose your IP address and phone number to the relevant authorities. If any data is shared, we will include such occurrences in a quarterly transparency report published at: https://t.me/transparency.",Compliant
Some jurisdictions require that we state our legal basis for processing data for particular purposes. You can find that information here.,Not Addressed
"others in using) our Services in ways that: (a) violate, misappropriate, or infringe the rights of WhatsApp, our users, or others, including privacy, publicity, intellectual property, or other proprietary rights; (b) are illegal, obscene, defamatory, threatening, intimidating, harassing, hateful, racially or ethnically offensive, or instigate or encourage conduct that would be illegal or otherwise inappropriate, such as promoting violent crimes, endangering or exploiting children or others, or coordinating harm; (c) involve publishing falsehoods, misrepresentations, or misleading statements; (d) impersonate someone; (e) involve sending illegal or impermissible communications such as bulk messaging, auto-messaging, auto-dialing, and the like; or (f) involve any non-personal use of our Services unless otherwise authorized by us. Harm To WhatsApp Or Our Users.",Not Addressed
"Yes, other companies use cookies on the Meta Products to provide advertising, measurement, marketing and analytics services to us, and to provide certain features and improve our services for you.",Not Addressed
"As part of our commitment to user rights, a data fiduciary must comply with terms of a voluntary undertaking accepted by the Board, as non-compliance is deemed a breach of the Act. Verify if the data fiduciary has adhered to the terms of any voluntary undertaking accepted by the Board.",Compliant
"By using WhatsApp Pay, you accept that the following terms and policies apply:  the WhatsApp Terms of Service;  the WhatsApp Privacy Policy;  the WhatsApp India Payments Terms of Service; and  this India Payments Privacy Policy.",Not Addressed
"Communicating with you Why and how we process your information: We use information that you've given us (such as contact information on your profile) to send you a communication, such as an email or in-product notice, for example:",Not Addressed
"In accordance with our user privacy policy, we restrict access to personal information to Google employees, contractors, and agents who need that information in order to process it. Anyone with this access is subject to strict contractual confidentiality obligations and may be disciplined or terminated if they fail to meet these obligations.",Compliant
"India Payments Privacy Policy with service providers to send payment instructions to PSP banks; maintain your transaction history; provide customer support; improve, understand, customize, support, and market Payments; and keep Payments safe and secure, including to detect, prevent, or otherwise address fraud, safety, security, abuse, or other misconduct. Facebook will have no access to encrypted BHIM UPI transaction information in clear format. When we share information with service providers, we require them to use",Not Addressed
"WhatsApp violate local law, they may request that we review the account information available to us. Personal messages and calls are always protected by end-to-end encryption. We may also receive court orders to restrict WhatsApp accounts. We always assess the legitimacy and completeness of a government request before taking any action.",Partially Compliant
"Be mindful that if you only delete WhatsApp from your device without using our in-app delete my account feature, your information will be stored with us for a longer period. Please remember that when you delete your account, it does not affect your information related to the groups you created or the information other users have relating to you, such as their copy of the messages you sent them.",Compliant
"c. not abuse or harm others or yourself (or threaten or encourage such abuse or harm), including against children;",Not Addressed
"App, for example: to create quality and integrity inferences about businesses; secure WhatsApp systems and WhatsApp Business App users’ accounts; fight threats, abuse, or infringement activities; promote safety, security, and integrity on the WhatsApp Business App; and to ensure compliance with our terms and policies.",Not Addressed
"You can clear all payment information associated with your account at any time by going to Telegram Settings > Privacy & Security > Data Settings and selecting ‘Clear Payment & Shipping Info’. If you choose to remove your payment information, we will delete your stored shipping info and payment tokens from all providers and ask the payment providers to remove your credit card information that they store.",Compliant
• Messaging about any Regulated Vertical using the WhatsApp Business Platform may not be sent to people under 18 years of age.,Compliant
• If you created a parent-managed account for a user under 13 (or the minimum age required in your country) and allow them to use our,Compliant
"With respect to personal information handling, a Data Fiduciary shall protect personal data in its possession or under its control by taking reasonable security safeguards to prevent personal data breaches. Verify that the document specifies the use of reasonable security safeguards to prevent data breaches.",Compliant
"Object to processing. Depending on where you live and the particular data we are processing, you may have the right to object to our processing of that information. This gets a bit technical, so we’ve explained it in more detail here.",Partially Compliant
"Under applicable data protection regulations, a Data Fiduciary shall erase personal data upon receipt of a request for erasure unless retention is necessary for a specified purpose or for compliance with law. Check if the document specifies that data fiduciaries must erase personal data upon request unless retention is required for a specified purpose or legal compliance.",Compliant
"WhatsApp, as this information is required to fetch your bill and process the payment.The COU and payment aggregator can receive your name, phone number, email address, date of birth, or government ID number, depending on the specific bill payment category as well as your IP address, device identifier, or other persistent identifier.  Compliance with Law. Notwithstanding anything to the contrary,",Not Addressed
"To protect your account and personal data, the Consent Manager must provide the Data Principal with access to the record of consents, notices, and data sharing. Verify if the platform provides users with access to the records of consents, notices, and data sharing.",Compliant
Any other capitalised terms have the meaning given to them in the Business Terms or the Data Processing Terms.,Not Addressed
Personal Information under these Data Processing Terms is bound by appropriate obligations of confidentiality.,Partially Compliant
"You can contact us or by post at: online Meta Platforms, Inc.",Not Addressed
"3. In order to facilitate an efficient and coordinated service, you agree that all communication with WhatsApp LLC, Meta Platforms Inc. or any other WhatsApp Subprocessor, to the extent possible, will be coordinated and directed through WhatsApp Ireland.",Not Addressed
"How long we need to retain the information for to comply with certain legal obligations. . If we need it for other legitimate purposes, such as to prevent harm; investigate possible violations of our terms or policies; promote safety, security and integrity; or protect ourselves, including our rights, property or products",Partially Compliant
"We offer you a variety of tools to view, manage, download and delete your information below. You can also manage your information by visiting the settings of the Products you use. You may also have other privacy rights under applicable laws.",Compliant
"With respect to personal information handling, you can learn more here about our data deletion and retention practices and about how to delete your account.",Partially Compliant
"Content that you provide through our camera feature or your camera roll settings, or through our voice-enabled features",Not Addressed
"We build a range of services that help millions of people daily to explore and interact with the world in new ways. Our services include: Products that are integrated into third-party apps and sites, like ads, analytics, and embedded Google Maps",Not Addressed
"Channels Enforcement: As described above, we may take action on channels when we determine those channels go against our terms or policies, including these Channels Guidelines. If you disagree with a decision we have made, you can appeal that decision from within your Channels info page. You may also submit an appeal through WhatsApp support here. If we determine that our decision was in error, we will reverse the enforcement.",Not Addressed
WhatsApp will employ technology that is consistent with industry standards for network segregation.,Partially Compliant
"Another way we provide a personalized Service is through the ads we show. We use your interests and preferences from the information we’ve collected to personalize, target, and measure ads. We think ads are best when they’re relevant. That’s why we try to select the right ads and show them to you at the right time. For example, if you’ve interacted with ads for video games, we will infer that you like video games, and show you similar ads, but those won’t be the only ads you see. Similar to our content strategy, we try to ensure you receive a variety of ads. We also use your information to avoid showing you ads you probably won’t be interested in. For example, if a ticketing site tells us you’ve previously bought tickets for a movie — we can stop showing you ads for it. You can learn about the different types of advertising and your choices about which ads you receive here.",Not Addressed
"9. Publicity. Neither party may use the other party’s Brand Features or issue, publish, or present a press release, blog post, speech, social media post, or investor relations call or announcement discussing Customer’s use of the Services or this Agreement without the written consent of the other party, except as expressly permitted in this Agreement. Subject to the preceding sentence, Customer may state publicly that it is a Google Cloud customer and display Brand Features in accordance with the Branding Guidelines. Google may use Customer's name and Brand Features in online or offline promotional materials of the Services. Any use of a party’s Brand Features will inure to the benefit of the party holding Intellectual Property Rights to those Brand Features.",Not Addressed
"Best Practices for Opt-In Users should expect the messages and calls they receive. You can set this expectation by: • Obtaining an opt-in that encompasses the different categories of messages that you will send (ex: order updates, relevant offers, product recommendations, etc.)",Not Addressed
"Under applicable data protection regulations, we’re required to do so to comply with a legal requirement or a court order",Partially Compliant
"As part of our commitment to user rights, k. Upon termination of the Business Terms, WhatsApp shall cease Processing Personal Information and shall delete it within the time period set forth in the Business Terms unless applicable law requires further storage or to the extent that",Compliant
"Information for as long as necessary for the purposes identified in this Channels Privacy Policy and the WhatsApp Privacy Policy, including to provide Channels or for other legitimate purposes, such as complying with legal obligations, enforcing and preventing violations of our terms and policies, or protecting or defending our rights, property, and users. The storage periods are determined on a case-by-case basis that depends on factors like the nature of the information, why it is collected and processed, relevant legal or operational retention needs, and legal obligations.  Deleting your Channel. If you are an Admin, deleting your",Partially Compliant
"f. Taking into account the nature of the Processing and the information available to WhatsApp, WhatsApp will assist you in your role as a Controller, by appropriate technical and organisational measures, insofar as this is possible, in fulfilling any obligations under Data Privacy Law applicable to you as a",Not Addressed
"See if our Products are working correctly, such as troubleshooting and fixing it when it's not working",Not Addressed
"Channel Subscriptions Information  Admin Information for Subscriptions. For Channel Subscriptions, we additionally collect information when Admins set up and manage their channel subscription, such as subscription pricing, billing and renewal periods, cancellations and terminations, or payout methods.",Not Addressed
"Updates to Our Privacy Policy We may amend or update our Business App Privacy Policy. We will provide you notice of amendments to this Business App Privacy Policy, as appropriate, and update the “Effective Date” at the top of this Business App",Not Addressed
"h. Upon your request, WhatsApp will make available to you all information and provide all assistance that is reasonably necessary to demonstrate WhatsApp’s compliance with its",Not Addressed
"We use the data we collect to enforce our Terms, policies, and the law. This includes enforcing, investigating, and reporting conduct that violates our Terms, policies, or the law, responding to requests from law enforcement, and complying with legal requirements. For example, when unlawful content is posted on our Services, we may need to enforce our Terms and other policies. In some cases, we may also use or share your information to cooperate with law enforcement requests, escalate safety issues to law enforcement, industry partners, or others, or comply with our legal obligations, including to verify the ages of our users. Check out our Transparency Report to learn more.",Partially Compliant
"In supergroups and channels, deleting a message removes it for all participants. Note that deleted messages and original versions of edited messages from supergroups are stored for 48 hours after deletion in order to be shown in admins' Recent Actions panel. For paid posts in channels, see 3.3.5.",Not Addressed
"To protect your account and personal data, managing And Retaining Your Information You can access, manage or port your Channels information using our inapp settings set out in the WhatsApp Privacy Policy.  Retaining your public Channel Content, Channel Subscription",Compliant
We will acknowledge all complaints and follow-up with you to address your complaint within a reasonable timeframe. We will communicate the outcome of our complaint investigation to you if you have provided us with your valid email address. Learn more about steps to take if your account is suspended or terminated here.,Partially Compliant
"To protect your account and personal data, we work hard to protect you and Google from unauthorized access, alteration, disclosure, or destruction of information we hold, including: We offer a range of security features, like Safe Browsing, Security Checkup, and 2 Step Verification to help you protect your account",Compliant
"To promote the safety, security and integrity of Meta Companies, Meta Products, users, employees, property and the public about how we promote safety, security and integrity.",Not Addressed
"Under applicable data protection regulations, implement appropriate measures to control access to computer resources used by the data fiduciary or data processor. Check if the document specifies access control measures for computer resources.",Partially Compliant
"To protect your account and personal data, a Data Fiduciary must obtain verifiable consent from the parent or lawful guardian of a child or person with disability before processing their personal data. Verify if the document requires verifiable consent from a parent or guardian for children or persons with disabilities.",Compliant
"As part of our commitment to user rights, legal, Safety, and Security Partners. We share your information as necessary for the following legal, safety, and security reasons: comply with any valid legal process, governmental request, or applicable law, rule, or regulation.",Compliant
"WhatsApp India does not have access to the BHIM UPI PIN because it is encrypted by Common Library (CL) software provided by National Payments Corporation of India.  Payment Transaction Information. When you send, receive, or request payments, you provide or confirm information about your transaction, including the receiver’s name, phone number, BHIM UPI ID (virtual payment address), payment amount, and currency. To",Compliant
"With respect to personal information handling, 4. Security Testing. WhatsApp will perform regular security and vulnerability testing to assess whether key controls are implemented properly and are effective.",Compliant
"3. Our Obligations as Processor. To the extent required by applicable Data Privacy Law, WhatsApp and you agree to the following: a. WhatsApp shall only Process Personal Information in accordance with your instructions as set out in the Business Terms and these Data Processing Terms.",Partially Compliant
"Age Restrictions. In order to use Google Play, you must have a valid Google account (“Google Account”), subject to the following age restrictions. If you are considered a minor in your country, you must have your parent or legal guardian’s permission to use Google Play and to accept the Terms. You must comply with any additional age restrictions that might apply for the use of specific Content or features on Google Play. Family managers and family members must meet these additional requirements as well.",Partially Compliant
we’re required to do so to comply with a legal requirement or a court order,Partially Compliant
"To protect your account and personal data, the applicability of Indian laws providing higher protection for data transfers outside India is not restricted by this section. Check if the document acknowledges that higher protections for data transfers outside India may be provided by existing Indian laws.",Partially Compliant
"With respect to personal information handling, logging the following minimum user access management events  Authorization changes;  Failed and successful authentication and access attempts; and  Read and write operations.",Compliant
"In accordance with our user privacy policy, we offer you a variety of tools to view, manage, download and delete your information below. You can also manage your information by visiting the settings of the Products you use. You may also have other privacy rights under applicable laws.",Compliant
"We may share non-personally identifiable information publicly and with our partners — like publishers, advertisers, developers, or rights holders. For example, we share information publicly to show trends about the general use of our services. We also allow specific partners to collect information from your browser or device for advertising and measurement purposes using their own cookies or similar technologies.",Not Addressed
"This section provides you with details on what information we collect: what you provide to us, what we collect when you use Snapchat, and information we receive from other companies or apps you’ve connected to your Snapchat account. Sometimes, we may also collect additional information, with your permission.",Not Addressed
"UPI PIN already for your bank account, you can set one using your partial debit card number, expiry date, PIN (if required by your bank), and bank-issued one-time password (OTP) to set up a BHIM UPI PIN. We do not retain Customer Payment Sensitive Data (partial debit card number, expiry date, PIN, OTP, or BHIM UPI PIN).",Not Addressed
"Some data you can delete whenever you like, such as your personal info or the content you create or upload, like photos and documents. You can also delete activity information saved in your account, or choose to have it deleted automatically after a set period of time. We’ll keep this data in your Google Account until you remove it or choose to have it removed.",Compliant
"In accordance with our user privacy policy, e. WhatsApp will notify you without undue delay of the discovery by WhatsApp of any Personal Information Breach;",Compliant
"To protect your account and personal data, the Consent Manager must provide the Data Principal with access to the record of consents, notices, and data sharing. Verify if the platform provides users with access to the records of consents, notices, and data sharing.",Partially Compliant
"With respect to personal information handling, data Fiduciary must notify affected Data Principals of personal data breaches in a concise, clear, and plain manner without delay. Check if the document specifies the obligation to notify affected Data Principals of personal data breaches in a clear and timely manner.",Compliant
What are cookies and what does this policy cover?,Not Addressed
"Under applicable data protection regulations, you can access or port your information using our in-app Request Account Info feature (available under Settings > Account). For iPhone users, you can learn how to access, manage, and delete your information through our iPhone Help Center articles. For Android users, you can learn how to access, manage, and delete your information through our Android Help Center articles.",Compliant
If you have any questions please feel free to explore our FAQ or contact Telegram's Volunteer Support in-app via Settings > Ask a Question.,Partially Compliant
"Read more about how we use information to provide, personalise and improve our Products: We use the information we collect to help protect people from harm and provide safe, secure Products.",Not Addressed
"For Bill Payments, we may also use your information to send you bill reminders, to personalise your Bill Payments experience (such as displaying relevant recharge plans or suggesting billers you may want to pay), and to improve Bill Payments, including through cross-selling, promotions, and value-added services. We will do so in accordance with applicable law, BBPS guidelines and NBBL approved purposes, and you can manage your reminder and personalisation preferences through your Bill Payments settings.",Not Addressed
"With respect to personal information handling, if Telegram receives a valid order from the relevant judicial authorities that confirms you're a suspect in a case involving criminal activities that violate the Telegram Terms of Service, we will perform a legal analysis of the request and may disclose your IP address and phone number to the relevant authorities. If any data is shared, we will include such occurrences in a quarterly transparency report published at: https://t.me/transparency.",Compliant
"Sexualisation of minors: Sexually explicit content featuring minors and content that sexually exploits minors, including minor nudity posted with comedic intent. We report content containing child sexual abuse imagery to the National Center for Missing and Exploited Children, which works with global law enforcement agencies.",Partially Compliant
"States, only by way of written agreement that shall impose obligations on the sub-processor that are no less rigorous than the obligations imposed upon WhatsApp by these Data Processing Terms. WhatsApp will remain fully liable to you for the performance of that sub-processor’s obligations. Where",Compliant
We regularly review this Privacy Policy and make sure that we process your information in ways that comply with it.,Not Addressed
"Under applicable data protection regulations, implement appropriate measures to control access to computer resources used by the data fiduciary or data processor. Check if the document specifies access control measures for computer resources.",Compliant
Why do we use cookies?,Not Addressed
"Under applicable data protection regulations, personal Information under these Data Processing Terms is bound by appropriate obligations of confidentiality.",Partially Compliant
"Terms to anyone else without our prior written consent, and any attempt to do so is void.",Not Addressed
"With respect to personal information handling, data Fiduciary must notify affected Data Principals of personal data breaches in a concise, clear, and plain manner without delay. Check if the document specifies the obligation to notify affected Data Principals of personal data breaches in a clear and timely manner.",Partially Compliant
"Premium Services include increased download speed of media and documents on Telegram. This increase is allowed by the removal of all relevant speed limits on Telegram’s side. However, your actual download speed will also depend on external factors such as your hardware, your internet provider and certain intermediary connectivity providers. Therefore, there is no guarantee that enabling Premium Services will always affect the speed with which you download documents and media on Telegram.",Not Addressed
"In accordance with our user privacy policy, maintain visibility on the accessing of personal data through appropriate logs, monitoring, and review to detect unauthorized access. Check if the document specifies logging, monitoring, and review mechanisms for detecting unauthorized access.",Compliant
"details on each information category). The actual information that we use depends on your factual circumstances, but could include any of the following: The categories of information depend on the specific circumstances of each mandatory request or obligation. Only the information necessary to comply with the relevant legal obligation will be shared or otherwise processed. For example, for civil matters, this will typically include limited information (such as contact details and login information). However, depending on the circumstances, it could include the following:",Not Addressed
"As part of our commitment to user rights, retain logs and personal data for a period of one year for detecting unauthorized access, investigating it, and ensuring continued processing, unless required by law. Check if the document specifies a one-year retention period for logs and personal data for security purposes.",Partially Compliant
"With respect to personal information handling, family Center Participants. When you have enabled Family Center, we share information about the connected teen account to the parent or guardian to provide insight about how the account is used, for example, who your Friends are on Snapchat or which friends you may be sharing your location with. We do not share the content of private content and communications. Learn more.",Partially Compliant
"Connect your Meta Products account, including your public profile information, to an integrated partner to sign in or share your information",Not Addressed
"By default, if you stop using Telegram and do not come online for at least 18 months, your account will be deleted along with all messages, media, contacts and every other piece of data you store in the Telegram cloud. You can go to Settings to change the exact period after which your inactive account will self-destruct.",Compliant
"Services, and we share your information to help us operate, provide, improve, understand, customize, support, and market our Services.  Send Your Information To Those With Whom You Choose To Communicate. You share your information (including messages) as you use and communicate through our Services.  Information Associated With Your Account. Your phone number, profile name and photo, ""about"" information, last seen information, and message receipts are available to anyone who uses our",Not Addressed
"We collect, store, combine, analyse and apply automatic processing techniques such as aggregation of information as well as manual (human) review, and share information, as necessary to research and innovate for social good in this way. We support research in areas such as artificial intelligence and machine learning. about our research programmes.",Not Addressed
"Highlights We don't sell any of your information to anyone and we never will. We also require and other to follow rules about how they can and cannot use and disclose the information that we provide. partners third parties Here's more detail about who we share information with: We also share information with other in response to legal requests, to comply with applicable law or to prevent harm. . third parties",Partially Compliant
"Under applicable data protection regulations, • You will not transfer any of your rights or obligations under our Terms to anyone else without our prior written consent. Children on parentmanaged accounts are permitted to manage their own account when they reach 13 (or the minimum age required in their country or territory).",Partially Compliant
"Learn more detail on each information category). The actual information that we use depends on your factual circumstances, but could include any of the following: Content that you provide through our camera feature or your camera roll settings, or through our voice-enabled features",Not Addressed
"With respect to personal information handling, in the event of a personal data breach, the Data Fiduciary shall notify the Board and each affected Data Principal of the breach. Verify that the document specifies procedures for notifying the Board and affected Data Principals in case of a data breach.",Compliant
"Many of our Services require you to set up an account. To do this, we ask you to provide us with account details. When you set up your profile, you’ll also provide us with profile details (like your Bitmoji and profile picture). If you use our commerce products to buy something, like those latest sneakers, we may ask you for payment and related information (like your physical address, so we can ship the product to you, payment information, so we can process the payment, and transaction history). Based on your region, we may also use information you provide to estimate or infer your age or ask you to verify your age.",Not Addressed
"e. Procedures for secure deletion and disposal of data, subject to the Business Terms; and",Not Addressed
You can visit your Google Account to find and manage activity information that’s saved in your history.,Partially Compliant
"Contractual Clauses for the transfer of personal data to third countries pursuant to Regulation (EU) 2016/679 as set out in annex to Commission Decision 2021/914 which, as of the last updated date, are available at the link https://eurlex.europa.eu/eli/dec_impl/2021/914/oj, and which are incorporated herein by reference.",Partially Compliant
"In accordance with our user privacy policy, you can learn more about how privacy works on and on , and in the . If you have any questions about this policy, you can as described below. In some countries, you may also be able to contact the Data Protection Officer for Meta Platforms, Inc., and depending on your jurisdiction, you may also contact your local Data Protection Authority (""DPA"") directly.",Partially Compliant
"Under applicable data protection regulations, my Activity allows you to review and control data that’s saved to your Google Account when you’re signed in and using Google services, like searches you’ve done or your visits to Google Play. You can browse by date and by topic, and delete part or all of your activity.",Compliant
"We offer end-to-end encryption for our Services. End-to-end encryption means that your messages are encrypted to protect against us and third parties from reading them. Learn more about end-to-end encryption and how businesses communicate with you on WhatsApp.  Your Connections. You can use the contact upload feature and provide us, if permitted by applicable laws, with the phone numbers in your address book on a regular basis, including those of users of our Services and your other contacts. If any of your contacts aren’t yet using our Services, we’ll manage this information for you in a way that ensures those contacts cannot be identified by us. Learn more about our contact upload feature here. You can create, join, or get added to groups and broadcast lists, and such groups and lists get associated with your account information. You give your groups a name. You can provide a group profile picture or description.  Status Information. You may provide us your status if you choose to include one on your account. Learn how to use status on Android, iPhone, or KaiOS.  Transactions And Payments Data. If you use our payments services, or use our Services meant for purchases or other financial transactions, we process additional information about you, including payment account and transaction information.",Compliant
"As part of our commitment to user rights, the types of location data we collect and how long we store it depend in part on your device and account settings. For example, you can turn your Android device’s location on or off using the device’s settings app. You can also turn on Timeline if you want to create a private map of where you go with your signed-in devices. Depending on your settings, your searches and other activity from Google services, which may also include location information, are saved as history to your Google Account. For example, activity from services like Search, Maps, and Shopping is saved to Search Services History, and your activity on some other Google sites and apps is saved to Web & App Activity. Learn more about how we use location information.",Partially Compliant
"To protect your account and personal data, you can alter or revoke the bot’s permissions, including the list of chats it can access, at any time from Settings > Telegram Business > Chatbots on official Telegram clients.",Compliant
"With respect to personal information handling, a data fiduciary must comply with terms of a voluntary undertaking accepted by the Board, as non-compliance is deemed a breach of the Act. Verify if the data fiduciary has adhered to the terms of any voluntary undertaking accepted by the Board.",Compliant
"We communicate with you using information you've given us, such as contact information you've entered on your profile.",Not Addressed
"In accordance with our user privacy policy, our Services are not directed to children under the age of 13 or those below the applicable minimum age at which you may use the Services in your state, province, or country if older than 13. You must confirm that you are older than that applicable minimum age to create an account and use the Services. If we have actual knowledge that you are not, we will cease providing the Services to you and lock or delete your account and your data. We may require you to verify your age before you are allowed to use our Services.",Compliant
"• You may only contact people on WhatsApp if: (a) they have given you their mobile phone number; and (b) you have received opt-in permission from the recipient confirming that they wish to receive subsequent messages or calls from you. o You are solely responsible for determining the method of optin, that you have obtained opt-in in a manner that complies with laws applicable to your communications, and that you have otherwise provided notices and obtained permissions that are required under applicable law. To help ensure a strong user experience, review the best practices suggested below.",Partially Compliant
"With respect to personal information handling, we want you to be in control of your information, so we provide you with a range of tools, including: Access and update your information. You can access and edit most of your basic information, including account details (information about you, like your name, username, email address, birthday, and phone number), right in our Services. Just navigate to your settings and you will see the options available to you.",Compliant
"We use your information to enhance the safety and security of our Services, verify Snapchatter identity or age, and prevent fraud or other unauthorized or illegal activity. For example, we provide two-factor authentication to help protect your account and can send you email or text messages if we notice any suspicious activity. We also scan URLs sent on Snapchat to see if that webpage is potentially harmful, and can give you a warning about it.",Partially Compliant
By participating in a group with a bot.,Not Addressed
"In accordance with our user privacy policy, a data fiduciary must comply with terms of a voluntary undertaking accepted by the Board, as non-compliance is deemed a breach of the Act. Verify if the data fiduciary has adhered to the terms of any voluntary undertaking accepted by the Board.",Compliant
"To protect your account and personal data, you can control how your data is used (e.g., delete synced contacts) in Settings > Privacy & Security > Data Settings (using one of our mobile apps).",Partially Compliant
"To protect your account and personal data, under applicable data protection legislation, in certain circumstances, you have rights concerning your personal data. You have a right to: (1) request a copy of all your personal data that we store and to transmit that copy to another data controller; (2) delete (see section 10 below) or amend your personal data; (3) restrict, or object to, the processing of your personal data; (4) correct any inaccurate or incomplete personal data we hold on you; and (5) lodge a complaint with national data protection authorities regarding our processing of your personal data.",Compliant
"You can alter or revoke the bot’s permissions, including the list of chats it can access, at any time from Settings > Telegram Business > Chatbots on official Telegram clients.",Compliant
"With respect to personal information handling, states, only by way of written agreement that shall impose obligations on the sub-processor that are no less rigorous than the obligations imposed upon WhatsApp by these Data Processing Terms. WhatsApp will remain fully liable to you for the performance of that sub-processor’s obligations. Where",Compliant
"We restrict access to personal information to Google employees, contractors, and agents who need that information in order to process it. Anyone with this access is subject to strict contractual confidentiality obligations and may be disciplined or terminated if they fail to meet these obligations.",Compliant
"In accordance with our user privacy policy, google Dashboard allows you to manage information associated with specific products.",Partially Compliant
"As part of our commitment to user rights, consent Managers must ensure that their platform enables Data Principals to give, manage, review, and withdraw consent in accordance with published data protection standards. Check if the document specifies that the platform enables Data Principals to give, manage, review, and withdraw consent in accordance with published standards.",Partially Compliant
Download your data. You can make a request in our Download My Data tool to export a copy of your Snapchat information.,Compliant
"In accordance with our user privacy policy, 7. Vulnerability Management. WhatsApp has instituted and will maintain a vulnerability management program covering the Business",Partially Compliant
"Updated 1.4, 9.2 and 12 to update the details of Telegram’s EEA representative for GDPR matters.",Not Addressed
Do other Companies use cookies in connection with the Meta Products?,Not Addressed
"As part of our commitment to user rights, a Data Fiduciary must cease processing personal data of a Data Principal who has withdrawn consent, unless processing is required or authorized by law. Verify if the document states that processing must cease upon withdrawal of consent, unless required by law.",Partially Compliant
"Under applicable data protection regulations, logging the following minimum user access management events  Authorization changes;  Failed and successful authentication and access attempts; and  Read and write operations.",Compliant
"As part of our commitment to user rights, data fiduciaries must ensure the absence of conflict of interest in the performance of their functions. Verify that data fiduciaries have no financial or other interests that could prejudice their functions.",Partially Compliant
"In accordance with our user privacy policy, you can export a copy of content in your Google Account if you want to back it up or use it with a service outside of Google.",Compliant
"WhatsApp is a simple, secure and reliable way to send messages and make calls. No one, not even WhatsApp, can see your personal messages which are end-to-end encrypted by default. These Messaging Guidelines (these “Guidelines”) apply to 1:1 chats, calls, group chats, and communities. Status updates are also subject to these Guidelines.",Compliant
"When you’re signed in, you can always review and update information by visiting the services you use. For example, Photos and Drive are both designed to help you manage specific types of content you’ve saved with Google.",Partially Compliant
"Under applicable data protection regulations, the Board has the authority to investigate complaints made by Data Principals regarding breaches of obligations by Data Fiduciaries or Consent Managers and impose penalties as provided by the Act. Check if the governance document outlines procedures for investigating complaints and imposing penalties for breaches by Data Fiduciaries or Consent Managers.",Compliant
"As part of our commitment to user rights, a. Security Incident Response. WhatsApp will maintain a security incident response plan for monitoring, detecting, and handling possible security incidents affecting Covered Data. The security incident response plan at least includes definitions of roles and responsibility, communication, and post-mortem reviews, including root cause analysis and remediation plans.",Partially Compliant
"1. You acknowledge and agree that, to provide the Business Services pursuant to the Business Terms, WhatsApp Ireland transfers European Data to WhatsApp LLC and Meta Platforms Inc. and onward transfers of European Data may be made to other WhatsApp Subprocessors.",Not Addressed
"Added information about Telegram Business chatbots to the Bot Messages section (6.2, 6.3, 6.5).",Not Addressed
"Update: Content that targets young minors and families but contains sexual themes, violence, or obscene or other mature themes that are not suitable for young audiences is not allowed on YouTube. In addition to your titles, descriptions and tags, ensure that your audience selection matches the audience that your content is suitable for.",Not Addressed
"UK Data Transfer Addendum, which is incorporated by reference into these Data Processing Terms, applies with respect to your transfer of Personal Information to WhatsApp LLC and Meta Platforms Inc. (formerly known as Facebook Inc.). ii.",Partially Compliant
Highlights Why is information transferred to other countries? Where is information transferred? How do we safeguard your information?,Partially Compliant
"This Privacy Policy applies to all of the services offered by Google LLC and its affiliates, including YouTube, Android, and services offered on third-party sites, such as advertising services. This Privacy Policy doesn’t apply to services that have separate privacy policies that do not incorporate this Privacy Policy.",Not Addressed
Take a look at our Privacy by Product page and support page for details on the specific retention periods for products.,Not Addressed
"We will share personal information outside of Google if we have a good-faith belief that disclosure of the information is reasonably necessary to: Respond to any applicable law, regulation,legal process, or enforceable governmental request. We share information about the number and type of requests we receive from governments in our Transparency Report.",Compliant
"Company may contact WhatsApp using our complaints system at businesscomplaints@support.whatsapp.com to clarify the reasons for our termination or suspension of your account. If we are able to resolve the issue in your favor, resulting in reactivating your account, then we will reinstate our Business Services to you within a reasonable time.",Partially Compliant
"As part of our commitment to user rights, if you would like to delete your account, you can do this on the deactivation page. Deleting your account removes all messages, media, contacts and every other piece of data you store in the Telegram cloud. This action must be confirmed via your Telegram account and cannot be undone.",Compliant
"With respect to personal information handling, for example, you cannot share your location with your contacts if you do not permit us to collect your location data from your device. Permissions can be managed through your Settings menu on both Android and iOS devices.",Partially Compliant
"Viewer and Follower Information  Followers, Viewers and other connections. We collect information about Followers and Viewers, such as their reactions, language choices, and the Channels they follow.",Not Addressed
"To do the things you expect from our Services and as we’ve described within this Privacy Policy. For example, we maintain your list of friends until you ask us to delete them since friends are key to expressing yourself. Similarly, we keep your shared list of contacts until you ask us to remove them in our app settings (note: updating your device permissions may not remove the contacts you’ve previously shared with Snapchat). Learn more. Conversely, Snaps and Chats sent in Snapchat will be deleted by default from our servers within 24 hours after we detect they’ve been opened by all recipients or have expired, unless you’ve changed your default settings or decide to save something, in which case we will honor your choices.",Partially Compliant
"Under applicable data protection regulations, download your data. You can make a request in our Download My Data tool to export a copy of your Snapchat information.",Compliant
"Automatically Collected Information  Usage And Log Information. We collect information about your activity on our Services, like service-related, diagnostic, and performance information. This includes information about your activity (including how you use our Services, your Services settings, how you interact with others using our Services (including when you interact with a business), and the time, frequency, and duration of your activities and interactions), log files, and diagnostic, crash, website, and performance logs and reports. This also includes information about when you registered to use our Services; the features you use like our messaging, calling, Status, groups (including group name, group picture, group description), payments or business features; profile photo, ""about"" information; whether you are online, when you last used our Services (your ""last seen""); and when you last updated your ""about"" information.  Device And Connection Information. We collect device and connection-specific information when you install, access, or use our Services. This includes information such as hardware model, operating system information, battery level, signal strength, app version, browser information, mobile network, connection information (including phone number, mobile operator or ISP), language and time",Not Addressed
"If you wish to exercise any of these rights, kindly use the contact details in section 12 below.",Compliant
"As part of our commitment to user rights, google Dashboard allows you to manage information associated with specific products.",Partially Compliant
"When you’re signed out, you can manage information associated with your browser or device, including: Signed-out search customization: Choose whether your search activity is used to offer you more relevant results and recommendations.",Not Addressed
"If you would like to delete your account, you can do this on the deactivation page. Deleting your account removes all messages, media, contacts and every other piece of data you store in the Telegram cloud. This action must be confirmed via your Telegram account and cannot be undone.",Compliant
"j. Without limiting Section 3.i. above, you hereby authorize",Not Addressed
"Under applicable data protection regulations, by default, if you stop using Telegram and do not come online for at least 18 months, your account will be deleted along with all messages, media, contacts and every other piece of data you store in the Telegram cloud. You can go to Settings to change the exact period after which your inactive account will self-destruct.",Compliant
"We work with these companies to support our Services, such as to provide technical infrastructure, delivery and other systems; market our Services; conduct surveys and research for us; protect the safety, security, and integrity of users and others; and assist with customer service. When we share information with third-party service providers and other Meta Companies in this capacity, we require them to use",Not Addressed
"Manage your contact information, such as your name, email, and phone number.",Partially Compliant
"The way in which the information will be processed depends on the specific circumstances. See the section of the Meta Privacy Policy for more. "" "" provides information on the operational guidelines that law enforcement needs to follow. ""How do we respond to legal requests, prevent harm and promote safety and integrity?""",Not Addressed
"For example, you cannot share your location with your contacts if you do not permit us to collect your location data from your device. Permissions can be managed through your Settings menu on both Android and iOS devices.",Partially Compliant
"Telegram offers a tool for advertisers to promote their messages in public one-to-many channels (with 1,000 subscribers or more), as well as in bots, stories, and Telegram’s public search. By default, these sponsored messages are based solely on the topic of the public channels or search terms in which they are shown. No contents of private chats or contacts lists are mined or analyzed to display ads or sponsored messages.",Not Addressed
"As part of our commitment to user rights, consent Managers must ensure that their platform enables Data Principals to give, manage, review, and withdraw consent in accordance with published data protection standards. Check if the document specifies that the platform enables Data Principals to give, manage, review, and withdraw consent in accordance with published standards.",Compliant
"AI at Meta even if you don't have an account Here's the information we collect: Information from partners, vendors and other third parties What if you don't let us collect certain information? Some information is required for our products to work. Other information is optional, but without it, the quality of your experience might be affected.",Not Addressed
"For example, if you watch a lot of sports content, but skip content with hair and makeup tips, our recommendation algorithms will prioritize sports, but not those makeup tips. You can learn more about how we understand Snapchatter preferences and rank and moderate content here.",Not Addressed
"WhatsApp may take action against violations of our Terms of Service or these Guidelines, based on the limited information available to WhatsApp, including basic account, group, and community profile information, as well as messages reported by other users. Your personal messages and calls are always protected by end-to-end encryption.  Do not share illegal content or engage in illegal activity This includes content that sexually exploits or endangers children (including child sexual abuse material) or that supports designated terrorist organizations or individuals. Do not share intellectual property you do not have a right to use. Do not organize or coordinate violent crimes, violence against others, human trafficking, or trade in illicit drugs.  Do not engage in adversarial behavior. This includes efforts to undermine WhatsApp integrity systems, abuse reporting tools, compromise user accounts, scrape data, or use unofficial clients, bulk messaging, auto-messaging, auto-dialing, or automation to harm WhatsApp or our users.",Not Addressed
"you share when it violates these Business Terms or our policies and we become aware of it. We also need and do use information reported to us by other WhatsApp users (such as when they block you or disclose your messages to us as part of a complaint) to determine whether you have breached these Business Terms or are not complying with our policies. If we determine that you have breached these Business Terms or are not complying with our policies, we have the right to limit, throttle, suspend, or terminate Company’s account, depending on the type and circumstances of the breach and within our reasonable discretion. In the event that we terminate Company’s account, Company will not create another WhatsApp business account without our express written permission. Learn more about the restrictions we may impose on the use of our Business Services, including information on how we apply our policies, procedures, measures and tools here. Complaints. You can submit a complaint to us at businesscomplaints@support.whatsapp.com regarding the following: technical or technological issues, customer service issues, suspension and termination of your account or Services, or any alleged breach by us of these Terms or the EU Regulation 2019/1150 (the “Platform Regulation”).",Not Addressed
"We collect information about the apps, browsers, and devices you use to access Google services, which helps us provide features like automatic product updates and dimming your screen if your battery runs low.",Not Addressed
"If you choose to integrate other apps, games or websites with Meta Products and log in, we'll share your information with the app, game or website to log you in. detail on each information category). The actual information that we use depends on your factual circumstances, but could include any of the following: Providing measurement, analytics and business services Why and how we process your information:",Not Addressed
"As part of our commitment to user rights, download your data. You can make a request in our Download My Data tool to export a copy of your Snapchat information.",Compliant
"Under applicable data protection regulations, family Center Participants. When you have enabled Family Center, we share information about the connected teen account to the parent or guardian to provide insight about how the account is used, for example, who your Friends are on Snapchat or which friends you may be sharing your location with. We do not share the content of private content and communications. Learn more.",Partially Compliant
"Upon receiving a complaint, we strive to: review it in a timely, non-discriminatory, diligent and non-arbitrary manner, and reverse our decision if we determine our initial assessment was incorrect; and",Partially Compliant
"This Privacy Policy is meant to help you understand what information we collect, why we collect it, and how you can update, manage, export, and delete your information.",Not Addressed
"If you live in the EU and would like to submit a GDPR-related request, please see here.",Not Addressed
"You can control how your data is used (e.g., delete synced contacts) in Settings > Privacy & Security > Data Settings (using one of our mobile apps).",Partially Compliant
"k. Upon termination of the Business Terms, WhatsApp shall cease Processing Personal Information and shall delete it within the time period set forth in the Business Terms unless applicable law requires further storage or to the extent that",Compliant
"As part of our commitment to user rights, we also built a place for you to review and control information saved in your Google Account. Your Google Account includes: Across many of our services, you can adjust history and personalization controls to make choices about whether we save some types of data in your Google Account and how we use it to personalize your experience. For example, if you have YouTube History turned on, the videos you watch and the things you search for are saved in your account so you can get better recommendations and remember where you left off. Saving activity from services like Search, Maps, and Shopping to your Search Services History lets you do things like resume an AI Mode interaction where you left off or see past searches as Autocomplete suggestions. When Personalized Recommendations in Search services is on, these services can provide results, curated feeds, and AI responses that are personalized to you based on info in your Google Account, including Search Services History. And if you have Web & App Activity turned on, your activity from some other Google services are saved in your account so you can get more personalized experiences. Web & App Activity also has a subsetting that lets you control whether some information about your activity on other sites, apps, and devices that use Google services is saved with Web & App Activity in your Google Account and used to improve Google services.",Partially Compliant
WhatsApp reviews and responds to valid legal orders from authorities in countries where we operate. We may also receive court orders to restrict WhatsApp Channels. We always assess the legitimacy and completeness of a government request before taking any action.,Compliant
Here are some examples of content that is not allowed on YouTube.,Not Addressed
Review the WhatsApp Privacy Policy to understand how our global operations impact how your information is processed.,Not Addressed
"As part of our commitment to user rights, data fiduciaries must ensure the absence of conflict of interest in the performance of their functions. Verify that data fiduciaries have no financial or other interests that could prejudice their functions.",Compliant
"To protect your account and personal data, • If you created a parent-managed account for a user under 13 (or the minimum age required in your country) and allow them to use our",Compliant
"personnel, designed to ensure passwords are personal to each individual, and inaccessible to unauthorized persons, including at minimum: password provisioning, including procedures designed to verify the identity of the user prior to a new, replacement, or temporary password; cryptographically protecting passwords when stored in computer systems or in transit over the network; iii. altering default passwords from vendors; iv. strong passwords relative to their intended use; and v. education on good password practices.",Partially Compliant
"• Provide clear instructions for how people can opt out of receiving specific categories of messages or calls, and honor these requests.",Partially Compliant
"In accordance with our user privacy policy, as of version 5.5, any party can choose to delete any messages in one-on-one chats, both sent and received, for both sides. There is no time limit. Any party can also opt to clear the entire chat history for both parties, in which case the apps will be instructed to remove all messages in that chat, regardless of how many messages are retained by either of the participants.",Partially Compliant
"In some cases we need to comply with legal requirements to store your data which stops us from deleting your information. For example, if we receive a notice from a court asking us to keep a copy of your content. Other reasons we may keep a copy of your data are if we get reports of abuse or other Terms or policy violations, or if your account, content created by you, or content created with other Snapchatters is flagged by others or our systems for abuse or other Terms or policy violations. Finally, we may also keep certain information in backup for a limited period of time or as required by law.",Partially Compliant
"To protect your account and personal data, some data you can delete whenever you like, such as your personal info or the content you create or upload, like photos and documents. You can also delete activity information saved in your account, or choose to have it deleted automatically after a set period of time. We’ll keep this data in your Google Account until you remove it or choose to have it removed.",Compliant
"Telegram Business subscribers can connect third-party bots to their Telegram account, to help them automatically process and respond to messages from users.",Not Addressed
"We use cookies to help personalise and improve content and services, provide a safer experience and to show you useful and relevant ads on and off Meta Products. You can control how we use data to show you ads and more by using the tools described below.",Partially Compliant
"Under applicable data protection regulations, the Board has the authority to investigate complaints made by Data Principals regarding breaches of obligations by Data Fiduciaries or Consent Managers and impose penalties as provided by the Act. Check if the governance document outlines procedures for investigating complaints and imposing penalties for breaches by Data Fiduciaries or Consent Managers.",Compliant
"WhatsApp Legal Info Our Privacy Policy (""Privacy Policy"") helps explain our data practices, including the information we process to provide our Services.",Not Addressed
"As of version 5.5, any party can choose to delete any messages in one-on-one chats, both sent and received, for both sides. There is no time limit. Any party can also opt to clear the entire chat history for both parties, in which case the apps will be instructed to remove all messages in that chat, regardless of how many messages are retained by either of the participants.",Partially Compliant
"In accordance with our user privacy policy, whatsApp reviews and responds to valid legal orders from authorities in countries where we operate. We may also receive court orders to restrict WhatsApp Channels. We always assess the legitimacy and completeness of a government request before taking any action.",Compliant
"To provide, improve and support our Services, we may share your personal data with: (1) our parent company, Telegram Group Inc, located in the British Virgin Islands, (2) Telegraph Inc., a group member also located in the BVI; and (3) Telegram FZ-LLC, a group member located in Dubai. We will implement appropriate safeguards to protect the security and integrity of that personal data. This will take the form of standard contract clauses approved by the European Commission in an agreement between us and our relevant group companies. If you would like more information regarding these clauses, please contact our EEA representative using the details in section 1.4 above.",Partially Compliant
"Under applicable data protection regulations, the Consent Manager must provide the Data Principal with access to the record of consents, notices, and data sharing. Verify if the platform provides users with access to the records of consents, notices, and data sharing.",Compliant
"As of June 2024, creators are able to offer paid access to specific channel posts by accepting Telegram Stars. When users pay to unlock a channel post, a permanent copy is created which resides in the parties' transaction history. This copy remains accessible even if the post is later deleted or either party loses access to the channel.",Not Addressed
"Transparency is one of our core values at Snap. We believe there shouldn’t be any surprises about the data we collect and how we use it — that’s why we’re upfront with how we process it. For example, we process your information to provide you a more personalized experience, including to show you content and information that is most relevant to your experience, as well as more relevant advertisements. Understanding your interests and preferences help us provide a better product experience.",Not Addressed
"As part of our commitment to user rights, the applicability of Indian laws providing higher protection for data transfers outside India is not restricted by this section. Check if the document acknowledges that higher protections for data transfers outside India may be provided by existing Indian laws.",Partially Compliant
Ad Settings: Manage your preferences about the ads shown to you on Google and on sites and apps that partner with Google to show ads.,Partially Compliant
"Seeing if our Products are working correctly, such as troubleshooting and fixing it when it's not working",Not Addressed
"When we show you ads through Meta Audience Network when you visit other apps, our systems automatically process the information that we've collected and stored about you and others to identify you as a Meta Product user and tailor the ads that you see. detail on each information category). The actual information that we use depends on your factual circumstances, but could include any of the following: Content that you provide through our camera feature or your camera roll settings, or through our voice-enabled features",Not Addressed
"We use cookies to understand, secure, operate, personalise and provide our Services. For example:  Site features and services. We use cookies to provide WhatsApp for web and desktop and other Services that are web-based. For example, we use the wa_lang_pref cookie to remember your choices, such as your language preferences on the website.  Analytics. We use cookies to understand how our website is being used in order to rank the FAQs on our website based on popularity, understand mobile versus desktop users of our web-based Services, or understand popularity and effectiveness of certain of our web pages. For example, we use the wa_ul cookie to count visitors to FAQs so we can rank the FAQs based on popularity.  Security. We use cookies to protect the WhatsApp website. For example, we use the wa_csrf cookie to prevent attacks from bad actors.",Not Addressed
"Our Services are not directed to children under the age of 13, and you must confirm that you are 13 years or older in order to create an account and use our Services. If we have actual knowledge that you are under the age of 13 (or the minimum age at which a person may use the Services in your state, province, or country without parental consent, if greater), we will stop providing Services to you and delete your account and data.",Partially Compliant
"To protect your account and personal data, a Data Fiduciary must obtain verifiable consent from the parent or lawful guardian of a child or person with disability before processing their personal data. Verify if the document requires verifiable consent from a parent or guardian for children or persons with disabilities.",Partially Compliant
"We store information for as long as necessary for the purposes identified in this Privacy Policy, including to provide our Services or for other legitimate purposes, such as complying with legal obligations, enforcing and preventing violations of our Terms, or protecting or defending our rights,",Partially Compliant
"In accordance with our user privacy policy, a Data Fiduciary must inform a Data Principal of the right to withdraw consent and the consequences of withdrawal. Verify if the Data Fiduciary provides information on how to withdraw consent and its effects.",Compliant
Learn more about how we choose the ads that you see.,Not Addressed
"As part of our commitment to user rights, a Data Fiduciary must cease processing personal data of a Data Principal who has withdrawn consent, unless processing is required or authorized by law. Verify if the document states that processing must cease upon withdrawal of consent, unless required by law.",Compliant
"All ads must be suitable for their selected audience in each geographic area where the ads will run. Snapchat is a 13+ app, so we will reject ads that are addressed to, or intended to appeal to, children under 13.",Partially Compliant
7. Vulnerability Management. WhatsApp has instituted and will maintain a vulnerability management program covering the Business,Partially Compliant
Logging the following minimum user access management events  Authorization changes;  Failed and successful authentication and access attempts; and  Read and write operations.,Compliant
"All Google products are built with strong security features that continuously protect your information. The insights we gain from maintaining our services help us detect and automatically block security threats from ever reaching you. And if we do detect something risky that we think you should know about, we’ll notify you and help guide you through steps to stay better protected.",Partially Compliant
"Services, including copies of your messages, any other information you deem helpful, and how to contact you (e.g., an email address).",Not Addressed
"Our Services are not directed to children under the age of 13 or those below the applicable minimum age at which you may use the Services in your state, province, or country if older than 13. You must confirm that you are older than that applicable minimum age to create an account and use the Services. If we have actual knowledge that you are not, we will cease providing the Services to you and lock or delete your account and your data. We may require you to verify your age before you are allowed to use our Services.",Compliant
"To protect your account and personal data, 4. Security Testing. WhatsApp will perform regular security and vulnerability testing to assess whether key controls are implemented properly and are effective.",Compliant
"You should keep in mind that in general any user can capture screenshots of your chats or messages or make recordings of your calls with them and send them to WhatsApp or anyone else, or post them on another platform.  User Reports. Just as you can report other users, other users or third parties may also choose to report to us your interactions and your messages with them or others on our Services; for example, to report possible violations of our Terms or policies. When a report is made, we collect information on both the reporting user and reported user. To find out more about what happens when a user report is made, please see Advanced Safety and Security Features.  Businesses On WhatsApp. Businesses you interact with using our",Not Addressed
"We do our best to keep our policies as simple as possible, but depending on where you live, you have some additional rights or there may be specific information that you should be aware of. Please take a look at the list below to see if any apply to you!",Not Addressed
b. Protection of Data in Transit,Not Addressed
"California law will govern these terms and all disputes arising out of or relating to these terms, service-specific additional terms, or any related services, regardless of any conflict of laws rules. These disputes will be resolved exclusively in the federal or state courts of Santa Clara County, California, USA, and you and Google consent to personal jurisdiction in those courts.",Not Addressed
"As part of our commitment to user rights, updates Tab in your app at which point it is no longer accessible to other users through Channels. It may take up to 90 days to delete your Channels information and Channel Subscription information on our servers. We may also retain some of your information as needed for things like compliance with legal obligations, violations of our terms and policies, or harm prevention efforts. Please remember that when you delete your channel, it does not affect the information and content that other users may continue to have, such as a copy of the",Compliant
"• WhatsApp may update this WhatsApp Business Messaging Policy (“Change”) without notice (unless such notice is required by law); by continuing to use the WhatsApp Business Services after such Change, you consent to such Change.",Not Addressed
"Under applicable data protection regulations, we adhere to Google's privacy principles, which means that we build products that are private by design and are thoughtful about the data we use, how we use it and how we protect it. Any data that we collect to customise our services for users, including personalised recommendations, search results that help them more easily discover creators that they love, content that meets their needs and serving relevant ads are all controlled by a user within their privacy settings.",Partially Compliant
"As part of our commitment to user rights, the applicability of Indian laws providing higher protection for data transfers outside India is not restricted by this section. Check if the document acknowledges that higher protections for data transfers outside India may be provided by existing Indian laws.",Compliant
"Information about the network that you connect your device to, including your IP address Information from cookies and similar technologies.",Not Addressed
"As part of our commitment to user rights, a Data Fiduciary must cease processing personal data of a Data Principal who has withdrawn consent, unless processing is required or authorized by law. Verify if the document states that processing must cease upon withdrawal of consent, unless required by law.",Partially Compliant
We allow you to connect the WhatsApp Business App to products and services offered by third parties and/or Meta. These can include for example: cloud storage and hosting services; customer,Not Addressed
"Information about All Channels Users  Usage And Log Information. We collect information about your activity on Channels, like service-related, diagnostic, and performance information. When you use Channels, we also collect information about your activity on and use of Channels, including the types of content you view and subscribe to, and how you interact with it; metadata about Channels, Channel Content, Channel Subscription Updates; and reactions by Followers, subscribers and Viewers; the",Not Addressed
"When we detect illegal content or a violation of our terms and policies, we may take action, including the following, and depending on the nature of the content or violation:  Warning channel admins of violations of these Channels Guidelines  Suspending further delivery of channel updates to users  Removing channel updates from our servers  Removing violating content from channel profile fields (including the channel picture)  Revoking a channel’s verification  Removing a channel from the in-app Directory or search results  Revoking a channel’s invite link  Suspending a channel  Banning channel admin(s) from our Service, and/or  Reporting child sexual abuse material to NCMEC and/or competent authorities",Not Addressed
"You can access or port your information using our in-app Request Account Info feature (available under Settings > Account). For iPhone users, you can learn how to access, manage, and delete your information through our iPhone Help Center articles. For Android users, you can learn how to access, manage, and delete your information through our Android Help Center articles.",Compliant
"With respect to personal information handling, a Data Fiduciary must ensure that any information, service, or advertisement likely to cause detrimental effects on a child's well-being is not accessible to the child. Check if the document restricts access to harmful content for children.",Compliant
"In accordance with our user privacy policy, by default, if you stop using Telegram and do not come online for at least 18 months, your account will be deleted along with all messages, media, contacts and every other piece of data you store in the Telegram cloud. You can go to Settings to change the exact period after which your inactive account will self-destruct.",Compliant
"Family Center Participants. When you have enabled Family Center, we share information about the connected teen account to the parent or guardian to provide insight about how the account is used, for example, who your Friends are on Snapchat or which friends you may be sharing your location with. We do not share the content of private content and communications. Learn more.",Partially Compliant
"In accordance with our user privacy policy, if you would like to delete your account, you can do this on the deactivation page. Deleting your account removes all messages, media, contacts and every other piece of data you store in the Telegram cloud. This action must be confirmed via your Telegram account and cannot be undone.",Compliant
"Google wants users to trust that information about them will be respected and handled with appropriate care. As such, the advertising partners shouldn’t misuse this information, nor collect it for unclear purposes or without appropriate disclosures or security measures.",Partially Compliant
"With respect to personal information handling, • If you created a parent-managed account for a user under 13 (or the minimum age required in your country) and allow them to use our",Compliant
"To protect your account and personal data, k. Upon termination of the Business Terms, WhatsApp shall cease Processing Personal Information and shall delete it within the time period set forth in the Business Terms unless applicable law requires further storage or to the extent that",Compliant
"To protect your account and personal data, ad Settings: Manage your preferences about the ads shown to you on Google and on sites and apps that partner with Google to show ads.",Partially Compliant
"Law, WhatsApp will notify you in advance of any changes related to its sub-processor(s). If you reasonably object to such changes, you may inform WhatsApp in writing and stop using our Business Services; and",Partially Compliant
"a. Security Incident Response. WhatsApp will maintain a security incident response plan for monitoring, detecting, and handling possible security incidents affecting Covered Data. The security incident response plan at least includes definitions of roles and responsibility, communication, and post-mortem reviews, including root cause analysis and remediation plans.",Partially Compliant
"In addition, we may also limit how we collect, use, and store some of the information of Snapchatters under 18. In some cases, this means we will be unable to provide certain functionality to people under the age of 18.",Partially Compliant
"Under applicable data protection regulations, property, and users. The storage periods are determined on a case-bycase basis that depends on factors like the nature of the information, why it is collected and processed, relevant legal or operational retention needs, and legal obligations.",Partially Compliant
"With respect to personal information handling, by default, if you stop using Telegram and do not come online for at least 18 months, your account will be deleted along with all messages, media, contacts and every other piece of data you store in the Telegram cloud. You can go to Settings to change the exact period after which your inactive account will self-destruct.",Compliant
"The types of location data we collect and how long we store it depend in part on your device and account settings. For example, you can turn your Android device’s location on or off using the device’s settings app. You can also turn on Timeline if you want to create a private map of where you go with your signed-in devices. Depending on your settings, your searches and other activity from Google services, which may also include location information, are saved as history to your Google Account. For example, activity from services like Search, Maps, and Shopping is saved to Search Services History, and your activity on some other Google sites and apps is saved to Web & App Activity. Learn more about how we use location information.",Partially Compliant
"Under applicable data protection regulations, k. Upon termination of the Business Terms, WhatsApp shall cease Processing Personal Information and shall delete it within the time period set forth in the Business Terms unless applicable law requires further storage or to the extent that",Compliant
"In accordance with our user privacy policy, we restrict access to personal information to Google employees, contractors, and agents who need that information in order to process it. Anyone with this access is subject to strict contractual confidentiality obligations and may be disciplined or terminated if they fail to meet these obligations.",Compliant
"In accordance with our user privacy policy, maintain visibility on the accessing of personal data through appropriate logs, monitoring, and review to detect unauthorized access. Check if the document specifies logging, monitoring, and review mechanisms for detecting unauthorized access.",Partially Compliant
"As part of our commitment to user rights, you can read more about Google’s data retention periods, including how long it takes us to delete your information.",Partially Compliant
"This allows users to select what is right for them, so that they are in control of the personal information shared with Google – including reviewing their data, downloading and moving it to another service or deleting it entirely whenever they want. Google's privacy policies keep users informed about what data we collect, how it's used and why. And we never sell a user's personal information to anyone.",Partially Compliant
"2. WhatsApp Ireland relies on the EU-U.S. Data Privacy Framework for transfers of European data to WhatsApp LLC in the US as set out in WhatsApp LLC’s Data Privacy Framework Disclosure and to Meta Platforms, Inc. as set out in Meta Platforms Inc.’s Data Privacy Framework Disclosure. WhatsApp Ireland reserves the right to rely on alternative transfer mechanism recognized by the",Partially Compliant
"Services, such as Catalogs for businesses on WhatsApp through which you can browse products and services and place orders.",Not Addressed
• Ensure your opt-in and opt-out flows are clear and intuitive for users.,Not Addressed
How can you manage or delete your information and exercise your rights?,Partially Compliant
"With respect to personal information handling, we work hard to protect you and Google from unauthorized access, alteration, disclosure, or destruction of information we hold, including: We offer a range of security features, like Safe Browsing, Security Checkup, and 2 Step Verification to help you protect your account",Compliant
"When you use our Services, we collect information about which of those Services you’ve used and how you’ve used them. This helps us better understand the way our community uses our Services so that we can make improvements.",Not Addressed
"Under applicable data protection regulations, whatsApp will employ technology that is consistent with industry standards for network segregation.",Partially Compliant
• You will not transfer any of your rights or obligations under our Terms to anyone else without our prior written consent. Children on parentmanaged accounts are permitted to manage their own account when they reach 13 (or the minimum age required in their country or territory).,Partially Compliant
"Our Community Guidelines apply to all content and behavior on Snapchat's platform and products, and cover the following topics: We prohibit any activity that involves sexual exploitation or abuse, or sexualization, of a minor, including sharing child sexual exploitation or abuse imagery, grooming for sexual purposes, sexual extortion (sextortion), or attempts to persuade, trick, or coerce a minor with the intent of sexual abuse or exploitation. Never post, save, send, forward, distribute, or ask for nude or sexually explicit content involving anyone under the age of 18 (this includes sending or saving such images of yourself). We prohibit any engagement with child sexual exploitation or abuse imagery, regardless of intention, even the sharing of such content is to raise awareness or express concern. We report all identified instances of child sexual exploitation and attempts to engage in such conduct to the appropriate authorities, including the National Center for Missing and Exploited Children (NCMEC), in line with legal requirements.",Not Addressed
"Showing minors who are involved in dangerous activities. For example, physical stunts, using weapons or explosives, or using a controlled substance like alcohol or nicotine, including use of vapes or e-cigarettes.",Not Addressed
"Managing And Retaining Your Information You can access, manage or port your Channels information using our inapp settings set out in the WhatsApp Privacy Policy.  Retaining your public Channel Content, Channel Subscription",Compliant
"Of course, you’ll also provide us with information you send through or save within our Services, including content and information about that content, and content you share and generate with our AI Features (content, or “Inputs,” including text, images, video, audio, precise location, and engagement, including content you share with My AI, used to generate content and responses, or “Outputs,”). We consider some of this information to be private content and communications (like Snaps and Chats with your friends, voice and video calls, and content that is saved in My Eyes Only). Or content you share with a particular audience like private & friend stories (My Story set to Friends, Private Stories). On the other end of the spectrum, some of the information you send through or save within our Services may be public content that is accessible to everyone (such as Public Story content, including My Story set to Everyone, Shared Stories, and Community Stories, Spotlight or Snap Map submissions, and Public Profile information). Keep in mind that Snapchatters who view your Snaps, Chats, and any other content, can always screenshot that content, save it, or copy it outside the Snapchat app. So please don’t send messages or share content that you wouldn’t want someone to save or share.",Not Addressed
"Under applicable data protection regulations, we work hard to protect you and Google from unauthorized access, alteration, disclosure, or destruction of information we hold, including: We offer a range of security features, like Safe Browsing, Security Checkup, and 2 Step Verification to help you protect your account",Compliant
"To protect your account and personal data, the applicability of Indian laws providing higher protection for data transfers outside India is not restricted by this section. Check if the document acknowledges that higher protections for data transfers outside India may be provided by existing Indian laws.",Compliant
Services may provide us with information about their interactions with you. We require each of these businesses to act in accordance with applicable law when providing any information to us.,Not Addressed
"To protect your account and personal data, you can alter or revoke the bot’s permissions, including the list of chats it can access, at any time from Settings > Telegram Business > Chatbots on official Telegram clients.",Compliant
"Family-friendly cartoons that target young minors and contain adult or age-inappropriate themes such as violence, sex, death, drugs and more. We don't allow content labelled as suitable for children in the video's title, description, tags or in the audience selection if it contains age-inappropriate themes.",Not Addressed
"The categories of information that we access, preserve, use and share depend on the specific circumstances. For example, responses to legal requests where not compelled by law will typically include limited information (such as contact details and login information).",Partially Compliant
"To facilitate text localization, bots you interact with (including via chats managed by Telegram Business Chatbots), may receive your interface language based on your app or operating system language settings. Note that if you update your language settings, bots may continue to receive your previous language for some time.",Not Addressed
"Under applicable data protection regulations, opt out of promotional messages. You have the option to opt out or unsubscribe from promotional emails and messages sent by SMS or other messaging platforms. To do so, just follow the instructions in the message like an unsubscribe link or similar functionality.",Compliant
"However, the information we process will depend on the purposes, which could include the following: In response to legal requests from third parties such as civil litigants, law enforcement and other government authorities",Partially Compliant
"As part of our commitment to user rights, telegram is a cloud service. We store messages, photos, videos and documents from your cloud chats on our servers so that you can access your data from any of your devices anytime without having to rely on third-party backups. All data is stored heavily encrypted and the encryption keys in each case are stored in several other data centers in different jurisdictions. This way local engineers or physical intruders cannot get access to user data.",Compliant
"In accordance with our user privacy policy, k. Upon termination of the Business Terms, WhatsApp shall cease Processing Personal Information and shall delete it within the time period set forth in the Business Terms unless applicable law requires further storage or to the extent that",Compliant
"We work hard to protect you and Google from unauthorized access, alteration, disclosure, or destruction of information we hold, including: We offer a range of security features, like Safe Browsing, Security Checkup, and 2 Step Verification to help you protect your account",Compliant
"relationship management tools; ad and message creation, delivery and management services; business analytics services; and AI tools.",Not Addressed
"In accordance with our user privacy policy, ads should respect user preferences and comply with legal regulations. We restrict certain kinds of sexual content in ads and destinations, which will only show in limited scenarios based on user search queries, user age and local laws where the ad is being served. Ads must not target minors.",Partially Compliant
"To protect your account and personal data, if Telegram receives a valid order from the relevant judicial authorities that confirms you're a suspect in a case involving criminal activities that violate the Telegram Terms of Service, we will perform a legal analysis of the request and may disclose your IP address and phone number to the relevant authorities. If any data is shared, we will include such occurrences in a quarterly transparency report published at: https://t.me/transparency.",Compliant
"If you live in India, this chart describes the categories of information we share. It also explains how and why we share this information.",Not Addressed
"With respect to personal information handling, you can control how your data is used (e.g., delete synced contacts) in Settings > Privacy & Security > Data Settings (using one of our mobile apps).",Partially Compliant
"Transferring, storing or processing your information globally Why and how we process your information: Transferring, storing or processing your information across borders, including from and to the United States and other countries: We share information that we collect globally, both internally across our offices and data centres and externally with our , and . Because Meta is global, with users, partners, vendors and employees around the world, transfers are necessary: partners third parties service providers",Partially Compliant
"When you send photos, videos or files via secret chats, before being uploaded, each item is encrypted with a separate key, not known to the server. This key and the file’s location are then encrypted again, this time with the secret chat’s key — and sent to your recipient. They can then download and decipher the file. This means that the file is technically on one of Telegram’s servers, but it looks like a piece of random indecipherable garbage to everyone except for you and the recipient. We don’t know what this random data stands for and we have no idea which particular chat it belongs to. We periodically purge this random data from our servers to save disk space.",Partially Compliant
"Importantly, your use of WhatsApp Channels does not impact the privacy of your WhatsApp personal messages, which continue to be end-to-end encrypted as described in the WhatsApp Privacy Policy.",Not Addressed
"In accordance with our user privacy policy, our Services connect you with your friends around the world. To make that possible, we may collect your personal information from, transfer it to, and store and process it in the United States or other countries outside of where you live. Whenever we share information outside of where you live, we ensure safeguards are in place to protect the data as required by law where you live. If you want to learn more about this, see the Region Specific Information section for more details.",Partially Compliant
"Telegram is a cloud service. We will process your data to deliver your cloud chat history, including messages, media and files, to any devices of your choosing without a need for you to use third-party backups or cloud storage.",Not Addressed
"My Activity allows you to review and control data that’s saved to your Google Account when you’re signed in and using Google services, like searches you’ve done or your visits to Google Play. You can browse by date and by topic, and delete part or all of your activity.",Compliant
"You can learn more about how privacy works on and on , and in the . If you have any questions about this policy, you can as described below. In some countries, you may also be able to contact the Data Protection Officer for Meta Platforms, Inc., and depending on your jurisdiction, you may also contact your local Data Protection Authority (""DPA"") directly.",Partially Compliant
"We use information we collect, like your email address, to interact with you directly. For example, we may send you a notification if we detect suspicious activity, like an attempt to sign in to your Google Account from an unusual location. Or we may let you know about upcoming changes or improvements to our services. And if you contact Google, we’ll keep a record of your request in order to help solve any issues you might be facing.",Not Addressed
"To protect your account and personal data, information for as long as necessary for the purposes identified in this Channels Privacy Policy and the WhatsApp Privacy Policy, including to provide Channels or for other legitimate purposes, such as complying with legal obligations, enforcing and preventing violations of our terms and policies, or protecting or defending our rights, property, and users. The storage periods are determined on a case-by-case basis that depends on factors like the nature of the information, why it is collected and processed, relevant legal or operational retention needs, and legal obligations.  Deleting your Channel. If you are an Admin, deleting your",Partially Compliant
"As part of our commitment to user rights, by default, if you stop using Telegram and do not come online for at least 18 months, your account will be deleted along with all messages, media, contacts and every other piece of data you store in the Telegram cloud. You can go to Settings to change the exact period after which your inactive account will self-destruct.",Compliant
Information You Provide  Your Business Account Information.,Not Addressed
"With respect to personal information handling, the Board may impose penalties under the Act if a data fiduciary breaches its provisions or the rules made thereunder, and the breach is deemed significant. Verify if the Board has imposed penalties for a significant breach of the Act or its rules.",Partially Compliant
"As part of our commitment to user rights, the applicability of Indian laws providing higher protection for data transfers outside India is not restricted by this section. Check if the document acknowledges that higher protections for data transfers outside India may be provided by existing Indian laws.",Compliant
"Under applicable data protection regulations, contractual Clauses for the transfer of personal data to third countries pursuant to Regulation (EU) 2016/679 as set out in annex to Commission Decision 2021/914 which, as of the last updated date, are available at the link https://eurlex.europa.eu/eli/dec_impl/2021/914/oj, and which are incorporated herein by reference.",Partially Compliant
You can make choices about the information used to show you ads in your Ads preferences. The https://www.whatsapp.com website exclusively uses First-Party cookies.,Partially Compliant
"If you fail to comply, we reserve the right to remove any offending content; terminate or limit the visibility of your account or access to certain features; retain data relating to your account in accordance with our data retention policies; and notify third parties — including law enforcement — and provide those third parties with data and any other information relating to your account. This step may be necessary to protect the safety of our users and others; to investigate, remedy, and enforce potential violations of our Terms; and to detect and resolve any fraud or security concerns.",Not Addressed
e. WhatsApp will notify you without undue delay of the discovery by WhatsApp of any Personal Information Breach;,Compliant
"7 misuse any reporting, flagging, complaint, dispute, or appeals process, including by making groundless, vexatious, or frivolous submissions",Not Addressed
"With respect to personal information handling, whatsApp India does not have access to the BHIM UPI PIN because it is encrypted by Common Library (CL) software provided by National Payments Corporation of India.  Payment Transaction Information. When you send, receive, or request payments, you provide or confirm information about your transaction, including the receiver’s name, phone number, BHIM UPI ID (virtual payment address), payment amount, and currency. To",Compliant
"Snap, Snap Inc., and our affiliates, directors, officers, stockholders, employees, licensors, suppliers, and agents will not be liable for any indirect, incidental, special, consequential, punitive, or multiple damages, or any loss of profits or revenues, whether incurred directly or indirectly, or any loss of data, use, goodwill or other intangible losses, resulting from: (a) your use of the Services or inability to use the Services, (b) your access to or inability to access the Services, (c) the conduct or content of other users or third parties on or through the Services, or (d) unauthorised access, use or alteration of your content. Except to the extent specified otherwise in any other applicable terms of Snap, Snap Inc., or our affiliates, in no event will Snap, Snap Inc., or our affiliates’ aggregate liability for all claims relating to the Services exceed the greater of (a) €100 EUR, and (b) the amount you paid Snap in the last 12 months for any Services.",Not Addressed
"With respect to personal information handling, opt out of promotional messages. You have the option to opt out or unsubscribe from promotional emails and messages sent by SMS or other messaging platforms. To do so, just follow the instructions in the message like an unsubscribe link or similar functionality.",Compliant
"""Legal Process"" means an information disclosure request made under law, governmental regulation, court order, subpoena, warrant, or other valid legal authority, legal procedure, or similar process.",Not Addressed
"Under applicable data protection regulations, opt out of promotional messages. You have the option to opt out or unsubscribe from promotional emails and messages sent by SMS or other messaging platforms. To do so, just follow the instructions in the message like an unsubscribe link or similar functionality.",Compliant
"In accordance with our user privacy policy, if Telegram receives a valid order from the relevant judicial authorities that confirms you're a suspect in a case involving criminal activities that violate the Telegram Terms of Service, we will perform a legal analysis of the request and may disclose your IP address and phone number to the relevant authorities. If any data is shared, we will include such occurrences in a quarterly transparency report published at: https://t.me/transparency.",Compliant
"your information on our behalf in accordance with our instructions, terms, and applicable law.  PSP Banks and NPCI. We share information with PSP banks and NPCI to help us operate Payments. The PSP banks and NPCI receive account information, including information to authenticate your account; transaction information, including payment amount and BHIM UPI IDs; country; transaction and account identifiers; information to detect, prevent, or otherwise address fraud, safety, security, abuse, or other misconduct; and customer support information. Please note that when you use PSP banks and NPCI services, their own terms and privacy policies will govern your use of those services.  Bill Payments information. We share information with the COU and payment aggregator to enable the Bill Payments feature on",Not Addressed
"As part of our commitment to user rights, intermediaries must not attempt to secure access to protected systems without authorization. Check if the document prohibits unauthorized access to protected systems and outlines consequences for such actions.",Compliant
"WhatsApp Ireland Limited is your contracting entity, the WhatsApp Business Data Transfer Addendum applies and is incorporated by reference into these Data",Not Addressed
"We also use contact information such as your email address to respond when you contact us. detail on each information category). The actual information that we use depends on your factual circumstances, but could include any of the following: Content that you provide through our camera feature or your camera roll settings, or through our voice-enabled features",Not Addressed
"As part of our commitment to user rights, we restrict access to personal information to Google employees, contractors, and agents who need that information in order to process it. Anyone with this access is subject to strict contractual confidentiality obligations and may be disciplined or terminated if they fail to meet these obligations.",Compliant
"We also offer Incognito mode, which lets users signed in to the YouTube app browse privately in a session so that their account search and watch history will not reflect whatever they're viewing.",Not Addressed
"To protect your account and personal data, our Services are not directed to children under the age of 13, and you must confirm that you are 13 years or older in order to create an account and use our Services. If we have actual knowledge that you are under the age of 13 (or the minimum age at which a person may use the Services in your state, province, or country without parental consent, if greater), we will stop providing Services to you and delete your account and data.",Partially Compliant
b. Confidentiality. WhatsApp will contractually bind personnel with access to Covered Data to appropriate confidentiality requirements.,Partially Compliant
"If you’re a parent or legal guardian, and you allow your child to use the services, then these terms apply to you and you’re responsible for your child’s activity on the services.",Partially Compliant
"Examples of inappropriate or offensive content (non-exhaustive): Bullying or intimidation of an individual or group, racial discrimination, content promoting hate groups or hate group paraphernalia, graphic crime scene or accident images, cruelty to animals, murder, self-harm, extortion or blackmail, sale or trade of endangered species, ads using profane language and content promoting the sexual exploitation of minors.",Not Addressed
"With respect to personal information handling, data Fiduciary must notify affected Data Principals of personal data breaches in a concise, clear, and plain manner without delay. Check if the document specifies the obligation to notify affected Data Principals of personal data breaches in a clear and timely manner.",Partially Compliant
"In accordance with our user privacy policy, you can clear all payment information associated with your account at any time by going to Telegram Settings > Privacy & Security > Data Settings and selecting ‘Clear Payment & Shipping Info’. If you choose to remove your payment information, we will delete your stored shipping info and payment tokens from all providers and ask the payment providers to remove your credit card information that they store.",Compliant
"Breastfeeding and other depictions of nudity in non-sexual contexts are generally permitted, unless posted without the subject’s consent.",Not Addressed
"property, and users. The storage periods are determined on a case-bycase basis that depends on factors like the nature of the information, why it is collected and processed, relevant legal or operational retention needs, and legal obligations.",Partially Compliant
"As part of our commitment to user rights, if you wish to exercise any of these rights, kindly use the contact details in section 12 below.",Compliant
"To validate metrics directly related to these, in order to inform and improve product direction and development and to adhere to (shareholder/earning) reporting obligations. detail on each information category). The actual information that we use depends on your factual circumstances, but could include any of the following: Content that you provide through our camera feature or your camera roll settings, or through our voice-enabled features",Not Addressed
"Under applicable data protection legislation, in certain circumstances, you have rights concerning your personal data. You have a right to: (1) request a copy of all your personal data that we store and to transmit that copy to another data controller; (2) delete (see section 10 below) or amend your personal data; (3) restrict, or object to, the processing of your personal data; (4) correct any inaccurate or incomplete personal data we hold on you; and (5) lodge a complaint with national data protection authorities regarding our processing of your personal data.",Compliant
"With respect to personal information handling, 3. Our Obligations as Processor. To the extent required by applicable Data Privacy Law, WhatsApp and you agree to the following: a. WhatsApp shall only Process Personal Information in accordance with your instructions as set out in the Business Terms and these Data Processing Terms.",Partially Compliant
"In accordance with our user privacy policy, some data you can delete whenever you like, such as your personal info or the content you create or upload, like photos and documents. You can also delete activity information saved in your account, or choose to have it deleted automatically after a set period of time. We’ll keep this data in your Google Account until you remove it or choose to have it removed.",Compliant
"To protect your account and personal data, intermediaries must comply with government authorization to access protected systems. Check if the document specifies procedures for complying with government authorization to access protected systems.",Compliant
"As part of our commitment to user rights, the Data Principal shall have the right to withdraw consent at any time, with the ease of doing so being comparable to the ease with which such consent was given. Check if the withdrawal of consent is as easy as the initial consent was obtained.",Partially Compliant
"Our Services connect you with your friends around the world. To make that possible, we may collect your personal information from, transfer it to, and store and process it in the United States or other countries outside of where you live. Whenever we share information outside of where you live, we ensure safeguards are in place to protect the data as required by law where you live. If you want to learn more about this, see the Region Specific Information section for more details.",Partially Compliant
"In accordance with our user privacy policy, unless stated otherwise in this Privacy Policy, the personal data that you provide us will only be stored for as long as it is necessary for us to fulfill our obligations in respect of the provision of the Services.",Partially Compliant
"We keep some data until you delete your Google Account, such as information about how often you use our services.",Not Addressed
"In addition to private messages, Telegram also supports public channels and public groups. All public chats are cloud chats (see section 3.3.1 above). Like everything on Telegram, the data you post in public communities is encrypted, both in storage and in transit — but everything you post in public will be accessible to everyone.",Not Addressed
"(b) Any indemnified party must tender sole control of the indemnified portion of the Third-Party Legal Proceeding to the indemnifying party, subject to the following: (i) the indemnified party may appoint its own non-controlling counsel, at its own expense; and (ii) any settlement requiring the indemnified party to admit liability, pay money, or take (or refrain from taking) any action, will require the indemnified party's prior written consent, not to be unreasonably withheld, conditioned, or delayed.",Not Addressed
"Under applicable data protection regulations, a Data Fiduciary shall erase personal data upon receipt of a request for erasure unless retention is necessary for a specified purpose or for compliance with law. Check if the document specifies that data fiduciaries must erase personal data upon request unless retention is required for a specified purpose or legal compliance.",Partially Compliant
"We don’t show you personalized ads based on sensitive categories, such as race, religion, sexual orientation, or health.",Not Addressed
"Opt out of promotional messages. You have the option to opt out or unsubscribe from promotional emails and messages sent by SMS or other messaging platforms. To do so, just follow the instructions in the message like an unsubscribe link or similar functionality.",Compliant
"authorize every payment you make, you need to use your BHIM UPI PIN. This payment transaction information is handled securely.",Not Addressed
"Under applicable data protection regulations, we work hard to protect you and Google from unauthorized access, alteration, disclosure, or destruction of information we hold, including: We offer a range of security features, like Safe Browsing, Security Checkup, and 2 Step Verification to help you protect your account",Compliant
"As part of our commitment to user rights, google Dashboard allows you to manage information associated with specific products.",Partially Compliant
You can learn more here about our data deletion and retention practices and about how to delete your account.,Partially Compliant
"Under applicable data protection regulations, if you wish to exercise any of these rights, kindly use the contact details in section 12 below.",Compliant
View details What is the Privacy Policy and what does it cover? Effective from 23 July 2026 | |,Not Addressed
"On iOS we use Apple’s TrueDepth camera to improve the quality of Lenses. Note, however, that this information is used in real time — we don’t store this information on our servers or share it with third parties.",Not Addressed
"Due to the fact that Telegram doesn't store any credit card details or transaction information, it is impossible for us to handle complaints or cashbacks – any disputed payments are the responsibility of the bot developers, payment providers, and banks that participated in the exchange.",Not Addressed
"WhatsApp may take action against channels that violate the following Channels Guidelines:  Do not share illegal content or engage in illegal activity. This includes content that sexually exploits or endangers children (including child sexual abuse material), or that supports violent extremist or criminal organizations or individuals. Channels should not facilitate the exploitation of people, including through human trafficking, or share content that depicts, threatens, or promotes sexual violence, sexual assault, or sexual exploitation. Do not share intellectual property you do not have a right to use.  Do not share content that could cause serious harm to people. This includes content that constitutes a credible threat to public or personal safety, incitement of violence, organization or coordination of violent or criminal activities, or that encourages suicide or selfinjury.",Not Addressed
"The WhatsApp Business App follows the same information management, retention and deletion practices described in the WhatsApp Privacy Policy.",Partially Compliant
"As part of our commitment to user rights, logging the following minimum user access management events  Authorization changes;  Failed and successful authentication and access attempts; and  Read and write operations.",Compliant
"For more information on safety, integrity and security generally on Meta Products, visit the and .",Not Addressed
