clause_id,app_name,source_document,clause_text,best_match_taxonomy_id,dpdp_category,matched_act,verdict,verdict_score,justification,label_status,label_needs_review,cache_key,run_id,model
S000811,Meta,MetaPrivacyPolicy,Facebook Help Centre contact us How long do we keep your information for?,NONE,Not Applicable,NONE,Not Addressed,0.0,"General descriptive, definitional or navigational text; no operational mechanism matching any taxonomy requirement.",NEW_SUCCESS,False,46d3ff3cb0211662af4b5d4d0071ec1e3e72a70313e29b0b1c6072e1bbec6ced,run-88abf65b56c9595b,qwen3:8b
S000810,Meta,MetaPrivacyPolicy,"You can learn more about how privacy works on and on , and in the . If you have any questions about this policy, you can as described below. In some countries, you may also be able to contact the Data Protection Officer for Meta Platforms, Inc., and depending on your jurisdiction, you may also contact your local Data Protection Authority (""DPA"") directly.",DPDP_RUL-0201,Grievance Redressal,DPDP Rules 2025,Partially Compliant,0.5,"Published complaint/contact route with a promise to respond, but no stated ninety-day grievance timeline.",NEW_SUCCESS,False,354a69dc0ded21ad602a92aae2eb7706ffd9207951b8548c4178bdb70252333d,run-88abf65b56c9595b,qwen3:8b
S000366,Google,Google Privacy Policy,We regularly review this Privacy Policy and make sure that we process your information in ways that comply with it.,NONE,Not Applicable,NONE,Not Addressed,0.0,Describes purposes of use of data; no actionable compliance mechanism mapped to a taxonomy requirement.,NEW_SUCCESS,False,d2a297f29bb82201dce6d10599fb1f25fd7273c22eaa6c55fbad10688e307a95,run-c6bf936e43df-5d0fde37,qwen3:8b
S002371,Youtube,Child safety policy,"Update: Content that targets young minors and families but contains sexual themes, violence, or obscene or other mature themes that are not suitable for young audiences is not allowed on YouTube. In addition to your titles, descriptions and tags, ensure that your audience selection matches the audience that your content is suitable for.",NONE,Not Applicable,NONE,Not Addressed,0.0,Content/community-conduct or advertising-policy rule; not a data-protection obligation under the DPDP taxonomy.,NEW_SUCCESS,False,a472ae54e9767d4f0b2cf7cbda038cd79c0ed46eaf8466010b534757d61a9896,run-88abf65b56c9595b,qwen3:8b
S001864,WhatsApp,WhatsApp Business Data Security Terms,WhatsApp will employ technology that is consistent with industry standards for network segregation.,DPDP_RUL-0172,Security Safeguards,DPDP Rules 2025,Partially Compliant,0.5,Access control or credential/network safeguard described in general terms.,NEW_SUCCESS,False,e012a799062bd0c789b4aa9d109a015cb874cf28bf759ecf18ec7b2e04d0775b,run-c6bf936e43df-5d0fde37,qwen3:8b
S001099,Snapchat,Snap Group Limited Terms of Service,"By providing us with your mobile phone number you agree, among other things, to receive Messages from Snap related to the Services, including about promotions (where we have consent or as permitted by law), your account, and your relationship with Snap. These Messages may be received even if your mobile phone number is registered on any kind of “Do Not Call” list, or international equivalent.",NONE,Not Applicable,NONE,Not Addressed,0.0,"General descriptive, definitional or navigational text; no operational mechanism matching any taxonomy requirement.",NEW_SUCCESS,False,955ac79ff530a5d6e4b7aa61d3ce0904bdf5524438403a2aab813d00122d437e,run-c6bf936e43df-5d0fde37,qwen3:8b
S000774,Meta,MetaPrivacyPolicy,"The information that we collect and process about you depends on how you use our . For example, we collect different information if you sell furniture on",NONE,Not Applicable,NONE,Not Addressed,0.0,"Describes what data is collected; no user right, retention limit, safeguard or grievance mechanism stated.",NEW_SUCCESS,False,641eb0da271ead439bf8f7bc2f37fee696abc5494436456be4e65b88453f20ff,run-88abf65b56c9595b,qwen3:8b
S001150,Snapchat,Snap_Privacy Policy,"Change your permissions. In most cases, you can change your permissions at any time. For example, by default you are findable to others through your phone number and/or email address that you provided. If you no longer want to be findable, you can always change your settings. Or if you provided access to your phone or third party platform contacts to make friending easier, you can change that later on in your app settings. Of course, if you do that, certain features and Services, like finding friends in your contact book, won’t work.",DPDP_RUL-0208,Consent & Notice,DPDP Rules 2025,Partially Compliant,0.5,"Settings/controls let the user give, manage or review permissions or ad consent; partial coverage of a consent-management function.",NEW_SUCCESS,False,5a2f804c338cd8d5bb3b4a8559ee8170185b6261d9bda830379d01e6c2455081,run-c6bf936e43df-5d0fde37,qwen3:8b
S000848,Meta,MetaPrivacyPolicy,"Metadata about content and messages, subject to applicable law Interactions with our features that are part of AI at Meta and related metadata. For example, information such as content and messages that you or others exchange with these features",NONE,Not Applicable,NONE,Not Addressed,0.0,"General descriptive, definitional or navigational text; no operational mechanism matching any taxonomy requirement.",NEW_SUCCESS,False,e85c5e7f65ca8d0479005db8c3d292f6cca092bbb889f8b43c8593c2806c4933,run-88abf65b56c9595b,qwen3:8b
S002571,Youtube,Terms of Service,"YouTube reserves the right to suspend or terminate your Google account or your access to all or part of the Service if: (a) you materially or repeatedly breach this Agreement; (b) we are required to do so to comply with a legal requirement or a court order; or (c) we believe there has been conduct that creates (or could create) liability or harm to any user, other third party, YouTube or our Affiliates.",IT_ACT_2-0285,Intermediary/Platform Liability,IT Act 2000,Partially Compliant,0.5,Discloses compliance procedures for mandatory legal requirements and court blocking orders.,NEW_SUCCESS,False,b1bd41be4dbcc2294122bd367a8c4a162889d4e85f0829de08773456ddff46e4,run-88abf65b56c9595b,qwen3:8b
S001470,Snapchat,SnapchatCommunity Guidelines,"Breastfeeding and other depictions of nudity in non-sexual contexts are generally permitted, unless posted without the subject’s consent.",NONE,Not Applicable,NONE,Not Addressed,0.0,Content/community-conduct or advertising-policy rule; not a data-protection obligation under the DPDP taxonomy.,NEW_SUCCESS,False,cd7d179053854038617d6b7ba0a08d31d93409f8b0e28621264464944545a963,run-c6bf936e43df-5d0fde37,qwen3:8b
S001785,WhatsApp,WhatsApp Business App Privacy Policy,"WhatsApp Business App would be considered personal data and is processed by WhatsApp as a controller, each under applicable law. Users should refer to the WhatsApp Privacy Policy, incorporated herein by reference, to understand how their information is processed in Main App Functionality. Learn more about Business Functions and the Main App Functionality available on WhatsApp Business App here. Please also read the WhatsApp Business Terms of Service (""Business Terms""), which describe the terms under which you use and we provide the WhatsApp Business App.",NONE,Not Applicable,NONE,Not Addressed,0.0,"Commercial/contractual term (liability, disputes, billing, licensing, service terms); no DPDP data-protection obligation or mechanism.",NEW_SUCCESS,False,fc007adf380f4d0eddf2cc5b95545e1967d4df44b648a6d25d63645baa7600dd,run-c6bf936e43df-5d0fde37,qwen3:8b
S001843,WhatsApp,WhatsApp Business Data Security Terms,"Services made available under the Business Terms, including the data you send to WhatsApp using the Business Services (“Covered Data”).",NONE,Not Applicable,NONE,Not Addressed,0.0,"General descriptive, definitional or navigational text; no operational mechanism matching any taxonomy requirement.",NEW_SUCCESS,False,a91f10efcb638e7146cd79cf940012bc4c48b7bf660002cdb69575db0bcccfa1,run-c6bf936e43df-5d0fde37,qwen3:8b
S001054,Snapchat,Snap Group Limited Terms of Service,"Upon receiving a complaint, we strive to: review it in a timely, non-discriminatory, diligent and non-arbitrary manner, and reverse our decision if we determine our initial assessment was incorrect; and",DPDP_RUL-0201,Grievance Redressal,DPDP Rules 2025,Partially Compliant,0.5,"Published complaint/contact route with a promise to respond, but no stated ninety-day grievance timeline.",NEW_SUCCESS,False,0a4c94c04b31f70d7e586c48679ce2ed70d1f1a5791849557e9a259d8f9483a4,run-c6bf936e43df-5d0fde37,qwen3:8b
S000645,Meta,Meta_Cookies_Policy,"Cookies help us provide, protect and improve the Meta Products, such as by personalising content, tailoring and measuring ads, and providing a safer experience. The cookies that we use include session cookies, which are deleted when you close your browser, and persistent cookies, which stay in your browser until they expire or you delete them. The cookies that we may change over time as we improve and update Meta Products, we typically use them for the following purposes: Where do we use cookies?",NONE,Not Applicable,NONE,Not Addressed,0.0,"Describes advertising, cookies or personalisation practice; no consent-withdrawal, rights or safeguard mechanism stated.",NEW_SUCCESS,False,32e2bd503ef640eb1e279007744b2c114e3a01b3bdc968a95e2e1281caa10c07,run-88abf65b56c9595b,qwen3:8b
S001784,WhatsApp,WhatsApp Business App Privacy Policy,"The WhatsApp Business App provides similar features and functionality to the WhatsApp Messenger App (“Main App Functionality”), but provides additional features and functionality tailored for business needs (“Business Functions”). Business Functions include things like catalog, and greeting and away messages. While the WhatsApp Business App includes various features available in the WhatsApp Messenger App, some features may not be available; and not all Business Functions are available everywhere. Business Functions may be offered by WhatsApp, third parties and/or Meta, via integrations into our Business App, and may be subject to the third parties’ own terms of service and privacy policies. This WhatsApp Business App Privacy Policy (“Business App Privacy Policy”) explains WhatsApp’s data practices with respect to the Business",NONE,Not Applicable,NONE,Not Addressed,0.0,"Commercial/contractual term (liability, disputes, billing, licensing, service terms); no DPDP data-protection obligation or mechanism.",NEW_SUCCESS,False,dc4387579bdd199ff35688b745db8b54d01c3ecd2885ffcf4ce02c075c10a64d,run-c6bf936e43df-5d0fde37,qwen3:8b
S001194,Snapchat,Snap_Privacy Policy,"Service Providers. We share your information with our service providers, who process that information on our behalf. For example, we rely on such Service Providers to facilitate payments, measure and optimize the performance of ads, or protect the services. We do not share private content and communications with our service providers to use for their own purposes. We maintain a list of categories of service providers here.",NONE,Not Applicable,NONE,Not Addressed,0.0,Content/community-conduct or advertising-policy rule; not a data-protection obligation under the DPDP taxonomy.,NEW_SUCCESS,False,870809493d3fd12a76426c9c5b8cccd3c0492bbb52cb4e68c1190dd856e01ebf,run-c6bf936e43df-5d0fde37,qwen3:8b
S000321,Google,Google Privacy Policy,Manage personal info in your Google Account and control who can see it across Google services.,DPDP_ACT-0040,Data Principal Rights,DPDP Act 2023,Partially Compliant,0.5,"Self-service way to view, manage or update personal data; access/correction is offered but without a stated request procedure or timeline.",NEW_SUCCESS,False,d9e71def3a36aa99fbf9a6027a2532f97ad31e087f3380aba744fdd144bd40e3,run-c6bf936e43df-5d0fde37,qwen3:8b
S002225,WhatsApp,WhatsappBusinessTermsOfService,"• You must respect all requests (either on or off WhatsApp) by a person to block, discontinue, or otherwise opt out of communications from you via WhatsApp, including removing that person from your contacts list. Do not confuse, deceive, defraud, mislead, spam, or surprise people with your communications.",DPDP_ACT-0019,Consent & Notice,DPDP Act 2023,Partially Compliant,0.5,"User can object/opt out and the platform commits to honour the request, though legal exceptions are not spelled out.",NEW_SUCCESS,False,d22eb004723df7a5f2c4547fe88aaeb47321e7933f22a95d4f673e37bafe2690,run-c6bf936e43df-5d0fde37,qwen3:8b
S000345,Google,Google Privacy Policy,"We will share personal information outside of Google if we have a good-faith belief that disclosure of the information is reasonably necessary to: Respond to any applicable law, regulation,legal process, or enforceable governmental request. We share information about the number and type of requests we receive from governments in our Transparency Report.",IT_ACT_2-0289,Intermediary/Platform Liability,IT Act 2000,Compliant,1.0,Explicit procedure for disclosure only on valid legal process (warrant/court order/subpoena/judicial order) with transparency reporting.,NEW_SUCCESS,False,042bc87b7bf579f3822c3f0de76b227f3eafbbd58f1fe1600e001ec24897d35a,run-c6bf936e43df-5d0fde37,qwen3:8b
S000793,Meta,MetaPrivacyPolicy,"We use information we have, information from researchers and datasets from publicly available sources, professional groups and charitable groups to conduct and support research.",NONE,Not Applicable,NONE,Not Addressed,0.0,Describes purposes of use of data; no actionable compliance mechanism mapped to a taxonomy requirement.,NEW_SUCCESS,False,547b36bbd741790d980949ba09422e2528cc0ed43671193ad5d497fbc5e65d28,run-88abf65b56c9595b,qwen3:8b
S000915,Meta,MetaPrivacyPolicy,"We'll collect and store your information and use it to send marketing communications to you, such as an email, subject to applicable laws. detail on each information category). The actual information that we use depends on your factual circumstances, but could include any of the following: Undertaking research and innovation for social good Why and how we process your information:",NONE,Not Applicable,NONE,Not Addressed,0.0,"Describes advertising, cookies or personalisation practice; no consent-withdrawal, rights or safeguard mechanism stated.",NEW_SUCCESS,False,fcf6c0cff5bbb710d667958ce577c6a524aa97c601b95b9ae71dc8d4f9daa094,run-88abf65b56c9595b,qwen3:8b
S002005,WhatsApp,WhatsApp Channels Supplemental Privacy Policy,"Channels are public, meaning that anyone can discover, follow, and view your Channel. Given the public nature and unlimited audience size of Channels, Channel Content will be visible to any user and by WhatsApp.",NONE,Not Applicable,NONE,Not Addressed,0.0,"General descriptive, definitional or navigational text; no operational mechanism matching any taxonomy requirement.",NEW_SUCCESS,False,db895ef52714ee7d6895d339abc0f8383267ace2d3e4432bebe7ab1412852774,run-c6bf936e43df-5d0fde37,qwen3:8b
S002398,Youtube,Child safety policy,"If you get three strikes within 90 days, your channel may be terminated. Learn more about our strikes system.",NONE,Not Applicable,NONE,Not Addressed,0.0,"General descriptive, definitional or navigational text; no operational mechanism matching any taxonomy requirement.",NEW_SUCCESS,False,c8b342979aa39b4edc12a5928db955aacf478c2ac181007122c9b48096fe288e,run-88abf65b56c9595b,qwen3:8b
S000317,Google,Google Privacy Policy,"When you’re signed in, you can always review and update information by visiting the services you use. For example, Photos and Drive are both designed to help you manage specific types of content you’ve saved with Google.",DPDP_ACT-0040,Data Principal Rights,DPDP Act 2023,Partially Compliant,0.5,"Self-service way to view, manage or update personal data; access/correction is offered but without a stated request procedure or timeline.",NEW_SUCCESS,False,abb0ed7a50d314efc947106294394591554278842fa71f4f63b55f8f1b22af0a,run-c6bf936e43df-5d0fde37,qwen3:8b
S001221,Snapchat,Snap_Privacy Policy,Some jurisdictions require that we state our legal basis for processing data for particular purposes. You can find that information here.,NONE,Not Applicable,NONE,Not Addressed,0.0,Describes purposes of use of data; no actionable compliance mechanism mapped to a taxonomy requirement.,NEW_SUCCESS,False,30d8242c441d1c553bc69607caad8ff7c3a3f26edf99a1f2b4eb0d3fe8e3380b,run-c6bf936e43df-5d0fde37,qwen3:8b
S002333,WhatsApp,WhatsAppPrivacyPolicy,"For example, you may send us an email with information relating to app performance or other issues.",NONE,Not Applicable,NONE,Not Addressed,0.0,"General descriptive, definitional or navigational text; no operational mechanism matching any taxonomy requirement.",NEW_SUCCESS,False,0f662bad6d512bf4b1ed0de78f32a8cf2b3e65a8d37b77fb42eb1e3ae4932080,run-c6bf936e43df-5d0fde37,qwen3:8b
S002355,WhatsApp,WhatsAppPrivacyPolicy,"As part of the Meta Companies, WhatsApp receives information from, and shares information (see here) with, the other Meta Companies. We may use the information we receive from them, and they may use the information we share with them, to help operate, provide, improve, understand, customize, support, and market our Services and their offerings, including the Meta Company Products. This includes:  helping improve infrastructure and delivery systems;  understanding how our Services or theirs are used;  promoting safety, security, and integrity across the Meta Company Products, e.g., securing systems and fighting spam, threats, abuse, or infringement activities;  improving their services and your experiences using them, such as making suggestions for you (for example, of friends or group",NONE,Not Applicable,NONE,Not Addressed,0.0,"Describes what data is collected; no user right, retention limit, safeguard or grievance mechanism stated.",NEW_SUCCESS,False,381279149ff041cfa26adebb0dd4cc8cbcba1024c245ef749629e7a9ca2aa8d1,run-c6bf936e43df-5d0fde37,qwen3:8b
S001224,Snapchat,Snap_Privacy Policy,"In addition, we may also limit how we collect, use, and store some of the information of Snapchatters under 18. In some cases, this means we will be unable to provide certain functionality to people under the age of 18.",DPDP_RUL-0227,Children/Vulnerable Groups,DPDP Rules 2025,Partially Compliant,0.5,Age-appropriate limits or content restrictions protecting minors' well-being.,NEW_SUCCESS,False,446fde2b229ed768116d4fecdc99c2f500ab0ddac91c12eaf60b72fba70f915f,run-c6bf936e43df-5d0fde37,qwen3:8b
S000879,Meta,MetaPrivacyPolicy,"detail on each information category). The actual information that we use depends on your factual circumstances, but could include any of the following: Any information with special protections that you choose to provide, such as your religious views, your sexual orientation, political views, health, racial or ethnic origin, philosophical beliefs or trade union membership, or as part of surveys that you choose to participate in, or where you have given your explicit consent",NONE,Not Applicable,NONE,Not Addressed,0.0,Content/community-conduct or advertising-policy rule; not a data-protection obligation under the DPDP taxonomy.,NEW_SUCCESS,False,df64913211ca2c852214e1cfc05db04efbd28ba6ff49f64b603df335a96ba274,run-88abf65b56c9595b,qwen3:8b
S001794,WhatsApp,WhatsApp Business App Privacy Policy,"Business Functions (some of which may be offered by third parties and/or Meta); and improving, fixing, and customizing our WhatsApp Business App. We also use information we have to understand how you use our WhatsApp Business App; evaluate and improve our WhatsApp Business App; research, develop, and test new services and features; and conduct troubleshooting activities. We also use your information to respond to you when you contact us.  Safety, Security and Integrity.",NONE,Not Applicable,NONE,Not Addressed,0.0,Describes purposes of use of data; no actionable compliance mechanism mapped to a taxonomy requirement.,NEW_SUCCESS,False,d5665628bfc50827a4711a958f064f126b49956208828e4ad3e43c612e23426c,run-c6bf936e43df-5d0fde37,qwen3:8b
S001160,Snapchat,Snap_Privacy Policy,"Lastly, when you contact Support (content and communications shared with Support) or our Safety team, or communicate with us in any other way, including through our research efforts (like responses to surveys, consumer panels, or other research questions) we’ll collect whatever information you provide or that we need to resolve your question.",NONE,Not Applicable,NONE,Not Addressed,0.0,Content/community-conduct or advertising-policy rule; not a data-protection obligation under the DPDP taxonomy.,NEW_SUCCESS,False,7ee5d7ede3b6551dea8fc5941f4068d5cb0e8fae4dd7c7566698d214c1506d13,run-c6bf936e43df-5d0fde37,qwen3:8b
S002354,WhatsApp,WhatsAppPrivacyPolicy,"Account), they will receive information you share with them, such as your WhatsApp messages. If you interact with a third-party service or another Meta Company Product linked through our Services, such as when you use the in-app player to play content from a third-party platform, information about you, like your IP address and the fact that you are a WhatsApp user, may be provided to such third party or Meta Company Product. Please note that when you use thirdparty services or other Meta Company Products, their own terms and privacy policies will govern your use of those services and products.",NONE,Not Applicable,NONE,Not Addressed,0.0,"Describes data sharing with third parties/affiliates in general terms; no consent, safeguard or transfer control matched to a taxonomy requirement.",NEW_SUCCESS,False,5232ad90ea7b104681e0ef5e7954fe7a69032c4e35c47800dc88edbc115a32f7,run-c6bf936e43df-5d0fde37,qwen3:8b
S002014,WhatsApp,WhatsApp Channels Supplemental Privacy Policy,"Viewer and Follower Information  Followers, Viewers and other connections. We collect information about Followers and Viewers, such as their reactions, language choices, and the Channels they follow.",NONE,Not Applicable,NONE,Not Addressed,0.0,"Describes what data is collected; no user right, retention limit, safeguard or grievance mechanism stated.",NEW_SUCCESS,False,a5386795e59ba32194dfe703b7843eac1069c7e15319c73e304425e480c40a6e,run-c6bf936e43df-5d0fde37,qwen3:8b
S001518,Telegram,Telegram Privacy Policy,"Telegram is a cloud service. We store messages, photos, videos and documents from your cloud chats on our servers so that you can access your data from any of your devices anytime without having to rely on third-party backups. All data is stored heavily encrypted and the encryption keys in each case are stored in several other data centers in different jurisdictions. This way local engineers or physical intruders cannot get access to user data.",DPDP_ACT-0025,Security Safeguards,DPDP Act 2023,Compliant,1.0,"Concrete technical/organisational safeguard (encryption, 2-step verification, security testing) to prevent data breaches.",NEW_SUCCESS,False,245779de3283c5012445436f9bbcca3f45d8c8e23c5c34a2c351e18cef421832,run-88abf65b56c9595b,qwen3:8b
S001153,Snapchat,Snap_Privacy Policy,"Object to processing. Depending on where you live and the particular data we are processing, you may have the right to object to our processing of that information. This gets a bit technical, so we’ve explained it in more detail here.",DPDP_ACT-0019,Consent & Notice,DPDP Act 2023,Partially Compliant,0.5,"User can object/opt out and the platform commits to honour the request, though legal exceptions are not spelled out.",NEW_SUCCESS,False,0edc60dcfd1db464f34af9bf515b5e773c1b2bf78f5fa5b00f45037e255349fa,run-c6bf936e43df-5d0fde37,qwen3:8b
S002376,Youtube,Child safety policy,Don't post content on YouTube if it fits any of the descriptions below.,NONE,Not Applicable,NONE,Not Addressed,0.0,"General descriptive, definitional or navigational text; no operational mechanism matching any taxonomy requirement.",NEW_SUCCESS,False,482447a170fbf4b07c67a386704589904edead761a06518077a8b3ae546553e5,run-88abf65b56c9595b,qwen3:8b
S002322,WhatsApp,WhatsAppPrivacyPolicy,WhatsApp partners with Meta to offer experiences and integrations across Meta’s family of apps and products.,NONE,Not Applicable,NONE,Not Addressed,0.0,"Describes data sharing with third parties/affiliates in general terms; no consent, safeguard or transfer control matched to a taxonomy requirement.",NEW_SUCCESS,False,2d63f2337a61811d18b2467ec00b26ef38e32fcb5786dfdeeebda58b4812df3c,run-c6bf936e43df-5d0fde37,qwen3:8b
S000779,Meta,MetaPrivacyPolicy,"In some cases information is de-identified, aggregated or anonymised by third parties so that it no longer identifies individuals before it's made available to us. We use this information as described below without trying to re-identify individuals.",NONE,Not Applicable,NONE,Not Addressed,0.0,Describes purposes of use of data; no actionable compliance mechanism mapped to a taxonomy requirement.,NEW_SUCCESS,False,feb74de11005dc68ade3b532cfb7df44b16808384d5a6304c258b852c65ba204,run-88abf65b56c9595b,qwen3:8b
S002351,WhatsApp,WhatsAppPrivacyPolicy,"We work with these companies to support our Services, such as to provide technical infrastructure, delivery and other systems; market our Services; conduct surveys and research for us; protect the safety, security, and integrity of users and others; and assist with customer service. When we share information with third-party service providers and other Meta Companies in this capacity, we require them to use",NONE,Not Applicable,NONE,Not Addressed,0.0,Describes purposes of use of data; no actionable compliance mechanism mapped to a taxonomy requirement.,NEW_SUCCESS,False,f980cc53e60f114cdd00c7cba1f137111605cd52eaad557eca88df33b0459137,run-c6bf936e43df-5d0fde37,qwen3:8b
S001810,WhatsApp,WhatsApp Business Data Processing Terms,"1. Definitions. For the purposes of these Data Processing Terms, the following terms have the meanings set out below: “Controller” means the natural or legal person, public authority, agency or other body which determines the purposes and means of the processing of Personal Information. “Personal Information” means any information relating to an identified or identifiable natural person (“Data Subject”) who can be identified, directly or indirectly, in particular by reference to an identifier such as a name, an identification number, an online identifier or to one or more factors specific to that natural person. The term “Personal Information” also covers information relating to deceased natural persons and/or juristic persons where this is required under applicable Data Privacy Law. “Personal Information Breach” means a breach of security leading to the accidental or unlawful destruction, loss, alteration, unauthorised disclosure of, or access to, Personal Information transmitted, stored or otherwise Processed under these Data “Processing” means any operation or set of operations which is performed on Personal Information or on sets of Personal",NONE,Not Applicable,NONE,Not Addressed,0.0,Describes purposes of use of data; no actionable compliance mechanism mapped to a taxonomy requirement.,NEW_SUCCESS,False,c72132042d16794f46ee6db83c5b51b67c8af4b880b6fef9bbee9bac3ce3b9eb,run-c6bf936e43df-5d0fde37,qwen3:8b
S001141,Snapchat,Snap_Privacy Policy,"Furthermore, we believe a personalized experience should not come at the expense of your privacy. Just like in real life, there are some moments you want to share privately with your close friends, and others that you want to share publicly. That’s why from day one our philosophy has been to delete content by default and to give Snapchatters control by providing the tools that allow them to decide what happens with their content, like who to share it with or when to save it.",NONE,Not Applicable,NONE,Not Addressed,0.0,"Describes advertising, cookies or personalisation practice; no consent-withdrawal, rights or safeguard mechanism stated.",NEW_SUCCESS,False,cea3a54c81598a2859bd84037c10581446c4ac568d3c55432cd2958468d46d7c,run-c6bf936e43df-5d0fde37,qwen3:8b
S001208,Snapchat,Snap_Privacy Policy,"As a general rule, we keep information as long as you tell us to, and otherwise as long as we need it to provide our Services, or as required by law. For example, if you store something in Memories, we will keep it as long as you need it, but when you Chat with a friend, our systems are designed to delete Chats you send within 24 hours after your friend reads it (unless you’ve changed your default settings or decide to save it). Whether we retain your data depends on the specific feature, your settings, and how you’re using the Services. Here are some more factors we consider when we decide how long to keep your information: If we need the information to operate or provide our Services. For example, we store your basic account details — like your name, phone number, and email address — to maintain your account.",DPDP_RUL-0184,Data Retention & Erasure,DPDP Rules 2025,Partially Compliant,0.5,"Retention limited to 'as long as necessary' / defined period or auto-deletion described, but periods are generic or partly unspecified.",NEW_SUCCESS,False,647a1ac66cb7b6398dce8d2ec43d17bf2d76ce87e5a8c91eab06e0ab97240686,run-c6bf936e43df-5d0fde37,qwen3:8b
S001165,Snapchat,Snap_Privacy Policy,"The last category of data we collect is information about you that we may receive from others, such as other users, our affiliates, and third parties. This includes linked third-party service data (information we get when you link your Snapchat account to another service), data from advertisers (information from advertisers, app developers, publishers, and other third parties to help target or measure the performance of ads), contact info from other Snapchatters or third parties (if another Snapchatter uploads their contact list which includes your information, we may combine that with other information we have about you to better understand who you may want to communicate with. Or, if you provide us with your contact information, we may use that to determine if we can communicate with you in other ways, like SMS, email, or other messaging services), and data relating to potential violations of our Terms (we may receive information from third parties, including website publishers, social network providers, law enforcement, and others, about potential violators of our Terms of Service and Community Guidelines).",NONE,Not Applicable,NONE,Not Addressed,0.0,"Commercial/contractual term (liability, disputes, billing, licensing, service terms); no DPDP data-protection obligation or mechanism.",NEW_SUCCESS,False,0fcae681b2f8a4bf919f84ba0e9595e476658355850d74656af3af8c3541efef,run-c6bf936e43df-5d0fde37,qwen3:8b
S001213,Snapchat,Snap_Privacy Policy,"If we need it for other legitimate purposes, such as to prevent harm, investigate possible violations of our Terms of Service or other policies, investigate reports of abuse, or protect ourselves or others.",NONE,Not Applicable,NONE,Not Addressed,0.0,"Commercial/contractual term (liability, disputes, billing, licensing, service terms); no DPDP data-protection obligation or mechanism.",NEW_SUCCESS,False,b57dca11b5e086d1f517bf4d14df36b5adaeffbedab87869d4968107da09b6d2,run-c6bf936e43df-5d0fde37,qwen3:8b
S000314,Google,Google Privacy Policy,"We may use the information we collect across our services and across your devices for the purposes described above. For example, depending on your available settings, if you watch videos of guitar players on YouTube, you might see an ad for guitar lessons on a site that uses our ad products. Depending on your account settings, your activity on other sites and apps may be associated with your personal information in order to improve Google’s services and the ads delivered by Google.",NONE,Not Applicable,NONE,Not Addressed,0.0,"Describes advertising, cookies or personalisation practice; no consent-withdrawal, rights or safeguard mechanism stated.",NEW_SUCCESS,False,a4a3878c4dc52fccf8e7e660d83b623c52b378b3f1f17fc4b15ba959ed8b4f63,run-c6bf936e43df-5d0fde37,qwen3:8b
S000313,Google,Google Privacy Policy,"We use different technologies to process your information for these purposes. We use automated systems that analyze your content to provide you with things like tailored search results, personalized ads, or other features tailored to how you use our services. And we analyze your content to help us detect abuse such as spam, malware, and illegal content. We also use algorithms to recognize patterns in data. For example, Google Translate helps people communicate across languages by detecting common language patterns in phrases you ask it to translate.",NONE,Not Applicable,NONE,Not Addressed,0.0,Content/community-conduct or advertising-policy rule; not a data-protection obligation under the DPDP taxonomy.,NEW_SUCCESS,False,96249a0c7cc18d3e4495f827534106a3d216af7cf1da5096f96169e28d61771a,run-c6bf936e43df-5d0fde37,qwen3:8b
S000654,Meta,Meta_Cookies_Policy,How can you control your information?,NONE,Not Applicable,NONE,Not Addressed,0.0,"General descriptive, definitional or navigational text; no operational mechanism matching any taxonomy requirement.",NEW_SUCCESS,False,7768d77b43e0746ac079f74dcfefe4cb7e05e410548d5767e5b50fcbe23142bf,run-88abf65b56c9595b,qwen3:8b
S000289,Google,Google Privacy Policy,"We collect information about the apps, browsers, and devices you use to access Google services, which helps us provide features like automatic product updates and dimming your screen if your battery runs low.",NONE,Not Applicable,NONE,Not Addressed,0.0,"Describes what data is collected; no user right, retention limit, safeguard or grievance mechanism stated.",NEW_SUCCESS,False,806906509dd07183913b56d73e6b4bb08ea28c4168df1823cfc6919bc603be4a,run-c6bf936e43df-5d0fde37,qwen3:8b
S001613,Telegram,Telegram Privacy Policy,"If you live in the EU and would like to submit a GDPR-related request, please see here.",NONE,Not Applicable,NONE,Not Addressed,0.0,"General descriptive, definitional or navigational text; no operational mechanism matching any taxonomy requirement.",NEW_SUCCESS,False,05391b7350c82b242d4cd124e52464754b0030235ae836660a9d6c91a8e1911a,run-88abf65b56c9595b,qwen3:8b
S001822,WhatsApp,WhatsApp Business Data Processing Terms,e. WhatsApp will notify you without undue delay of the discovery by WhatsApp of any Personal Information Breach;,DPDP_RUL-0178,Breach Notification,DPDP Rules 2025,Compliant,1.0,Commits to notify the controller without undue delay on discovering a personal information breach.,NEW_SUCCESS,False,08b249435adc118af32a5bb346be23e3b1e438c5aeb5314672216a09f3856a14,run-c6bf936e43df-5d0fde37,qwen3:8b
S001227,Snapchat,Snap_Privacy Policy,"We may change this Privacy Policy from time to time. But when we do, we’ll let you know one way or another. Sometimes, we’ll let you know by revising the date at the top of the Privacy Policy that’s available on our website and mobile application. Other times, we may provide you with additional notice (such as adding a statement to our websites’ homepages or providing you with an in-app notification).",NONE,Not Applicable,NONE,Not Addressed,0.0,"General descriptive, definitional or navigational text; no operational mechanism matching any taxonomy requirement.",NEW_SUCCESS,False,028649cf4ee808662338a574aa9655d799bf459147dbad34833a4011a6444ebf,run-c6bf936e43df-5d0fde37,qwen3:8b
S000112,Google,Google Cloud Terms of Service,"9. Publicity. Neither party may use the other party’s Brand Features or issue, publish, or present a press release, blog post, speech, social media post, or investor relations call or announcement discussing Customer’s use of the Services or this Agreement without the written consent of the other party, except as expressly permitted in this Agreement. Subject to the preceding sentence, Customer may state publicly that it is a Google Cloud customer and display Brand Features in accordance with the Branding Guidelines. Google may use Customer's name and Brand Features in online or offline promotional materials of the Services. Any use of a party’s Brand Features will inure to the benefit of the party holding Intellectual Property Rights to those Brand Features.",NONE,Not Applicable,NONE,Not Addressed,0.0,"Commercial/contractual term (liability, disputes, billing, licensing, service terms); no DPDP data-protection obligation or mechanism.",NEW_SUCCESS,False,7563c700a6dcf87cd9995aae2eb6633f342f0fa01390440f2382e371da1e0528,run-c6bf936e43df-5d0fde37,qwen3:8b
S002382,Youtube,Child safety policy,"Content that could cause minor participants or viewers emotional distress, including: Misleading family content: Content that targets young minors and families, but contains:",NONE,Not Applicable,NONE,Not Addressed,0.0,"General descriptive, definitional or navigational text; no operational mechanism matching any taxonomy requirement.",NEW_SUCCESS,False,c95fe911d945abf2a6c718cb4528c6a76b3cbe121ea35f2c3df084e62cd3ec3d,run-88abf65b56c9595b,qwen3:8b
S000374,Google,Google_Terms_of_Service,"If you’re a parent or legal guardian, and you allow your child to use the services, then these terms apply to you and you’re responsible for your child’s activity on the services.",DPDP_ACT-0034,Children/Vulnerable Groups,DPDP Act 2023,Partially Compliant,0.5,"Minimum-age rule or parent/guardian permission or supervision, without a verifiable-consent mechanism.",NEW_SUCCESS,False,52c8837f35079ce78fbd3625cf4093998ef8af740bb2a7f64fdef3123735c76e,run-c6bf936e43df-5d0fde37,qwen3:8b
S001797,WhatsApp,WhatsApp Business App Privacy Policy,"You and we share information as described in the WhatsApp Privacy Policy, plus additional sharing relevant to the Business Functions.  Information About Your Business Profile.",NONE,Not Applicable,NONE,Not Addressed,0.0,"Describes data sharing with third parties/affiliates in general terms; no consent, safeguard or transfer control matched to a taxonomy requirement.",NEW_SUCCESS,False,277424e01aa7f39064dbe36c44384a99692e290af751b975cdf41ccdc0c802cc,run-c6bf936e43df-5d0fde37,qwen3:8b
S000644,Meta,Meta_Cookies_Policy,Why do we use cookies?,NONE,Not Applicable,NONE,Not Addressed,0.0,"Describes advertising, cookies or personalisation practice; no consent-withdrawal, rights or safeguard mechanism stated.",NEW_SUCCESS,False,1321533ec952876848f46c466b56b578f329166e7b69a5d97d789891b49f4be4,run-88abf65b56c9595b,qwen3:8b
S000339,Google,Google Privacy Policy,"When you’re signed in and interact with some Google services, like leaving comments on a YouTube video or reviewing an app in Play, your name and photo appear next to your activity. We may also display this information in ads depending on your Shared endorsements setting.",NONE,Not Applicable,NONE,Not Addressed,0.0,"Describes advertising, cookies or personalisation practice; no consent-withdrawal, rights or safeguard mechanism stated.",NEW_SUCCESS,False,b1c45b2a7911490f9adc3becbb3994377935b799f651215d66c177a39d4e264a,run-c6bf936e43df-5d0fde37,qwen3:8b
S000829,Meta,MetaPrivacyPolicy,"Make suggestions for you (such as people that you may know, groups or events that you may be interested in or topics that you may want to follow) on and off our",NONE,Not Applicable,NONE,Not Addressed,0.0,"General descriptive, definitional or navigational text; no operational mechanism matching any taxonomy requirement.",NEW_SUCCESS,False,86616cc0f6dad57bc178cc72827d7fd5f3929c9b125ab81620d8d3b79ed5dc0a,run-88abf65b56c9595b,qwen3:8b
S001174,Snapchat,Snap_Privacy Policy,"We believe it is critical to also balance the benefits of personalization with our Snapchatters’ expectations of privacy. For example, we may automatically tag the Snaps you save to Memories based on the content within it (e.g., the Snap contained a dog), and then use that tag to personalize your experience, make recommendations, or show you ads (such as showing you Spotlight Snaps containing dogs). We do not use the private content and communications you send to people who are your friends to personalize your experience, make recommendations, or show you ads.",NONE,Not Applicable,NONE,Not Addressed,0.0,"Describes advertising, cookies or personalisation practice; no consent-withdrawal, rights or safeguard mechanism stated.",NEW_SUCCESS,False,5864e1d2bebf7efb48882265d4d5376a4d431a5916ca869f4f5f9bf3583121fb,run-c6bf936e43df-5d0fde37,qwen3:8b
S002030,WhatsApp,WhatsApp Channels Supplemental Privacy Policy,"Updates Tab in your app at which point it is no longer accessible to other users through Channels. It may take up to 90 days to delete your Channels information and Channel Subscription information on our servers. We may also retain some of your information as needed for things like compliance with legal obligations, violations of our terms and policies, or harm prevention efforts. Please remember that when you delete your channel, it does not affect the information and content that other users may continue to have, such as a copy of the",DPDP_ACT-0029,Data Retention & Erasure,DPDP Act 2023,Compliant,1.0,"Concrete deletion mechanism (delete data/account or clear stored data) that the user can trigger directly, with defined effect.",NEW_SUCCESS,False,c459f5e0b581f483777f1f1a4bc5e6c38aaca784d5a840aeb38cf1a4f43fc5d6,run-c6bf936e43df-5d0fde37,qwen3:8b
S001156,Snapchat,Snap_Privacy Policy,"This section provides you with details on what information we collect: what you provide to us, what we collect when you use Snapchat, and information we receive from other companies or apps you’ve connected to your Snapchat account. Sometimes, we may also collect additional information, with your permission.",NONE,Not Applicable,NONE,Not Addressed,0.0,"Describes what data is collected; no user right, retention limit, safeguard or grievance mechanism stated.",NEW_SUCCESS,False,f4fae595231a297ddd0172f3896155e502ada7d3779146df2df5e2d4c901b12f,run-c6bf936e43df-5d0fde37,qwen3:8b
S000785,Meta,MetaPrivacyPolicy,"Seeing if our Products are working correctly, such as troubleshooting and fixing it when it's not working",NONE,Not Applicable,NONE,Not Addressed,0.0,"General descriptive, definitional or navigational text; no operational mechanism matching any taxonomy requirement.",NEW_SUCCESS,False,45c5ddb9f60fa85261192828a6c7433baa6f097577e1566c19fec12f51261f20,run-88abf65b56c9595b,qwen3:8b
S001122,Snapchat,Snap Group Limited Terms of Service,"Snap, Snap Inc., and our affiliates, directors, officers, stockholders, employees, licensors, suppliers, and agents will not be liable for any indirect, incidental, special, consequential, punitive, or multiple damages, or any loss of profits or revenues, whether incurred directly or indirectly, or any loss of data, use, goodwill or other intangible losses, resulting from: (a) your use of the Services or inability to use the Services, (b) your access to or inability to access the Services, (c) the conduct or content of other users or third parties on or through the Services, or (d) unauthorised access, use or alteration of your content. Except to the extent specified otherwise in any other applicable terms of Snap, Snap Inc., or our affiliates, in no event will Snap, Snap Inc., or our affiliates’ aggregate liability for all claims relating to the Services exceed the greater of (a) €100 EUR, and (b) the amount you paid Snap in the last 12 months for any Services.",NONE,Not Applicable,NONE,Not Addressed,0.0,"Commercial/contractual term (liability, disputes, billing, licensing, service terms); no DPDP data-protection obligation or mechanism.",NEW_SUCCESS,False,e647a56539ad4fc89c7a2bd67745e83e14449fd79d944fc2b8a7d01fcdaa823d,run-c6bf936e43df-5d0fde37,qwen3:8b
S002055,WhatsApp,WhatsApp India Payments Privacy Policy,"WhatsApp India may collect, preserve, use your UPI transaction information and Bill Payment information and also share with affiliates and respective authorities with due approvals only if so required to comply with applicable laws or regulation (including sanctions compliance).",IT_ACT_2-0289,Intermediary/Platform Liability,IT Act 2000,Partially Compliant,0.5,Discloses data to authorities on legal requests; legal basis stated but procedure not detailed.,NEW_SUCCESS,False,f64b9450eeb4f2a8a50c4b1e1982ee24a7b33bc93aff019ac2816c93a803a3d7,run-c6bf936e43df-5d0fde37,qwen3:8b
S000907,Meta,MetaPrivacyPolicy,Personalising ads on Meta Audience Network Why and how we process your information: Identifying you as a Meta Product user and personalising the ads that we show you through when you visit other apps:,NONE,Not Applicable,NONE,Not Addressed,0.0,"Describes advertising, cookies or personalisation practice; no consent-withdrawal, rights or safeguard mechanism stated.",NEW_SUCCESS,False,623a27298fcc4420c3dff7e08d70554a552be23f76a4a9c5f6f40833d114fabc,run-88abf65b56c9595b,qwen3:8b
S001553,Telegram,Telegram Privacy Policy,By paying for goods and services via bots (see section 7 below).,NONE,Not Applicable,NONE,Not Addressed,0.0,"Describes data sharing with third parties/affiliates in general terms; no consent, safeguard or transfer control matched to a taxonomy requirement.",NEW_SUCCESS,False,83e6fc1160b66b70f04183bfbff04dcd554cfbe3083aa019034f5c9f05b06bbf,run-88abf65b56c9595b,qwen3:8b
S001971,WhatsApp,WhatsApp Business Terms of Service,"Dispute (including complaints that could not be resolved) to voluntary mediation, by giving written notice to the other via email (you may email us at businesscomplaints@support.whatsapp.com and we may email you at your valid email address). The list of independent mediators that we are willing to engage with are available at https://www.whatsapp.com/legal/business-terms/p2b-mediation.",NONE,Not Applicable,NONE,Not Addressed,0.0,"Commercial/contractual term (liability, disputes, billing, licensing, service terms); no DPDP data-protection obligation or mechanism.",NEW_SUCCESS,False,176d664de6f8cbec943e7c1d68a1c3358d78885d23e32d357be6b3a697525b9c,run-c6bf936e43df-5d0fde37,qwen3:8b
S001181,Snapchat,Snap_Privacy Policy,"We conduct research to better understand general consumer interests, trends, and how our Services are used by you and others in our community. This information, along with analytics (as we described above), helps us understand more about our community and about how our Services fit into the lives of those in our community. We also engage in research and development to develop new techniques and technologies (e.g., new machine learning models or hardware, such as SPECS). The results of our research are sometimes used in features on Snapchat, and we sometimes publish papers about things like overall behaviors and consumer trends (which will only have aggregated data across our user base, and not contain any of your private content and communications or personal information about you specifically).",NONE,Not Applicable,NONE,Not Addressed,0.0,"Describes advertising, cookies or personalisation practice; no consent-withdrawal, rights or safeguard mechanism stated.",NEW_SUCCESS,False,90a51a1fcca952c3be481ad4541487363d90d3fd40ca00b4d8cc70a656458996,run-c6bf936e43df-5d0fde37,qwen3:8b
S002344,WhatsApp,WhatsAppPrivacyPolicy,"We use information we have (subject to choices you make and applicable law) to operate, provide, improve, understand, customize, support, and market our Services. Here's how:  Our Services. We use information we have to operate and provide our Services, including providing customer support; completing purchases or transactions; improving, fixing, and customizing our Services; and connecting our Services with Meta Company Products that you may use. We also use information we have to",NONE,Not Applicable,NONE,Not Addressed,0.0,Describes purposes of use of data; no actionable compliance mechanism mapped to a taxonomy requirement.,NEW_SUCCESS,False,43a6b22951966d4a060be87063f768ce9919588c625e495b2bf160810080feed,run-c6bf936e43df-5d0fde37,qwen3:8b
S001528,Telegram,Telegram Privacy Policy,"If you share a location in a chat, this location data is treated like other messages in cloud or secret chats respectively.",NONE,Not Applicable,NONE,Not Addressed,0.0,"Describes data sharing with third parties/affiliates in general terms; no consent, safeguard or transfer control matched to a taxonomy requirement.",NEW_SUCCESS,False,fecf28c09e894258175a4a61a351d5833aa93ea7d4be517f9232734ec0ad7c0b,run-88abf65b56c9595b,qwen3:8b
S001619,Telegram,Telegram Privacy Policy,Confirm that Telegram apps downloaded from app stores are using the same code that we publish at: https://core.telegram.org/reproducible-builds,NONE,Not Applicable,NONE,Not Addressed,0.0,"General descriptive, definitional or navigational text; no operational mechanism matching any taxonomy requirement.",NEW_SUCCESS,False,144dfe7fed83aec19dd3c9d7e05a096736458c302204c195f10622d0ada999c7,run-88abf65b56c9595b,qwen3:8b
S001856,WhatsApp,WhatsApp Business Data Security Terms,"WhatsApp personnel, including, where legally permissible, punishments up to and including termination.",NONE,Not Applicable,NONE,Not Addressed,0.0,"General descriptive, definitional or navigational text; no operational mechanism matching any taxonomy requirement.",NEW_SUCCESS,False,397d1bdb59783297792dec31b5d615de842c2a551e3952818e3bf2c5f771008f,run-c6bf936e43df-5d0fde37,qwen3:8b
S001588,Telegram,Telegram Privacy Policy,"Sadly, if you're not OK with Telegram's modest minimum requirements, it won't be possible for us to provide you with our Services. You can delete your Telegram account by proceeding to the deactivation page.",DPDP_ACT-0029,Data Retention & Erasure,DPDP Act 2023,Partially Compliant,0.5,"Deletion or removal option available to the user, or retention exception for legal/business need; qualified and without a statutory timeline.",NEW_SUCCESS,False,696737a188a4417ed932968d07fa10df4fffe5a4b05d784d840751b4f3a65197,run-88abf65b56c9595b,qwen3:8b
S002024,WhatsApp,WhatsApp Channels Supplemental Privacy Policy,"Accounts Center, see here to learn more about how your information will be shared. Subscriptions-related information is shared as follows:  Payment providers. We work with Third Party Payment Providers including Google Play Store and Apple App Store to process payments and transactions such as when you subscribe to a channel. We share information with these third-party payment providers such as authentication and transaction information. Please note that when you use third-party platform payment provider services, their own terms and privacy policies will govern your use of those services.",NONE,Not Applicable,NONE,Not Addressed,0.0,"Commercial/contractual term (liability, disputes, billing, licensing, service terms); no DPDP data-protection obligation or mechanism.",NEW_SUCCESS,False,d6f0b30c3993d18a83ed2d888e3b9ca0390590c361d74765b4993aab4e9d3757,run-c6bf936e43df-5d0fde37,qwen3:8b
S002321,WhatsApp,WhatsAppPrivacyPolicy," Making It Easier To Connect. As part of the Meta Companies,",NONE,Not Applicable,NONE,Not Addressed,0.0,"Describes data sharing with third parties/affiliates in general terms; no consent, safeguard or transfer control matched to a taxonomy requirement.",NEW_SUCCESS,False,a2a10473352f250e1c383d8a999338c0d9dab130d9178622fbba7a0c69d27767,run-c6bf936e43df-5d0fde37,qwen3:8b
S000782,Meta,MetaPrivacyPolicy,"For some of these purposes, we use information and . The information that we use for these purposes is automatically processed by our systems. But in some cases, we also use to access and review your information. across our Products across your devices manual review",NONE,Not Applicable,NONE,Not Addressed,0.0,Describes purposes of use of data; no actionable compliance mechanism mapped to a taxonomy requirement.,NEW_SUCCESS,False,9dfd2c52194430183ac1fa7a8844f7f2c131292e6d314156dfafec4dd29e7a80,run-88abf65b56c9595b,qwen3:8b
S001614,Telegram,Telegram Privacy Policy,Telegram is an open source project. You can find more information on our: API at: https://core.telegram.org/api;,NONE,Not Applicable,NONE,Not Addressed,0.0,"General descriptive, definitional or navigational text; no operational mechanism matching any taxonomy requirement.",NEW_SUCCESS,False,eea11e5095dd648abc782a3afcaa0e130f14d9960c8413388e97c8abac6576a4,run-88abf65b56c9595b,qwen3:8b
S001729,Telegram,TelegramTerms of Service for Mini Apps,"You further acknowledge and agree that matters, issues, complaints and disputes pertaining to warranty, guarantee, quality and service shall be resolved in accordance with the terms set forth by the SP, and you consent to manage such concerns and disputes directly with the SP, without involving Telegram in any capacity.",NONE,Not Applicable,NONE,Not Addressed,0.0,"Commercial/contractual term (liability, disputes, billing, licensing, service terms); no DPDP data-protection obligation or mechanism.",NEW_SUCCESS,False,389697e0d66048dd6c99b4304c75c81568c67307ece71a078569b1c2ac49120b,run-88abf65b56c9595b,qwen3:8b
S001192,Snapchat,Snap_Privacy Policy,"Public. Most of the features on Snapchat are private and for Friends only, but we also offer features that allow you to create and share public content to showcase your best Snaps to the world, such as Spotlight, Snap Map, or your Public Profile. When you do this, those Snaps may also be discoverable outside of Snapchat, for example on the web. Some information, like your username and Bitmoji, are visible to the public. Learn more.",NONE,Not Applicable,NONE,Not Addressed,0.0,"Describes data sharing with third parties/affiliates in general terms; no consent, safeguard or transfer control matched to a taxonomy requirement.",NEW_SUCCESS,False,ee816c21d598202f37e7b66d1607edff3b2c1760f1ee0ca43df392ecd34ff88d,run-c6bf936e43df-5d0fde37,qwen3:8b
S001590,Telegram,Telegram Privacy Policy,"In secret chats, deleting a message always instructs the app on the other end to delete it too.",NONE,Not Applicable,NONE,Not Addressed,0.0,"General descriptive, definitional or navigational text; no operational mechanism matching any taxonomy requirement.",NEW_SUCCESS,False,915a2c47c17c270a2240c935a54a615b621f6f7bc9dab86bdb11947d1276be79,run-88abf65b56c9595b,qwen3:8b
S002035,WhatsApp,WhatsApp India Payments Privacy Policy,"WhatsApp India also provides an interface in which users have the ability to view bills and make payments to billers (""Bill Payments”) through Bharat Bill Payment System (""BBPS""), an integrated bill payment platform operated by NPCI Bharat BillPay Limited (“NBBL” – a wholly owned subsidiary of NPCI). Payments and Bill Payments services are collectively referred to in this policy as “WhatsApp Pay”.",NONE,Not Applicable,NONE,Not Addressed,0.0,"General descriptive, definitional or navigational text; no operational mechanism matching any taxonomy requirement.",NEW_SUCCESS,False,41086b637d78c0062ef84b818b27f8b88c01d41ffa3d1ccfeadd8545872af015,run-c6bf936e43df-5d0fde37,qwen3:8b
S000836,Meta,MetaPrivacyPolicy,Device signals Information that you've shared through your device settings (e.g. GPS location),NONE,Not Applicable,NONE,Not Addressed,0.0,"Describes data sharing with third parties/affiliates in general terms; no consent, safeguard or transfer control matched to a taxonomy requirement.",NEW_SUCCESS,False,6d4aa7b2026b3676bd923d8bd336f9611b8fb168b85d9323f6f2bad69ac858df,run-88abf65b56c9595b,qwen3:8b
S000655,Meta,Meta_Cookies_Policy,"We use cookies to help personalise and improve content and services, provide a safer experience and to show you useful and relevant ads on and off Meta Products. You can control how we use data to show you ads and more by using the tools described below.",DPDP_RUL-0208,Consent & Notice,DPDP Rules 2025,Partially Compliant,0.5,"Settings/controls let the user give, manage or review permissions or ad consent; partial coverage of a consent-management function.",NEW_SUCCESS,False,d57d252a2b6d40b68035cda95322d12e171a02d41fbccc552281d11624c82c12,run-88abf65b56c9595b,qwen3:8b
S001616,Telegram,Telegram Privacy Policy,Bot Platform at: https://core.telegram.org/bots;,NONE,Not Applicable,NONE,Not Addressed,0.0,"Describes data sharing with third parties/affiliates in general terms; no consent, safeguard or transfer control matched to a taxonomy requirement.",NEW_SUCCESS,False,517b539eeb360b6e4d6c9bc1aea8b4512db48b3354aed24609a54d95cf931c1e,run-88abf65b56c9595b,qwen3:8b
S001527,Telegram,Telegram Privacy Policy,"If you are using Android, Telegram will ask you for permission to access your phone call logs (READ_CALL_LOG). If you grant this permission, Telegram will be able verify your account by transmitting a phone call instead of asking you to enter a code. Telegram uses this permission only to confirm receipt of the confirmation call by verifying the number in the call log.",NONE,Not Applicable,NONE,Not Addressed,0.0,"General descriptive, definitional or navigational text; no operational mechanism matching any taxonomy requirement.",NEW_SUCCESS,False,8f07639aa1fc9ece7d52d9b60b5d49ad881928ee39d901c6a21245028d2b3e68,run-88abf65b56c9595b,qwen3:8b
S001225,Snapchat,Snap_Privacy Policy,"We may use age-assurance measures, including automated tools, to help determine whether users meet minimum age requirements or should receive age-appropriate protections.",DPDP_RUL-0227,Children/Vulnerable Groups,DPDP Rules 2025,Partially Compliant,0.5,Age-appropriate limits or content restrictions protecting minors' well-being.,NEW_SUCCESS,False,f1a29aad8170d54c021c5442e95c42688e4ba25002b4ac45710f4ca236090de3,run-c6bf936e43df-5d0fde37,qwen3:8b
S000917,Meta,MetaPrivacyPolicy,"We carry out surveys and use information (including from researchers that we collaborate with) to conduct and support research and innovation on topics of general social welfare, technological advancement, public interest, health and wellbeing.",NONE,Not Applicable,NONE,Not Addressed,0.0,Describes purposes of use of data; no actionable compliance mechanism mapped to a taxonomy requirement.,NEW_SUCCESS,False,06d2142b8cb2ee7ff59844016913b9d5bd8094d930e79e7e7c2070c05a85ed0f,run-88abf65b56c9595b,qwen3:8b
S002319,WhatsApp,WhatsAppPrivacyPolicy,"For example, our Privacy Policy talks about what information we collect and how this affects you. It also explains the steps we take to protect your privacy, like building our Services so delivered messages aren’t stored by us and giving you control over who you communicate with on our Services. We are one of the Meta Companies. You can learn more further below in this Privacy Policy about the ways in which we share information across this family of companies. This Privacy Policy applies to all of our Services unless specified otherwise. Please also read WhatsApp’s Terms of Service (""Terms""), which describe the terms under which you use and we provide our Services.",DPDP_ACT-0025,Security Safeguards,DPDP Act 2023,Partially Compliant,0.5,"General or partial security measure (training, screening, incident/vulnerability programme, encryption feature) without full specification.",NEW_SUCCESS,False,a309992b8fbfec11fcbc8312db6e6eed9c4c0c3223d1ecbda154ed0e89a9d2ca,run-c6bf936e43df-5d0fde37,qwen3:8b
S000393,Google,Google_Terms_of_Service,"don’t abuse or harm others or yourself (or threaten or encourage such abuse or harm) including against children — for example, by misleading, defrauding, illegally impersonating, defaming, bullying, harassing, or stalking others; hosting or publishing any obscene content; or inciting the violation of applicable laws",NONE,Not Applicable,NONE,Not Addressed,0.0,Content/community-conduct or advertising-policy rule; not a data-protection obligation under the DPDP taxonomy.,NEW_SUCCESS,False,887df0f8ac9e79cf82974e65bb53737f1061cda21ff17e58358fd5c898bc33a4,run-c6bf936e43df-5d0fde37,qwen3:8b
S002334,WhatsApp,WhatsAppPrivacyPolicy,"Automatically Collected Information  Usage And Log Information. We collect information about your activity on our Services, like service-related, diagnostic, and performance information. This includes information about your activity (including how you use our Services, your Services settings, how you interact with others using our Services (including when you interact with a business), and the time, frequency, and duration of your activities and interactions), log files, and diagnostic, crash, website, and performance logs and reports. This also includes information about when you registered to use our Services; the features you use like our messaging, calling, Status, groups (including group name, group picture, group description), payments or business features; profile photo, ""about"" information; whether you are online, when you last used our Services (your ""last seen""); and when you last updated your ""about"" information.  Device And Connection Information. We collect device and connection-specific information when you install, access, or use our Services. This includes information such as hardware model, operating system information, battery level, signal strength, app version, browser information, mobile network, connection information (including phone number, mobile operator or ISP), language and time",NONE,Not Applicable,NONE,Not Addressed,0.0,"Describes what data is collected; no user right, retention limit, safeguard or grievance mechanism stated.",NEW_SUCCESS,False,2c80ce9b54236510c01df798be9aec41ebdc4aab82222a2108c2991fd242ebe9,run-c6bf936e43df-5d0fde37,qwen3:8b
S002343,WhatsApp,WhatsAppPrivacyPolicy,"Company Products, we may receive information about you from them; for example, if you use the WhatsApp share button on a news service to share a news article with your WhatsApp contacts, groups, or broadcast lists on our Services, or if you choose to access our Services through a mobile carrier’s or device provider’s promotion of our Services. Please note that when you use third-party services or Meta Company Products, their own terms and privacy policies will govern your use of those services and products.",NONE,Not Applicable,NONE,Not Addressed,0.0,"Describes data sharing with third parties/affiliates in general terms; no consent, safeguard or transfer control matched to a taxonomy requirement.",NEW_SUCCESS,False,65332a63048ad462ca11b2ff51a3f6197712a970abcc255d33fb8988f9876b6b,run-c6bf936e43df-5d0fde37,qwen3:8b
S001495,Telegram,Telegram Privacy Policy,"This Privacy Policy sets out how we, Telegram Messenger Inc. (“Telegram”), use and protect your personal data that you provide to us, or that is otherwise obtained or generated by us, in connection with your use of our cloud-based messaging services (the “Services”). For the purposes of this Privacy Policy, ‘we’, ‘us’ and ‘our’ refers to Telegram, and ‘you’ refers to you, the user of the Services.",NONE,Not Applicable,NONE,Not Addressed,0.0,Describes purposes of use of data; no actionable compliance mechanism mapped to a taxonomy requirement.,NEW_SUCCESS,False,16db9a303e1430d80f3d1d42a3b5d0ba41e0bfe426ef740189d8f8360040c73f,run-88abf65b56c9595b,qwen3:8b
S001874,WhatsApp,WhatsApp Business Data Transfer Addendum,"1. You acknowledge and agree that, to provide the Business Services pursuant to the Business Terms, WhatsApp Ireland transfers European Data to WhatsApp LLC and Meta Platforms Inc. and onward transfers of European Data may be made to other WhatsApp Subprocessors.",NONE,Not Applicable,NONE,Not Addressed,0.0,Describes purposes of use of data; no actionable compliance mechanism mapped to a taxonomy requirement.,NEW_SUCCESS,False,ac863daec2761a7b60908493880f21aa59c90b561a87ffca341dc3aa55e89f90,run-c6bf936e43df-5d0fde37,qwen3:8b
S002329,WhatsApp,WhatsAppPrivacyPolicy,"We offer end-to-end encryption for our Services. End-to-end encryption means that your messages are encrypted to protect against us and third parties from reading them. Learn more about end-to-end encryption and how businesses communicate with you on WhatsApp.  Your Connections. You can use the contact upload feature and provide us, if permitted by applicable laws, with the phone numbers in your address book on a regular basis, including those of users of our Services and your other contacts. If any of your contacts aren’t yet using our Services, we’ll manage this information for you in a way that ensures those contacts cannot be identified by us. Learn more about our contact upload feature here. You can create, join, or get added to groups and broadcast lists, and such groups and lists get associated with your account information. You give your groups a name. You can provide a group profile picture or description.  Status Information. You may provide us your status if you choose to include one on your account. Learn how to use status on Android, iPhone, or KaiOS.  Transactions And Payments Data. If you use our payments services, or use our Services meant for purchases or other financial transactions, we process additional information about you, including payment account and transaction information.",DPDP_ACT-0025,Security Safeguards,DPDP Act 2023,Compliant,1.0,"Concrete technical/organisational safeguard (encryption, 2-step verification, security testing) to prevent data breaches.",NEW_SUCCESS,False,6a882ecc1a4f4261992e4186ec7ffa07f193c6da288c361f667b2b5de0cf5e54,run-c6bf936e43df-5d0fde37,qwen3:8b
S001857,WhatsApp,WhatsApp Business Data Security Terms,4. Security Testing. WhatsApp will perform regular security and vulnerability testing to assess whether key controls are implemented properly and are effective.,DPDP_ACT-0025,Security Safeguards,DPDP Act 2023,Compliant,1.0,"Concrete technical/organisational safeguard (encryption, 2-step verification, security testing) to prevent data breaches.",NEW_SUCCESS,False,6f8a04658eec569e35a2899a38a222553940eb6731ed3fff36521c123c4c8da7,run-c6bf936e43df-5d0fde37,qwen3:8b
S000748,Meta,Meta_Terms_of_Service,No transfer: You will not transfer any of your rights or obligations under these terms to anyone else without our consent.,NONE,Not Applicable,NONE,Not Addressed,0.0,"General descriptive, definitional or navigational text; no operational mechanism matching any taxonomy requirement.",NEW_SUCCESS,False,24b1023c220948c5a3b7bc862ad8745ad1f2cdfdc565fcb6f117aa1cf0fcb856,run-88abf65b56c9595b,qwen3:8b
S000353,Google,Google Privacy Policy,"We work hard to protect you and Google from unauthorized access, alteration, disclosure, or destruction of information we hold, including: We offer a range of security features, like Safe Browsing, Security Checkup, and 2 Step Verification to help you protect your account",DPDP_ACT-0025,Security Safeguards,DPDP Act 2023,Compliant,1.0,"Concrete technical/organisational safeguard (encryption, 2-step verification, security testing) to prevent data breaches.",NEW_SUCCESS,False,a99d10cdd6d4930a1d4a9ef2265ff1088dab4abf17e2eb170791f28cd2cac985,run-c6bf936e43df-5d0fde37,qwen3:8b
S001500,Telegram,Telegram Privacy Policy,This Privacy Policy explains the following: the legal basis for processing your personal data;,NONE,Not Applicable,NONE,Not Addressed,0.0,Describes purposes of use of data; no actionable compliance mechanism mapped to a taxonomy requirement.,NEW_SUCCESS,False,bb17f5efdf1da2c030dee5efe26ed8fa839be60bd3b85148a5794b3de1b65dec,run-88abf65b56c9595b,qwen3:8b
S000930,Meta,MetaPrivacyPolicy,"Sharing information with others including law enforcement and responding to legal requests Why and how we process your information: See the section of the Meta Privacy Policy for more information on when we share information with law enforcement and others. ""How do we respond to legal requests, prevent harm and promote safety and integrity?""",IT_ACT_2-0289,Intermediary/Platform Liability,IT Act 2000,Partially Compliant,0.5,Discloses data to authorities on legal requests; legal basis stated but procedure not detailed.,NEW_SUCCESS,False,aa96f27aee263c5a3a22027a4dccd42e3ef606bcbb8fc1da8b84f9e8c86b5b4c,run-88abf65b56c9595b,qwen3:8b
S001886,WhatsApp,WhatsApp Business Data Transfer Addendum,"e. “WhatsApp Subprocessor” means a processor that is engaged by WhatsApp LLC or Meta Platforms Inc., under the Processor to Processor SCCs to Process European Data.",NONE,Not Applicable,NONE,Not Addressed,0.0,"General descriptive, definitional or navigational text; no operational mechanism matching any taxonomy requirement.",NEW_SUCCESS,False,5ee8f1d5d6da9e8dedecd23791f9d114f95131ff881a1ccca15c9316c544376d,run-c6bf936e43df-5d0fde37,qwen3:8b
S001090,Snapchat,Snap Group Limited Terms of Service,"If you fail to comply, we reserve the right to remove any offending content; terminate or limit the visibility of your account or access to certain features; retain data relating to your account in accordance with our data retention policies; and notify third parties — including law enforcement — and provide those third parties with data and any other information relating to your account. This step may be necessary to protect the safety of our users and others; to investigate, remedy, and enforce potential violations of our Terms; and to detect and resolve any fraud or security concerns.",NONE,Not Applicable,NONE,Not Addressed,0.0,Content/community-conduct or advertising-policy rule; not a data-protection obligation under the DPDP taxonomy.,NEW_SUCCESS,False,dc9c69422e15425d4b041abb304aa9c753c2591390817524813558efe333ea50,run-c6bf936e43df-5d0fde37,qwen3:8b
S000150,Google,Google Cloud Terms of Service,"(c) For All Other Entities. If Customer is any entity not identified in Section 14.12(a) (U.S. Governing Law for U.S. City, County, and State Government Entities) or (b) (U.S. Governing Law for Federal Government Entities), then the following applies: ALL CLAIMS ARISING OUT OF OR RELATING TO THIS AGREEMENT OR THE SERVICES WILL BE GOVERNED BY CALIFORNIA LAW, EXCLUDING THAT STATE'S CONFLICT OF LAWS RULES, AND WILL BE LITIGATED EXCLUSIVELY IN THE FEDERAL OR STATE COURTS OF SANTA CLARA COUNTY, CALIFORNIA, USA; THE PARTIES CONSENT TO PERSONAL JURISDICTION IN THOSE COURTS.",NONE,Not Applicable,NONE,Not Addressed,0.0,"Commercial/contractual term (liability, disputes, billing, licensing, service terms); no DPDP data-protection obligation or mechanism.",NEW_SUCCESS,False,861a2be42fdc649a32ee8dbb5a137f822daec9748501af43aa33e95bb84eb89a,run-c6bf936e43df-5d0fde37,qwen3:8b
S002042,WhatsApp,WhatsApp India Payments Privacy Policy,"WhatsApp India does not have access to the BHIM UPI PIN because it is encrypted by Common Library (CL) software provided by National Payments Corporation of India.  Payment Transaction Information. When you send, receive, or request payments, you provide or confirm information about your transaction, including the receiver’s name, phone number, BHIM UPI ID (virtual payment address), payment amount, and currency. To",DPDP_ACT-0025,Security Safeguards,DPDP Act 2023,Compliant,1.0,"Concrete technical/organisational safeguard (encryption, 2-step verification, security testing) to prevent data breaches.",NEW_SUCCESS,False,6af9d6bda004ad903d272530d46be034588b6a772dc0e66fc9e41b92807e9e76,run-c6bf936e43df-5d0fde37,qwen3:8b
S000356,Google,Google Privacy Policy,"We restrict access to personal information to Google employees, contractors, and agents who need that information in order to process it. Anyone with this access is subject to strict contractual confidentiality obligations and may be disciplined or terminated if they fail to meet these obligations.",DPDP_RUL-0172,Security Safeguards,DPDP Rules 2025,Compliant,1.0,"Specific access-control measure (need-to-know restriction, revocation procedures, MFA + encrypted remote access).",NEW_SUCCESS,False,c9cc82d8189b33d749b4cdfcf616e8401b5ecf113af50a01a862cbbc74e374c9,run-c6bf936e43df-5d0fde37,qwen3:8b
S000909,Meta,MetaPrivacyPolicy,"When we show you ads through Meta Audience Network when you visit other apps, our systems automatically process the information that we've collected and stored about you and others to identify you as a Meta Product user and tailor the ads that you see. detail on each information category). The actual information that we use depends on your factual circumstances, but could include any of the following: Content that you provide through our camera feature or your camera roll settings, or through our voice-enabled features",NONE,Not Applicable,NONE,Not Addressed,0.0,"Describes advertising, cookies or personalisation practice; no consent-withdrawal, rights or safeguard mechanism stated.",NEW_SUCCESS,False,2f11233ebe19d962d370533958f5bb6b587b6135011cc990a8b397408e70ecfd,run-88abf65b56c9595b,qwen3:8b
S001868,WhatsApp,WhatsApp Business Data Security Terms,7. Vulnerability Management. WhatsApp has instituted and will maintain a vulnerability management program covering the Business,DPDP_ACT-0025,Security Safeguards,DPDP Act 2023,Partially Compliant,0.5,"General or partial security measure (training, screening, incident/vulnerability programme, encryption feature) without full specification.",NEW_SUCCESS,False,650acfd287d6981ee6ca76431c3bc151d8a99b74d87b5ee4bcf424ee619abf01,run-c6bf936e43df-5d0fde37,qwen3:8b
S001657,Telegram,Telegram_premium_Terms of Service,"Telegram selects winners based on the criteria that channel administrators choose when setting up the giveaway. The results are final and cannot be altered or reversed. In the rare chance that a technical issue results in an unintended outcome, Telegram will attempt to rectify the situation but makes no guarantees to the organizers of a giveaway or its participants.",NONE,Not Applicable,NONE,Not Addressed,0.0,"Commercial/contractual term (liability, disputes, billing, licensing, service terms); no DPDP data-protection obligation or mechanism.",NEW_SUCCESS,False,8c66a7cd8c2b2cda635ef25be8b1cdf367d8e34ca66e035fbec16e54f1d1821a,run-88abf65b56c9595b,qwen3:8b
S001567,Telegram,Telegram Privacy Policy,"Telegram Business subscribers can connect third-party bots to their Telegram account, to help them automatically process and respond to messages from users.",NONE,Not Applicable,NONE,Not Addressed,0.0,"Describes data sharing with third parties/affiliates in general terms; no consent, safeguard or transfer control matched to a taxonomy requirement.",NEW_SUCCESS,False,d7bc2cbc4f51616c9e0ff58fea3af46930ba79c1a045d7c4e727244d34812100,run-88abf65b56c9595b,qwen3:8b
S002039,WhatsApp,WhatsApp India Payments Privacy Policy,"To provide WhatsApp Pay, we may receive information described in the WhatsApp Privacy Policy, and the information specified below.",NONE,Not Applicable,NONE,Not Addressed,0.0,Describes purposes of use of data; no actionable compliance mechanism mapped to a taxonomy requirement.,NEW_SUCCESS,False,706180e069bf2f8b6cbd76472d8684a5b9951734cc54998abb61ff2b2cdc6352,run-c6bf936e43df-5d0fde37,qwen3:8b
S001623,Telegram,Telegram_premium_Terms of Service,"Post illegal pornographic content on publicly viewable Telegram channels, bots, etc., distribute or promote child sexual abuse materials.",NONE,Not Applicable,NONE,Not Addressed,0.0,Content/community-conduct or advertising-policy rule; not a data-protection obligation under the DPDP taxonomy.,NEW_SUCCESS,False,7096c8a576346a7369095dca79710924c5b53d5d8e13e0f2a0598820a93c34e8,run-88abf65b56c9595b,qwen3:8b
S002385,Youtube,Child safety policy,"Family-friendly cartoons that target young minors and contain adult or age-inappropriate themes such as violence, sex, death, drugs and more. We don't allow content labelled as suitable for children in the video's title, description, tags or in the audience selection if it contains age-inappropriate themes.",NONE,Not Applicable,NONE,Not Addressed,0.0,"General descriptive, definitional or navigational text; no operational mechanism matching any taxonomy requirement.",NEW_SUCCESS,False,3b22bc0b734067323a6f1e08f31a767ae32983a6a556905912a0fd151f8e077f,run-88abf65b56c9595b,qwen3:8b
S001524,Telegram,Telegram Privacy Policy,We store your up-to-date contacts in order to notify you as soon as one of your contacts signs up for Telegram and to properly display names in notifications. We only need the number and name (first and last) for this to work and store no other data about your contacts.,NONE,Not Applicable,NONE,Not Addressed,0.0,"General descriptive, definitional or navigational text; no operational mechanism matching any taxonomy requirement.",NEW_SUCCESS,False,c0d22f32ba0966537e35bf299e5a56c458480d7feda7b107c035c6c4e0cc4726,run-88abf65b56c9595b,qwen3:8b
S000640,Meta,Meta_Cookies_Policy,What are cookies and what does this policy cover?,NONE,Not Applicable,NONE,Not Addressed,0.0,"Describes advertising, cookies or personalisation practice; no consent-withdrawal, rights or safeguard mechanism stated.",NEW_SUCCESS,False,0aa652f9b25c30fff5f7f817dd88d3c00bfad04a4b210a3d70c5f1a7df392107,run-88abf65b56c9595b,qwen3:8b
S001790,WhatsApp,WhatsApp Business App Privacy Policy,"Information Received From Others  User Reports, Feedback, Preferences and Blocks.",NONE,Not Applicable,NONE,Not Addressed,0.0,"General descriptive, definitional or navigational text; no operational mechanism matching any taxonomy requirement.",NEW_SUCCESS,False,99edcc6e8e8cdbab0099a8f8806c6d7f59b188284b20afad1f91638ad9418af1,run-c6bf936e43df-5d0fde37,qwen3:8b
S000372,Google,Google Privacy Policy,"We change this Privacy Policy from time to time. We will not reduce your rights under this Privacy Policy without your explicit consent. We always indicate the date the last changes were published and we offer access to archived versions for your review. If changes are significant, we’ll provide a more prominent notice (including, for certain services, email notification of Privacy Policy changes).",NONE,Not Applicable,NONE,Not Addressed,0.0,"General descriptive, definitional or navigational text; no operational mechanism matching any taxonomy requirement.",NEW_SUCCESS,False,d804b6e8d87e4c9cb174f3e8f78cda7d19c7377b7ef23df3ef5c6a684197266e,run-c6bf936e43df-5d0fde37,qwen3:8b
S001818,WhatsApp,WhatsApp Business Data Processing Terms,"b. WhatsApp confirms that: i. the duration, subject matter, nature and purpose of the Processing shall be as specified in the Business Terms; ii. the types of Personal Information Processed comprise customer contact information as described in the Business Terms; iii. the categories of Data Subjects comprise customers with whom you communicate using the WhatsApp service; and iv. your obligations and rights as Controller in relation to this",NONE,Not Applicable,NONE,Not Addressed,0.0,"General descriptive, definitional or navigational text; no operational mechanism matching any taxonomy requirement.",NEW_SUCCESS,False,a7ceebf7c74fe28a7e09e8c0b91f515856b8dfb8e852dc5dcaa31934efa37654,run-c6bf936e43df-5d0fde37,qwen3:8b
S001535,Telegram,Telegram Privacy Policy,"Telegram supports massive communities which we have to police against abuse and Terms of Service violations. Telegram also has more than 1 billion users which makes it a lucrative target for spammers. To improve the security of your account, as well as to prevent spam, abuse, and other violations of our Terms of Service, we may collect metadata such as your IP address, devices and Telegram apps you've used, history of username changes, etc. If collected, this metadata can be kept for 12 months maximum.",NONE,Not Applicable,NONE,Not Addressed,0.0,"Commercial/contractual term (liability, disputes, billing, licensing, service terms); no DPDP data-protection obligation or mechanism.",NEW_SUCCESS,False,0094bccf7a315c11b21c4e7e56ac0b1da4a9f50420cf92117c17ecbb30997026,run-88abf65b56c9595b,qwen3:8b
S000304,Google,Google Privacy Policy,"We also use your information to ensure our services are working as intended, such as tracking outages or troubleshooting issues that you report to us. And we use your information to make improvements to our services — for example, understanding which search terms are most frequently misspelled helps us improve spell-check features used across our services.",NONE,Not Applicable,NONE,Not Addressed,0.0,Describes purposes of use of data; no actionable compliance mechanism mapped to a taxonomy requirement.,NEW_SUCCESS,False,c126cfffbd914c27fdb86ecbcc3ed7ee922253e34ba452c51e65317eec5c0798,run-c6bf936e43df-5d0fde37,qwen3:8b
S002138,WhatsApp,WhatsApp Messaging Guidelines,"When an account, group or community requires further review, our automated systems send it to a human review team to make the final decision. Our human review teams are located across the globe, receive indepth training, and often specialize in certain policy areas and regions, and are able to review account information and reported messages. Personal messages are protected by end-to-end encryption. Our automated systems learn and improve from each decision.",NONE,Not Applicable,NONE,Not Addressed,0.0,Describes purposes of use of data; no actionable compliance mechanism mapped to a taxonomy requirement.,NEW_SUCCESS,False,c6dd18f17531f97b762f5498e7bae3277cd68d6fd64ef2f873cf7fe4fa530c7e,run-c6bf936e43df-5d0fde37,qwen3:8b
S001511,Telegram,Telegram Privacy Policy,"Telegram is a communication service. You provide your mobile number and basic account data (which may include profile name, profile picture and about information) to create a Telegram account.",NONE,Not Applicable,NONE,Not Addressed,0.0,"General descriptive, definitional or navigational text; no operational mechanism matching any taxonomy requirement.",NEW_SUCCESS,False,32c0328fe097ba4a71d9d6ef967a7720ae9e8b02c7206bac81b0182ad75c01d7,run-88abf65b56c9595b,qwen3:8b
S000796,Meta,MetaPrivacyPolicy,"You can choose to connect with who use our Products. If you do, these integrated partners receive information about you and your activity. integrated partners These integrated partners can always access information that's public on our Products. Learn more about other information they receive and how they handle your information: Manage apps and websites How do we share information with third parties?",NONE,Not Applicable,NONE,Not Addressed,0.0,"Describes data sharing with third parties/affiliates in general terms; no consent, safeguard or transfer control matched to a taxonomy requirement.",NEW_SUCCESS,False,1a80422347a2ba4485dc18c530b91636883176c6a8dee150ea0413e5318d3b36,run-88abf65b56c9595b,qwen3:8b
S000850,Meta,MetaPrivacyPolicy,Developing and improving AI at Meta Why and how we process your information: Develop and improve for Meta Products and for third parties.,NONE,Not Applicable,NONE,Not Addressed,0.0,Describes purposes of use of data; no actionable compliance mechanism mapped to a taxonomy requirement.,NEW_SUCCESS,False,83d0ddba767634d860c543504d69c02d347251ad392ac0d0265cb2c013ef01ce,run-88abf65b56c9595b,qwen3:8b
S002158,WhatsApp,WhatsApp_TermsOfService_India,"Keeping Your Account Secure. You are responsible for keeping your device and your WhatsApp account safe and secure, and you must notify us promptly of any unauthorized use or security breach of your account or our Services.",NONE,Not Applicable,NONE,Not Addressed,0.0,"General descriptive, definitional or navigational text; no operational mechanism matching any taxonomy requirement.",NEW_SUCCESS,False,283c883385157a8c6b20b227f6308ccf816f2dcd90c02cd7071fed4c073c51cf,run-c6bf936e43df-5d0fde37,qwen3:8b
S001134,Snapchat,Snap Group Limited Terms of Service,"These Terms, including the additional terms referenced in Section 3, make up the entire agreement between you and Snap, and supersede any prior agreements. These Terms do not create or confer any rights to third parties. If we do not enforce a provision in these Terms, it will not be considered a waiver of our rights to enforce these Terms. We reserve the right to transfer our rights under these Terms and provide the Services using another entity, provided that entity upholds these Terms. You may not transfer any of your rights or obligations under these Terms without our consent. We reserve all rights not expressly granted to you.",NONE,Not Applicable,NONE,Not Addressed,0.0,"Commercial/contractual term (liability, disputes, billing, licensing, service terms); no DPDP data-protection obligation or mechanism.",NEW_SUCCESS,False,fbee776f96b17452f2b5494b2314f0ed935b80e935479a78c2d3814f5d669704,run-c6bf936e43df-5d0fde37,qwen3:8b
S000231,Google,Google Play Terms of Service,"Age Restrictions. In order to use Google Play, you must have a valid Google account (“Google Account”), subject to the following age restrictions. If you are considered a minor in your country, you must have your parent or legal guardian’s permission to use Google Play and to accept the Terms. You must comply with any additional age restrictions that might apply for the use of specific Content or features on Google Play. Family managers and family members must meet these additional requirements as well.",DPDP_ACT-0034,Children/Vulnerable Groups,DPDP Act 2023,Partially Compliant,0.5,"Minimum-age rule or parent/guardian permission or supervision, without a verifiable-consent mechanism.",NEW_SUCCESS,False,8a0793015a68fb4192435400af66bc1e57718081764b333608b5744a8a8c7588,run-c6bf936e43df-5d0fde37,qwen3:8b
S000299,Google,Google Privacy Policy,"The types of location data we collect and how long we store it depend in part on your device and account settings. For example, you can turn your Android device’s location on or off using the device’s settings app. You can also turn on Timeline if you want to create a private map of where you go with your signed-in devices. Depending on your settings, your searches and other activity from Google services, which may also include location information, are saved as history to your Google Account. For example, activity from services like Search, Maps, and Shopping is saved to Search Services History, and your activity on some other Google sites and apps is saved to Web & App Activity. Learn more about how we use location information.",DPDP_RUL-0208,Consent & Notice,DPDP Rules 2025,Partially Compliant,0.5,"Settings/controls let the user give, manage or review permissions or ad consent; partial coverage of a consent-management function.",NEW_SUCCESS,False,b69a09f0805abbeef55f7411df5d9d868ff24c11e4bdd072c1b829eb915dc2c1,run-c6bf936e43df-5d0fde37,qwen3:8b
S001215,Snapchat,Snap_Privacy Policy,"Although our systems are designed to delete some of your information automatically, we cannot promise that deletion will take place by a specific time.",NONE,Not Applicable,NONE,Not Addressed,0.0,"General descriptive, definitional or navigational text; no operational mechanism matching any taxonomy requirement.",NEW_SUCCESS,False,54fbedc39a07d987c1e7fbfd995f893636bbc1c69a1d3d5e13d5c4c73a9e3b90,run-c6bf936e43df-5d0fde37,qwen3:8b
S001158,Snapchat,Snap_Privacy Policy,"Many of our Services require you to set up an account. To do this, we ask you to provide us with account details. When you set up your profile, you’ll also provide us with profile details (like your Bitmoji and profile picture). If you use our commerce products to buy something, like those latest sneakers, we may ask you for payment and related information (like your physical address, so we can ship the product to you, payment information, so we can process the payment, and transaction history). Based on your region, we may also use information you provide to estimate or infer your age or ask you to verify your age.",NONE,Not Applicable,NONE,Not Addressed,0.0,"Describes what data is collected; no user right, retention limit, safeguard or grievance mechanism stated.",NEW_SUCCESS,False,1adc1821352991ca197eae1b8b2d0cdbfe66f5739f76706d459e1da3b67aa2d7,run-c6bf936e43df-5d0fde37,qwen3:8b
S001139,Snapchat,Snap_Privacy Policy,"Welcome to Snap Inc.’s Privacy Policy. This Policy explains how we collect and use your data and how you can control your information. Looking for a quick summary on our privacy practices? Check out this page or this video. If you’re looking for specific product privacy information, for example, how we process your Chats and Snaps, take a look at our Privacy by Product page. In addition to these documents, we also show in-app notices that provide you more information about our products and services. If you’re a SPECS user you can learn more on how we collect and use your data here.",NONE,Not Applicable,NONE,Not Addressed,0.0,"Describes what data is collected; no user right, retention limit, safeguard or grievance mechanism stated.",NEW_SUCCESS,False,d7f92471bdd23eb1d064bd50821862b8c1a746eb228e79db965ed183191b72b4,run-c6bf936e43df-5d0fde37,qwen3:8b
S000749,Meta,Meta_Terms_of_Service,"Legacy contact: You may designate a person (called a legacy contact) to manage your account if it is memorialised. If you enable it in your settings, only your legacy contact or a person who you have identified in a valid will or similar legal document expressing clear consent to disclose your content to that person upon death or incapacity will be able to seek limited of information from your account after it has been memorialised.",NONE,Not Applicable,NONE,Not Addressed,0.0,"General descriptive, definitional or navigational text; no operational mechanism matching any taxonomy requirement.",NEW_SUCCESS,False,690c474c8600680f14dd8d830853a3789c2eaaab556a63a1aac88cf72cf5cdc3,run-88abf65b56c9595b,qwen3:8b
S001247,Snapchat,SnapChatAdPolicy,"Ads must not infringe the intellectual property, privacy, publicity, or other legal rights of any person or entity. Advertisers must have all necessary rights and permissions for all elements of their ads. Ads may not feature the name, likeness (including look-alikes), voice (including sound-alikes), or other identifying features of an individual without the individual's consent.",NONE,Not Applicable,NONE,Not Addressed,0.0,"Commercial/contractual term (liability, disputes, billing, licensing, service terms); no DPDP data-protection obligation or mechanism.",NEW_SUCCESS,False,37a70590977b796ed3edccf08421ef75aa8d6f05a418ac8300dcb216be753950,run-c6bf936e43df-5d0fde37,qwen3:8b
S000807,Meta,MetaPrivacyPolicy,How can you manage or delete your information and exercise your rights?,NONE,Not Applicable,NONE,Not Addressed,0.0,Bare navigational question heading with no operative compliance mechanism.,NEW_SUCCESS,False,c5dde3ff145ee6d862a246b316cc893b6515c18c2d96e25aa23f0e5215322d80,run-88abf65b56c9595b,qwen3:8b
S001148,Snapchat,Snap_Privacy Policy,"Control who can see your content. We’ve built a number of tools that let you choose who you share your content with. In some cases you may want to share content with just your friends, and in other instances you may want to share it with the public. To learn more, go here.",NONE,Not Applicable,NONE,Not Addressed,0.0,"Describes data sharing with third parties/affiliates in general terms; no consent, safeguard or transfer control matched to a taxonomy requirement.",NEW_SUCCESS,False,d0b84f2a2b1f0bbca3e6199d0a90d5fa8d9262a709eeb95704a6d6a1e8ada67f,run-c6bf936e43df-5d0fde37,qwen3:8b
S001140,Snapchat,Snap_Privacy Policy,"Transparency is one of our core values at Snap. We believe there shouldn’t be any surprises about the data we collect and how we use it — that’s why we’re upfront with how we process it. For example, we process your information to provide you a more personalized experience, including to show you content and information that is most relevant to your experience, as well as more relevant advertisements. Understanding your interests and preferences help us provide a better product experience.",NONE,Not Applicable,NONE,Not Addressed,0.0,"Describes advertising, cookies or personalisation practice; no consent-withdrawal, rights or safeguard mechanism stated.",NEW_SUCCESS,False,828e93f72ecad3b91013c79262506569b00da17c1b09d665ec33b2f49b8a7e64,run-c6bf936e43df-5d0fde37,qwen3:8b
S002290,WhatsApp,WhatsappBusinessTermsOfService,"• Clearly communicate the value of receiving this information. We may also reactively evaluate a business’ opt-in flows, including review of user feedback, to flag policy violations and develop additional types of enforcement over time. Learn more about opt-in.",NONE,Not Applicable,NONE,Not Addressed,0.0,Content/community-conduct or advertising-policy rule; not a data-protection obligation under the DPDP taxonomy.,NEW_SUCCESS,False,2a9455b0155e234b384768f4bb08615e5f38ae2d218b56475644b312c5f9c2ff,run-c6bf936e43df-5d0fde37,qwen3:8b
S002365,WhatsApp,WhatsAppPrivacyPolicy,"Be mindful that if you only delete WhatsApp from your device without using our in-app delete my account feature, your information will be stored with us for a longer period. Please remember that when you delete your account, it does not affect your information related to the groups you created or the information other users have relating to you, such as their copy of the messages you sent them.",DPDP_ACT-0029,Data Retention & Erasure,DPDP Act 2023,Compliant,1.0,"Concrete deletion mechanism (delete data/account or clear stored data) that the user can trigger directly, with defined effect.",NEW_SUCCESS,False,18638b3115ba32ff12467b5d3eb98995fb7dd7c5f58c2d367b80af40d70410d5,run-c6bf936e43df-5d0fde37,qwen3:8b
S002553,Youtube,Terms of Service,"c. not abuse or harm others or yourself (or threaten or encourage such abuse or harm), including against children;",NONE,Not Applicable,NONE,Not Addressed,0.0,"General descriptive, definitional or navigational text; no operational mechanism matching any taxonomy requirement.",NEW_SUCCESS,False,f566c45f9fff38fe9055a15fee71ad4615865628e4d22230c2e6597976f3c71f,run-88abf65b56c9595b,qwen3:8b
S002001,WhatsApp,WhatsApp Channels Supplemental Privacy Policy,"This Channels Privacy Policy supplements the WhatsApp Privacy Policy, which applies to the use of all our Services, including Channels. Any capitalized terms used but not defined in this Channels Privacy Policy have the meanings defined in the WhatsApp Privacy Policy. If there is any conflict between this Channels Privacy Policy and the WhatsApp Privacy",NONE,Not Applicable,NONE,Not Addressed,0.0,"General descriptive, definitional or navigational text; no operational mechanism matching any taxonomy requirement.",NEW_SUCCESS,False,f4db309a4dabb77d52f7871b31dead60cd635e6041c58fee0e62218e26ceca65,run-c6bf936e43df-5d0fde37,qwen3:8b
S001171,Snapchat,Snap_Privacy Policy,"Personalization can also help with suggesting friends or recommending a new friend to send a Snap to based on who you Snap with the most. We may show recommended places on the Snap Map, generate content with our AI Features like stickers or Snaps, infer your age or interests based on your content or activity, or customize the content we show you, including ads. For example, if you watch barista content on Spotlight, talk to My AI about your favorite espresso machine, or save a lot of coffee-related Snaps in your Memories, we may highlight coffee shops on the Snap Map when you visit a new city or show you content about coffee that you may find interesting or relevant. Or, if you interact with a lot of music venues we may use that to show you ads for upcoming shows in town. Personalization also includes tailoring your experience based on who you interact with most and what your friends are doing, including showing you content your friends create, like, or enjoy on Spotlight or Place recommendations that are popular with your friends.",NONE,Not Applicable,NONE,Not Addressed,0.0,"Describes advertising, cookies or personalisation practice; no consent-withdrawal, rights or safeguard mechanism stated.",NEW_SUCCESS,False,18080552efbfbb044613faf09a380fcd796fc58c209427b5d5596277822c6339,run-c6bf936e43df-5d0fde37,qwen3:8b
S000363,Google,Google Privacy Policy,"And some data we retain for longer periods of time when necessary for legitimate business or legal purposes, such as security, fraud and abuse prevention, or financial record-keeping.",DPDP_ACT-0029,Data Retention & Erasure,DPDP Act 2023,Partially Compliant,0.5,"Deletion or removal option available to the user, or retention exception for legal/business need; qualified and without a statutory timeline.",NEW_SUCCESS,False,48bb7224275a769fdd83fa8bab41e5a5a5974f205da99f4bd37bc462b6b9dc39,run-c6bf936e43df-5d0fde37,qwen3:8b
S001855,WhatsApp,WhatsApp Business Data Security Terms,d. Personnel Security Breach. WhatsApp will take disciplinary action in the event of unauthorized access to Covered Data by,DPDP_RUL-0170,Significant Data Fiduciary Obligations,DPDP Rules 2025,Partially Compliant,0.5,Assigns oversight / disciplinary accountability for security of personal data; reasonable-safeguards intent without detail.,NEW_SUCCESS,False,239e5f0ffe7d11e8cf12f001fa310278f7e61e5078addb204cd880c313618789,run-c6bf936e43df-5d0fde37,qwen3:8b
S002358,WhatsApp,WhatsAppPrivacyPolicy,"If you live in India, this chart describes the categories of information we share. It also explains how and why we share this information.",NONE,Not Applicable,NONE,Not Addressed,0.0,"Describes data sharing with third parties/affiliates in general terms; no consent, safeguard or transfer control matched to a taxonomy requirement.",NEW_SUCCESS,False,65b175dd1a2e784295ea6b35c00b821f5cff793ae86025fe34f44f573c4aff0a,run-c6bf936e43df-5d0fde37,qwen3:8b
S000903,Meta,MetaPrivacyPolicy,"To validate metrics directly related to these, in order to inform and improve product direction and development and to adhere to (shareholder/earning) reporting obligations. detail on each information category). The actual information that we use depends on your factual circumstances, but could include any of the following: Content that you provide through our camera feature or your camera roll settings, or through our voice-enabled features",NONE,Not Applicable,NONE,Not Addressed,0.0,Describes purposes of use of data; no actionable compliance mechanism mapped to a taxonomy requirement.,NEW_SUCCESS,False,955cb895dde397ae7573d4b989b5fb80acac2f43203e129255e511669d89f85d,run-88abf65b56c9595b,qwen3:8b
S002368,WhatsApp,WhatsAppPrivacyPolicy,"Terms and any other applicable terms and policies, including for investigations of potential violations; (c) detect, investigate, prevent, or address fraud and other illegal activity or security, and technical issues; or",NONE,Not Applicable,NONE,Not Addressed,0.0,Content/community-conduct or advertising-policy rule; not a data-protection obligation under the DPDP taxonomy.,NEW_SUCCESS,False,fee86edaf829128d26f91310ad0e99ffac120b88362aedf34de57d17aaeddbb0,run-c6bf936e43df-5d0fde37,qwen3:8b
S001541,Telegram,Telegram Privacy Policy,Telegram Premium users don’t see ads and are not affected by the Telegram Ad Platform.,NONE,Not Applicable,NONE,Not Addressed,0.0,"Describes advertising, cookies or personalisation practice; no consent-withdrawal, rights or safeguard mechanism stated.",NEW_SUCCESS,False,009a56861fcf1f6a993b0e7bacbbb8998fc8531b6080b3872e7061238a3511d4,run-88abf65b56c9595b,qwen3:8b
S000791,Meta,MetaPrivacyPolicy,"We help them measure how well their ads and other content, products and services are working.",NONE,Not Applicable,NONE,Not Addressed,0.0,"Describes advertising, cookies or personalisation practice; no consent-withdrawal, rights or safeguard mechanism stated.",NEW_SUCCESS,False,9ade404b404567cb02e1d081263f77b50c149c0922417a5841d1f31e03f7ba24,run-88abf65b56c9595b,qwen3:8b
S002049,WhatsApp,WhatsApp India Payments Privacy Policy,"instructions to PSP banks for Payments. We also use the information to customize, market and improve Payments, including cross-selling, promotions, providing value-added services and other NPCI approved purposes, and in accordance with applicable law.",NONE,Not Applicable,NONE,Not Addressed,0.0,Describes purposes of use of data; no actionable compliance mechanism mapped to a taxonomy requirement.,NEW_SUCCESS,False,e3189bb90eadd4422ad986e8a5c43a6f83e0c0dcebbd6f3e385b2e3264f80fc8,run-c6bf936e43df-5d0fde37,qwen3:8b
S001804,WhatsApp,WhatsApp Business App Privacy Policy,"The WhatsApp Business App follows the same information management, retention and deletion practices described in the WhatsApp Privacy Policy.",DPDP_ACT-0029,Data Retention & Erasure,DPDP Act 2023,Partially Compliant,0.5,"Deletion or removal option available to the user, or retention exception for legal/business need; qualified and without a statutory timeline.",NEW_SUCCESS,False,8fd17b74ac4c51baedea92eb2845e9024ac9a644e5d0b3c5ec7a03c030e80586,run-c6bf936e43df-5d0fde37,qwen3:8b
S001516,Telegram,Telegram Privacy Policy,"When you enable 2-step-verification for your account or store documents using the Telegram Passport feature, you can opt to set up a password recovery email. This address will only be used to send you a password recovery code if you forget it. That's right: no marketing or “we miss you” bullshit.",DPDP_ACT-0025,Security Safeguards,DPDP Act 2023,Partially Compliant,0.5,"General or partial security measure (training, screening, incident/vulnerability programme, encryption feature) without full specification.",NEW_SUCCESS,False,95537531291e156d8dbc0c6e9101bcf68bdcf56c3f785a3621e26b62641c3d20,run-88abf65b56c9595b,qwen3:8b
S001612,Telegram,Telegram Privacy Policy,If you have any questions please feel free to explore our FAQ or contact Telegram's Volunteer Support in-app via Settings > Ask a Question.,DPDP_RUL-0201,Grievance Redressal,DPDP Rules 2025,Partially Compliant,0.5,"Published complaint/contact route with a promise to respond, but no stated ninety-day grievance timeline.",NEW_SUCCESS,False,24c02a18cb3d508b6f7bb76144804ae20602bd2864134a98813394c7f88c3161,run-88abf65b56c9595b,qwen3:8b
S002131,WhatsApp,WhatsApp Messaging Guidelines,"WhatsApp may take action against violations of our Terms of Service or these Guidelines, based on the limited information available to WhatsApp, including basic account, group, and community profile information, as well as messages reported by other users. Your personal messages and calls are always protected by end-to-end encryption.  Do not share illegal content or engage in illegal activity This includes content that sexually exploits or endangers children (including child sexual abuse material) or that supports designated terrorist organizations or individuals. Do not share intellectual property you do not have a right to use. Do not organize or coordinate violent crimes, violence against others, human trafficking, or trade in illicit drugs.  Do not engage in adversarial behavior. This includes efforts to undermine WhatsApp integrity systems, abuse reporting tools, compromise user accounts, scrape data, or use unofficial clients, bulk messaging, auto-messaging, auto-dialing, or automation to harm WhatsApp or our users.",NONE,Not Applicable,NONE,Not Addressed,0.0,"Commercial/contractual term (liability, disputes, billing, licensing, service terms); no DPDP data-protection obligation or mechanism.",NEW_SUCCESS,False,3be33378b70476abab535d554260f844b32fcddfbb6925d0dad1c513e2b40120,run-c6bf936e43df-5d0fde37,qwen3:8b
S000650,Meta,Meta_Cookies_Policy,Do other Companies use cookies in connection with the Meta Products?,NONE,Not Applicable,NONE,Not Addressed,0.0,"Describes advertising, cookies or personalisation practice; no consent-withdrawal, rights or safeguard mechanism stated.",NEW_SUCCESS,False,228f9ced0dc8eee4fabea10924d177f44f4bf0a4b22e5c7e56805c0328e21c78,run-88abf65b56c9595b,qwen3:8b
S000342,Google,Google Privacy Policy,"If you’re a student or work for an organization that uses Google services, your domain administrator and resellers who manage your account will have access to your Google Account. They may be able to: Receive your account information in order to satisfy applicable law, regulation, legal process, or enforceable governmental request",NONE,Not Applicable,NONE,Not Addressed,0.0,"General descriptive, definitional or navigational text; no operational mechanism matching any taxonomy requirement.",NEW_SUCCESS,False,3893aef485ae68830861ab90c37139ffc286e1f659a0310fa613a42a75bd814a,run-c6bf936e43df-5d0fde37,qwen3:8b
S000913,Meta,MetaPrivacyPolicy,"Providing marketing communications Why and how we process your information: Depending on your settings, and subject to applicable law, we'll share marketing communications with you.",NONE,Not Applicable,NONE,Not Addressed,0.0,"Describes advertising, cookies or personalisation practice; no consent-withdrawal, rights or safeguard mechanism stated.",NEW_SUCCESS,False,910140014429de77789d29eb45a54778561c29c777fa8234e6d54f569bf3ab18,run-88abf65b56c9595b,qwen3:8b
S001548,Telegram,Telegram Privacy Policy,You can send data to bot developers when you interact with their bots in one of these ways: By sending messages to a bot.,NONE,Not Applicable,NONE,Not Addressed,0.0,Describes purposes of use of data; no actionable compliance mechanism mapped to a taxonomy requirement.,NEW_SUCCESS,False,75bb1b840faf97d4783febc01adf4723cb0ebbd0578575fed087a22c8b546f17,run-88abf65b56c9595b,qwen3:8b
S000843,Meta,MetaPrivacyPolicy,"Provide our features that are part of that do things such as create and understand content (e.g. text, audio, images and videos) and perform actions",NONE,Not Applicable,NONE,Not Addressed,0.0,"General descriptive, definitional or navigational text; no operational mechanism matching any taxonomy requirement.",NEW_SUCCESS,False,e84d8b7d5041eb18a0e9737415f56f753f64d8f0bb04311839dd0610ee851d98,run-88abf65b56c9595b,qwen3:8b
S001162,Snapchat,Snap_Privacy Policy,"This includes usage information (information about how you interact with our Services — for example, which Lenses you view and apply, your premium subscriptions, Stories you watch, and how often you interact with other Snapchatters) and content information (information about content you create or provide, your engagement with the camera and creative tools, your interactions with My AI, and metadata — for example, information about the content itself like the date and time it was posted and who viewed it). Content information includes information based on the content of the image, video, or audio — so if you post a Spotlight of a basketball game, we may use that information to show you more content on Spotlight about basketball, or if you enable certain face grouping features, we may use information about faces detected in your Memories to help you organize and find Snaps featuring the same person.",NONE,Not Applicable,NONE,Not Addressed,0.0,"Commercial/contractual term (liability, disputes, billing, licensing, service terms); no DPDP data-protection obligation or mechanism.",NEW_SUCCESS,False,05c2078365e3b7e7fba39f9d2e5f12c70095c0ac5285dd78b3834c32d71987f4,run-c6bf936e43df-5d0fde37,qwen3:8b
S002311,WhatsApp,WhatsappCookies,"This policy explains how we use cookies and the choices you have, when you use our web-based Services, our website or our optional features on our Services such as Status and Channels. The Privacy Policy and any supplemental policy which is relevant to your use of our Services applies to our processing of the information we collect through cookies.",NONE,Not Applicable,NONE,Not Addressed,0.0,"Describes advertising, cookies or personalisation practice; no consent-withdrawal, rights or safeguard mechanism stated.",NEW_SUCCESS,False,0e0255850a8708792e2cb41883f60e85d0e59cf125a5bea1b2d417ab8f0dfaf7,run-c6bf936e43df-5d0fde37,qwen3:8b
S001010,Snapchat,Snap Group Limited Terms of Service,"In order to use our Services, you must accept these Terms (and any other notice or consent), which are presented to you when you first open the Service. If so, Snap grants you a non-assignable, non-exclusive, revocable, and non-sublicensable licence to use the Services in accordance with these Terms and our policies. Of course, if you don’t accept them, then don’t use the Services.",NONE,Not Applicable,NONE,Not Addressed,0.0,"Commercial/contractual term (liability, disputes, billing, licensing, service terms); no DPDP data-protection obligation or mechanism.",NEW_SUCCESS,False,91083b662c92a52c8de718f77a9948694dcc350a5a8d2dbeaa4a082a646ee1a1,run-c6bf936e43df-5d0fde37,qwen3:8b
S001887,WhatsApp,WhatsApp Business Data Transfer Addendum,Any other capitalised terms have the meaning given to them in the Business Terms or the Data Processing Terms.,NONE,Not Applicable,NONE,Not Addressed,0.0,"General descriptive, definitional or navigational text; no operational mechanism matching any taxonomy requirement.",NEW_SUCCESS,False,6b09e25d573dbd94853166b88e681a911acaf1df8d56636f777cd8f931cc322f,run-c6bf936e43df-5d0fde37,qwen3:8b
S001155,Snapchat,Snap_Privacy Policy,"Tracking. If you use an iPhone with iOS 14.5 or above, some specific requirements apply, which we’ve specified here.",NONE,Not Applicable,NONE,Not Addressed,0.0,"General descriptive, definitional or navigational text; no operational mechanism matching any taxonomy requirement.",NEW_SUCCESS,False,e134340b46b712c1a9d820f4bd88a34b9d9ec83b0e473ef00817abb5a63f6343,run-c6bf936e43df-5d0fde37,qwen3:8b
S002337,WhatsApp,WhatsAppPrivacyPolicy,"Third-Party Information  Information Others Provide About You. We receive information about you from other users. For example, when other users you know use our Services, they may provide your phone number, name, and other information (like information from their mobile address book) just as you may provide theirs. They may also send you messages, send messages to groups to which you belong, or call",NONE,Not Applicable,NONE,Not Addressed,0.0,"Describes what data is collected; no user right, retention limit, safeguard or grievance mechanism stated.",NEW_SUCCESS,False,5ac0db4a51b60df686d3e6b8bf2a36a43dab475ce7872f9f187738379a87d81a,run-c6bf936e43df-5d0fde37,qwen3:8b
S002153,WhatsApp,WhatsApp_TermsOfService_India,"Services and your other contacts. Learn more about our contact upload feature here. Age. You must be at least 13 years old to register for and use our Services on your own (or such greater age required in your country or territory). If you are under this age, your parent or guardian can create a parentmanaged account for you if it is available in your country or territory. If you are creating a parent-managed account, please read these Terms with your child and ensure that you both understand them. Devices And Software. You must provide certain devices, software, and data connections to use our Services, which we otherwise do not supply. In order to use our Services, you consent to manually or automatically download and install updates to our Services. You also consent to our sending you notifications via our Services from time to time, as necessary to provide our Services to you. Fees And Taxes. You are responsible for all carrier data plans, Internet fees, and other fees and taxes associated with your use of our Services.",DPDP_ACT-0034,Children/Vulnerable Groups,DPDP Act 2023,Partially Compliant,0.5,"Minimum-age rule or parent/guardian permission or supervision, without a verifiable-consent mechanism.",NEW_SUCCESS,False,0e27bfa7e29ad7072900a3978b6961aa0b7f44e5ffa5c3ed0f706d8473084596,run-c6bf936e43df-5d0fde37,qwen3:8b
S000805,Meta,MetaPrivacyPolicy,Why we share across the Meta Companies Meta Products share information with other Meta Companies: To understand how people use and interact with Meta Company Products of why we share.,NONE,Not Applicable,NONE,Not Addressed,0.0,"Describes data sharing with third parties/affiliates in general terms; no consent, safeguard or transfer control matched to a taxonomy requirement.",NEW_SUCCESS,False,c1255f5b7b8ba688a45d820b56443148732dd79607a043c3b1566ebbe9341767,run-88abf65b56c9595b,qwen3:8b
S000871,Meta,MetaPrivacyPolicy,"To operate and provide the services described in the terms that apply to the Meta Product(s) you are using. This includes allowing you to share information and connect with your family and friends around the globe; and To fix, analyse and improve our Products.",NONE,Not Applicable,NONE,Not Addressed,0.0,Describes purposes of use of data; no actionable compliance mechanism mapped to a taxonomy requirement.,NEW_SUCCESS,False,d3633d973e13084dd14a3af5f5d95940ae68f8c549ef6831e3546946cf5da6d5,run-88abf65b56c9595b,qwen3:8b
S000335,Google,Google Privacy Policy,"There are other ways to control the information Google collects whether or not you’re signed in to a Google Account, including: Browser settings: For example, you can configure your browser to indicate when Google has set a cookie in your browser. You can also configure your browser to block all cookies from a specific domain or all domains. But remember that our services rely on cookies to function properly, for things like remembering your language preferences.",NONE,Not Applicable,NONE,Not Addressed,0.0,"Describes advertising, cookies or personalisation practice; no consent-withdrawal, rights or safeguard mechanism stated.",NEW_SUCCESS,False,e097e7c5a985b4a222ff4542b9753c08db7b08f1b32f6f562498c206882dd32f,run-c6bf936e43df-5d0fde37,qwen3:8b
S001580,Telegram,Telegram Privacy Policy,"If Telegram receives a valid order from the relevant judicial authorities that confirms you're a suspect in a case involving criminal activities that violate the Telegram Terms of Service, we will perform a legal analysis of the request and may disclose your IP address and phone number to the relevant authorities. If any data is shared, we will include such occurrences in a quarterly transparency report published at: https://t.me/transparency.",IT_ACT_2-0289,Intermediary/Platform Liability,IT Act 2000,Compliant,1.0,Explicit procedure for disclosure only on valid legal process (warrant/court order/subpoena/judicial order) with transparency reporting.,NEW_SUCCESS,False,5baf11366624ae574213a42d0ced1c5f034d5dee3f83643926e7e67e30f7fe8c,run-88abf65b56c9595b,qwen3:8b
S001834,WhatsApp,WhatsApp Business Data Processing Terms,"Global Data Transfer Addendum is incorporated by reference into these Data Processing Terms, and applies with respect to your transfer of Personal Information to",DPDP_RUL-0202,Cross-Border Transfer,DPDP Rules 2025,Partially Compliant,0.5,"Discloses cross-border transfer/processing and states safeguards (SCCs, same protections, legal frameworks) but not Indian Central-Government requirements.",NEW_SUCCESS,False,7a2a3f5949f6f750a168fb2a5bc32d5f1102e793c12a291e46b6ac078649a107,run-c6bf936e43df-5d0fde37,qwen3:8b
S002286,WhatsApp,WhatsappBusinessTermsOfService,• Obtaining a separate opt-in to initiate a call to a user.,NONE,Not Applicable,NONE,Not Addressed,0.0,"General descriptive, definitional or navigational text; no operational mechanism matching any taxonomy requirement.",NEW_SUCCESS,False,38f4626576029e09d370b448364eafd943127ef68273c1dd735c8b7428fa4735,run-c6bf936e43df-5d0fde37,qwen3:8b
S001532,Telegram,Telegram Privacy Policy,"Your messages, media and files from secret chats (see section 3.3.2 above), as well as the contents of your calls and the data you store in your Telegram Passport are processed only on your device and on the device of your recipient. Before this data reaches our servers, it is encrypted with a key known only to you and the recipient. While Telegram servers will handle this end-to-end encrypted data to deliver it to the recipient – or store it in the case of Telegram Passport data, we have no ways of deciphering the actual information. In this case, we neither store nor process your personal data, rather we store and process random sequences of symbols that have no meaning without the keys which we don’t have.",DPDP_ACT-0025,Security Safeguards,DPDP Act 2023,Partially Compliant,0.5,"General or partial security measure (training, screening, incident/vulnerability programme, encryption feature) without full specification.",NEW_SUCCESS,False,de1242f9839677d414ca2cac30cb50315817b28b85047b5482cae9d1967e19ca,run-88abf65b56c9595b,qwen3:8b
S001611,Telegram,Telegram Privacy Policy,Important changes made to this Privacy Policy will be notified to you via Telegram.,NONE,Not Applicable,NONE,Not Addressed,0.0,"General descriptive, definitional or navigational text; no operational mechanism matching any taxonomy requirement.",NEW_SUCCESS,False,48803ab7d7bc733e510fb2f5eabc301d30cc1043bd5f1852b2e4cf6e370d58b7,run-88abf65b56c9595b,qwen3:8b
S000869,Meta,MetaPrivacyPolicy,"Transferring, storing or processing your information globally Why and how we process your information: Transferring, storing or processing your information across borders, including from and to the United States and other countries: We share information that we collect globally, both internally across our offices and data centres and externally with our , and . Because Meta is global, with users, partners, vendors and employees around the world, transfers are necessary: partners third parties service providers",DPDP_RUL-0202,Cross-Border Transfer,DPDP Rules 2025,Partially Compliant,0.5,"Discloses cross-border transfer/processing and states safeguards (SCCs, same protections, legal frameworks) but not Indian Central-Government requirements.",NEW_SUCCESS,False,b0a2d7d6703767380256980dafecf78d68aaad5dc744b5813e2abfda09de5094,run-88abf65b56c9595b,qwen3:8b
S001182,Snapchat,Snap_Privacy Policy,"We use your information to enhance the safety and security of our Services, verify Snapchatter identity or age, and prevent fraud or other unauthorized or illegal activity. For example, we provide two-factor authentication to help protect your account and can send you email or text messages if we notice any suspicious activity. We also scan URLs sent on Snapchat to see if that webpage is potentially harmful, and can give you a warning about it.",DPDP_ACT-0025,Security Safeguards,DPDP Act 2023,Partially Compliant,0.5,"General or partial security measure (training, screening, incident/vulnerability programme, encryption feature) without full specification.",NEW_SUCCESS,False,995e87c9c296854e400aa6bc22ef9ca519384c230e0a4669d538eebedf0a72d1,run-c6bf936e43df-5d0fde37,qwen3:8b
S000778,Meta,MetaPrivacyPolicy,Learn more What if the information that we collect doesn't identify individuals?,NONE,Not Applicable,NONE,Not Addressed,0.0,"Describes what data is collected; no user right, retention limit, safeguard or grievance mechanism stated.",NEW_SUCCESS,False,75467c2317110e9983e813564f82e18fff89b154a6e65c5b62d93fdc5dc9ac9e,run-88abf65b56c9595b,qwen3:8b
S001173,Snapchat,Snap_Privacy Policy,"For example, if you watch a lot of sports content, but skip content with hair and makeup tips, our recommendation algorithms will prioritize sports, but not those makeup tips. You can learn more about how we understand Snapchatter preferences and rank and moderate content here.",NONE,Not Applicable,NONE,Not Addressed,0.0,"Describes advertising, cookies or personalisation practice; no consent-withdrawal, rights or safeguard mechanism stated.",NEW_SUCCESS,False,b854f81a8e9a515749274812cc980dfb8ca12675b76ae8838858f832deb19bd9,run-c6bf936e43df-5d0fde37,qwen3:8b
S002023,WhatsApp,WhatsApp Channels Supplemental Privacy Policy,"Subscription Updates and information Admins share on Channels is public and available to others, subject to any audience, subscription or privacy settings. You should keep in mind that anybody can capture screenshots or make recordings of Channel Content and interactions on Channels and send them to WhatsApp or anyone else, or share, export or upload them off our Services.  Third-Party Service Providers and Meta Companies. We work with third-party service providers and other Meta Companies to help us operate, provide, improve, understand and support Channels. We also work with Meta Companies to help us promote the safety, security, and integrity on Channels and our Services, including use of detection and measurement tools that leverage a combination of classifiers, content and behavioral signals, human review, and user reports—to proactively and reactively detect potentially violating content or use of Channels. When we share information with thirdparty service providers and other Meta Companies in this capacity, we require them to use your information on our behalf in accordance with our instructions and terms.  Accounts Center. If you have added your WhatsApp account to",NONE,Not Applicable,NONE,Not Addressed,0.0,"Commercial/contractual term (liability, disputes, billing, licensing, service terms); no DPDP data-protection obligation or mechanism.",NEW_SUCCESS,False,62c97f5c43fc4c9b7f2fdcba6fc155d9b95f0c471d4c2000027fc11bc5144436,run-c6bf936e43df-5d0fde37,qwen3:8b
S000493,Google,Google_Terms_of_Service,"If we reasonably believe that any of your content (1) breaches these terms, service-specific additional terms, or policies, (2) violates applicable law, or (3) could harm our users, third parties, or Google, then we reserve the right to take down some or all of that content in accordance with applicable law. Examples include child pornography, content that facilitates human trafficking or harassment, terrorist content, and content that infringes someone else’s intellectual property rights.",NONE,Not Applicable,NONE,Not Addressed,0.0,Content/community-conduct or advertising-policy rule; not a data-protection obligation under the DPDP taxonomy.,NEW_SUCCESS,False,323c84e8b8a1087fe98517a9048de00ee473b35dfe19f8374997cc9340c469f3,run-c6bf936e43df-5d0fde37,qwen3:8b
S002194,WhatsApp,WhatsApp_TermsOfService_India,"Services are governed by separate terms (where, as applicable, you may separately consent).",NONE,Not Applicable,NONE,Not Addressed,0.0,"Commercial/contractual term (liability, disputes, billing, licensing, service terms); no DPDP data-protection obligation or mechanism.",NEW_SUCCESS,False,5ea44c044595f196fbe0f25bfbf17d93b208ef86ba612375b48eaf701c1880f5,run-c6bf936e43df-5d0fde37,qwen3:8b
S000881,Meta,MetaPrivacyPolicy,"Using information from third parties for personalising ads Why and how we process your information: Receiving and using information from third parties to tailor the ads you see: we'll use information that advertisers, businesses and other partners provide us with about activity off the Meta Company Products that we have associated with you to personalise ads that we show you on our Products, and on websites, apps and devices that use our advertising services. We receive this information whether or not you're logged in or have an account on our Products – see the for more information.",NONE,Not Applicable,NONE,Not Addressed,0.0,"Describes advertising, cookies or personalisation practice; no consent-withdrawal, rights or safeguard mechanism stated.",NEW_SUCCESS,False,0126712c2581abc26d5a6a25f55e9f5b74d4ca42e7ea3b03089798f8327de35a,run-88abf65b56c9595b,qwen3:8b
S001847,WhatsApp,WhatsApp Business Data Security Terms,b. Camera surveillance systems at the Data Processing Facility;,NONE,Not Applicable,NONE,Not Addressed,0.0,"General descriptive, definitional or navigational text; no operational mechanism matching any taxonomy requirement.",NEW_SUCCESS,False,34e7153b63deb896dd2c3dc5cc93c8a617ddecbabdb2f842be272e356e767b45,run-c6bf936e43df-5d0fde37,qwen3:8b
S000935,Meta,MetaPrivacyPolicy,"To promote the safety, security and integrity of Meta Companies, Meta Products, users, employees, property and the public about how we promote safety, security and integrity.",NONE,Not Applicable,NONE,Not Addressed,0.0,"Describes data sharing with third parties/affiliates in general terms; no consent, safeguard or transfer control matched to a taxonomy requirement.",NEW_SUCCESS,False,e54d34757b67bc21dc3be124b790332a21d83eab491540027eadcbcbbd6991bf,run-88abf65b56c9595b,qwen3:8b
S001507,Telegram,Telegram Privacy Policy,"If you live in a country in the European Economic Area (EEA), the Services are provided by Telegram, which for the purposes of applicable data protection legislation is the data controller responsible for your personal data when you use our Services. However, as Telegram is located outside the EEA, we have designated a third party, European Data Protection Office (EDPO), as our representative pursuant to Article 27 of the GDPR. You can direct to EDPO any of your GDPR-related queries: by using EDPO’s online request form at https://edpo.com/telegram-gdpr-data-request/ or",NONE,Not Applicable,NONE,Not Addressed,0.0,Describes purposes of use of data; no actionable compliance mechanism mapped to a taxonomy requirement.,NEW_SUCCESS,False,0ca9b6c03fca3b8ff65d387be951a047c353f68483bab0dd972a27cd7a5042cf,run-88abf65b56c9595b,qwen3:8b
S002662,Youtube,YoutubePrivacyPolicy,"We also offer Incognito mode, which lets users signed in to the YouTube app browse privately in a session so that their account search and watch history will not reflect whatever they're viewing.",NONE,Not Applicable,NONE,Not Addressed,0.0,Content/community-conduct or advertising-policy rule; not a data-protection obligation under the DPDP taxonomy.,NEW_SUCCESS,False,c7c20563ac028af27f96b2eaa39262932b8f215d318e0d482c0e5f734115d958,run-88abf65b56c9595b,qwen3:8b
S002041,WhatsApp,WhatsApp India Payments Privacy Policy,"UPI PIN already for your bank account, you can set one using your partial debit card number, expiry date, PIN (if required by your bank), and bank-issued one-time password (OTP) to set up a BHIM UPI PIN. We do not retain Customer Payment Sensitive Data (partial debit card number, expiry date, PIN, OTP, or BHIM UPI PIN).",NONE,Not Applicable,NONE,Not Addressed,0.0,"General descriptive, definitional or navigational text; no operational mechanism matching any taxonomy requirement.",NEW_SUCCESS,False,70c95ea7860c9268ea77cec8fdaf8d041f1877e62be4b9ffe27917941a2f2614,run-c6bf936e43df-5d0fde37,qwen3:8b
S002663,Youtube,YoutubePrivacyPolicy,"With ad settings, users can see what information is being used to personalise ads to them, turn any of it on or off, or deactivate personalised ads altogether. They'll still see ads, but they'll most likely be less relevant.",DPDP_RUL-0208,Consent & Notice,DPDP Rules 2025,Partially Compliant,0.5,"Settings/controls let the user give, manage or review permissions or ad consent; partial coverage of a consent-management function.",NEW_SUCCESS,False,49e97ce0d1cecb41473d2bfdd52c5dd79ca7d367ec3daaddeecd1f4339705e0b,run-88abf65b56c9595b,qwen3:8b
S002378,Youtube,Child safety policy,"Harmful or dangerous acts involving minors: Content showing a minor participating in dangerous activities or encouraging minors to do dangerous activities, particularly if someone watching could imitate the dangerous act, or if the content encourages or praises the dangerous act. Never put minors in harmful situations that may lead to injury, including dangerous stunts, challenges, dares or pranks. Dangerous acts include, but are not limited to, any act in the categories listed under Extremely dangerous challenges, such as asphyxiation or electrocution.",DPDP_RUL-0227,Children/Vulnerable Groups,DPDP Rules 2025,Partially Compliant,0.5,Age-appropriate limits or content restrictions protecting minors' well-being.,NEW_SUCCESS,False,fccb4d567a69fc4f9614a43675cb58d58057d8a7d14a3d63a95f9c7fe6633ec5,run-88abf65b56c9595b,qwen3:8b
S000940,Meta,MetaPrivacyPolicy,"Processing information when required by law Why and how we process your information: Where we are under an obligation to disclose information such as, for example, if we receive a valid legal request for certain information such as a search warrant, we will access, preserve and/or share your information with regulators, law enforcement or others.",IT_ACT_2-0289,Intermediary/Platform Liability,IT Act 2000,Partially Compliant,0.5,Specifies protocol for disclosing records under valid legal requests and search warrants.,NEW_SUCCESS,False,788e261f334ee3439114c04adc217cde70e7132c2255095cd001b21b34539dca,run-88abf65b56c9595b,qwen3:8b
S000925,Meta,MetaPrivacyPolicy,"Anonymising your information Why and how we process your information: In some cases, we anonymise information we have associated with you, such as your activity on and off our Products, and use the resulting information, for example, to provide and improve our Meta Products, including ads. detail on each information category). The actual information that we use depends on your factual circumstances, but could include any of the following:",NONE,Not Applicable,NONE,Not Addressed,0.0,Describes purposes of use of data; no actionable compliance mechanism mapped to a taxonomy requirement.,NEW_SUCCESS,False,8b4d85fa7d52c8678d1b346a3475403e2bc7e64aaf4e62041946a9bf9e89c792,run-88abf65b56c9595b,qwen3:8b
S002372,Youtube,Child safety policy,YouTube doesn't allow content that endangers the emotional and physical wellbeing of minors. A minor is someone under 18 years old.,DPDP_RUL-0227,Children/Vulnerable Groups,DPDP Rules 2025,Partially Compliant,0.5,Age-appropriate limits or content restrictions protecting minors' well-being.,NEW_SUCCESS,False,34cd64534108501687ba52e264cf906e5e0ff45b349b18df205baa589f8be99e,run-88abf65b56c9595b,qwen3:8b
S000194,Google,Google Cloud Terms of Service,"""Legal Process"" means an information disclosure request made under law, governmental regulation, court order, subpoena, warrant, or other valid legal authority, legal procedure, or similar process.",NONE,Not Applicable,NONE,Not Addressed,0.0,"Commercial/contractual term (liability, disputes, billing, licensing, service terms); no DPDP data-protection obligation or mechanism.",NEW_SUCCESS,False,21c65564389b386de5c3913f57d8ab507534a447ffcab77907b00eeb43c52f81,run-c6bf936e43df-5d0fde37,qwen3:8b
S002287,WhatsApp,WhatsappBusinessTermsOfService,• Obtaining separate opt-in by specific message category. o This mitigates the risk that users will block your business because they receive unsolicited messages.,NONE,Not Applicable,NONE,Not Addressed,0.0,"General descriptive, definitional or navigational text; no operational mechanism matching any taxonomy requirement.",NEW_SUCCESS,False,45851e7115eab7e3b55c500d99285be167c1d7121a43c4307871556d8b61f786,run-c6bf936e43df-5d0fde37,qwen3:8b
S001180,Snapchat,Snap_Privacy Policy,"In order to understand what to build or how to improve our Services, we need to understand trends and demand for our features. For example, we monitor metadata and trends about Group Chat use to help decide whether we should change parts of the feature, like the maximum size of a Group. Studying data from Snapchatters can help us see trends in the ways that people use the Services. This helps inspire us to improve Snapchat on a larger scale. We perform analytics in order to identify, monitor, and analyze trends and usage. Based on this information, we will, among other things, create information about our users to help us understand demand.",NONE,Not Applicable,NONE,Not Addressed,0.0,"Describes advertising, cookies or personalisation practice; no consent-withdrawal, rights or safeguard mechanism stated.",NEW_SUCCESS,False,605157349d7de230b0aafcf1b40e023ba489cfccc2e1f779a1c0a2124375e82b,run-c6bf936e43df-5d0fde37,qwen3:8b
S001563,Telegram,Telegram Privacy Policy,"Bots added to groups can operate in two modes: with access to messages in the group or without access. If the bot has access to messages, it can see everything that happens in the group. The interface clearly shows whether or not a bot has access to messages in groups.",NONE,Not Applicable,NONE,Not Addressed,0.0,"Describes data sharing with third parties/affiliates in general terms; no consent, safeguard or transfer control matched to a taxonomy requirement.",NEW_SUCCESS,False,33d73bfcb1eb0af93ac1a47af710736384b779b6a16408d37ed7191bed185bcd,run-88abf65b56c9595b,qwen3:8b
S002003,WhatsApp,WhatsApp Channels Supplemental Privacy Policy,The Supplemental Terms of Service for WhatsApp Channels and WhatsApp Channels Guidelines apply to your use of Channels. What does this Channels Privacy Policy cover?,NONE,Not Applicable,NONE,Not Addressed,0.0,"Commercial/contractual term (liability, disputes, billing, licensing, service terms); no DPDP data-protection obligation or mechanism.",NEW_SUCCESS,False,c4a381232395388ebbf90dc45cb429b0e2c6256a1286c13608ae6a06041ee8c6,run-c6bf936e43df-5d0fde37,qwen3:8b
S001509,Telegram,Telegram Privacy Policy,"by writing to EDPO at Avenue Huart Hamoir 71, 1030 Brussels, Belgium.",DPDP_RUL-0223,Data Principal Rights,DPDP Rules 2025,Partially Compliant,0.5,"Points the user to a settings page/contact route for exercising data rights, but without a fully specified rights-request channel.",NEW_SUCCESS,False,60e673a09ea7f2b4dfb4b43b9c7459a08919172705555f6a24f6db6d5ba79582,run-88abf65b56c9595b,qwen3:8b
S002350,WhatsApp,WhatsAppPrivacyPolicy,"Services, although you can configure your Services settings to manage certain information available to other users, including businesses, with whom you communicate.  Your Contacts And Others. Users, including businesses, with whom you communicate can store or reshare your information (including your phone number or messages) with others on and off our Services. You can use your Services settings and the “block” feature in our Services to manage who you communicate with on our Services and certain information you share.  Businesses On WhatsApp. We offer specific services to businesses such as providing them with metrics regarding their use of our Services.  Third-Party Service Providers. We work with third-party service providers and other Meta Companies to help us operate, provide, improve, understand, customize, support, and market our Services.",DPDP_RUL-0208,Consent & Notice,DPDP Rules 2025,Partially Compliant,0.5,"Settings/controls let the user give, manage or review permissions or ad consent; partial coverage of a consent-management function.",NEW_SUCCESS,False,5b82407c27844e3184d0b6a1ccc097293c03a2925bf884a779296a45dbf304ef,run-c6bf936e43df-5d0fde37,qwen3:8b
S001197,Snapchat,Snap_Privacy Policy,"Legal, Safety, and Security Partners. We share your information as necessary for the following legal, safety, and security reasons: comply with any valid legal process, governmental request, or applicable law, rule, or regulation.",IT_ACT_2-0289,Intermediary/Platform Liability,IT Act 2000,Compliant,1.0,Explicit procedure for disclosure only on valid legal process (warrant/court order/subpoena/judicial order) with transparency reporting.,NEW_SUCCESS,False,7a936b69407d89a5fd3dc164f80e450065f30d71294b36408d4a116d33da46fe,run-c6bf936e43df-5d0fde37,qwen3:8b
S002002,WhatsApp,WhatsApp Channels Supplemental Privacy Policy,"Policy, this Channels Privacy Policy will control solely with respect to your use of Channels and only to the extent of the conflict.",NONE,Not Applicable,NONE,Not Addressed,0.0,"General descriptive, definitional or navigational text; no operational mechanism matching any taxonomy requirement.",NEW_SUCCESS,False,747c6d0008138a6be5271f880cbba1d871b3625674d38c87adad61f052ca446a,run-c6bf936e43df-5d0fde37,qwen3:8b
S000788,Meta,MetaPrivacyPolicy,"Read more about how we use information to provide, personalise and improve our Products: We use the information we collect to help protect people from harm and provide safe, secure Products.",NONE,Not Applicable,NONE,Not Addressed,0.0,"Describes advertising, cookies or personalisation practice; no consent-withdrawal, rights or safeguard mechanism stated.",NEW_SUCCESS,False,acd0906f5f8163cf138d93d480bb9c12ac1873fbf4370f25d832321c9b01e598,run-88abf65b56c9595b,qwen3:8b
S001151,Snapchat,Snap_Privacy Policy,"Opt out of promotional messages. You have the option to opt out or unsubscribe from promotional emails and messages sent by SMS or other messaging platforms. To do so, just follow the instructions in the message like an unsubscribe link or similar functionality.",DPDP_ACT-0016,Consent & Notice,DPDP Act 2023,Compliant,1.0,"Unambiguous user control to withdraw consent/opt out (unsubscribe, revoke bot access) as easily as it was given.",NEW_SUCCESS,False,49f00c3a777be858be9c3114b04409f45f0d8d2207708c9f159f890c53d7978b,run-c6bf936e43df-5d0fde37,qwen3:8b
S000325,Google,Google Privacy Policy,Google Dashboard allows you to manage information associated with specific products.,DPDP_ACT-0040,Data Principal Rights,DPDP Act 2023,Partially Compliant,0.5,"Self-service way to view, manage or update personal data; access/correction is offered but without a stated request procedure or timeline.",NEW_SUCCESS,False,bd8cfaa7dd9b45ca0b70a59cfad1cc59a255093b11c579cb2a5c5ef7b4a46e57,run-c6bf936e43df-5d0fde37,qwen3:8b
S002037,WhatsApp,WhatsApp India Payments Privacy Policy,"By using WhatsApp Pay, you accept that the following terms and policies apply:  the WhatsApp Terms of Service;  the WhatsApp Privacy Policy;  the WhatsApp India Payments Terms of Service; and  this India Payments Privacy Policy.",NONE,Not Applicable,NONE,Not Addressed,0.0,"Commercial/contractual term (liability, disputes, billing, licensing, service terms); no DPDP data-protection obligation or mechanism.",NEW_SUCCESS,False,8a27266f69d830cdb9e8f4eb9520b825fa71bffaf376acb8a9a4bede035e0650,run-c6bf936e43df-5d0fde37,qwen3:8b
S000832,Meta,MetaPrivacyPolicy,Learn more about how we choose the ads that you see.,NONE,Not Applicable,NONE,Not Addressed,0.0,"Describes advertising, cookies or personalisation practice; no consent-withdrawal, rights or safeguard mechanism stated.",NEW_SUCCESS,False,a4c7d351ad1c0aa24122b5da0fe263569b2e87a4f4402ce849d06129e4de8ee9,run-88abf65b56c9595b,qwen3:8b
S000864,Meta,MetaPrivacyPolicy,"Products, product-related issues, research or to let you know about our terms and policies.",NONE,Not Applicable,NONE,Not Addressed,0.0,Describes purposes of use of data; no actionable compliance mechanism mapped to a taxonomy requirement.,NEW_SUCCESS,False,5ceac51e64ecff5fb52cae460fb86e400fb3d663f58d9e4b2d64ab2d1021648e,run-88abf65b56c9595b,qwen3:8b
S001557,Telegram,Telegram Privacy Policy,"In any of the above cases, the developers of an automated user (bot) can get your public account data (see section 3.1 above): your screen name, username and profile picture(s).",NONE,Not Applicable,NONE,Not Addressed,0.0,Describes purposes of use of data; no actionable compliance mechanism mapped to a taxonomy requirement.,NEW_SUCCESS,False,03efed06d512d0f7dc1b55c56f2f30b341fe1fe6b30ad6654c58528120f5af6a,run-88abf65b56c9595b,qwen3:8b
S001210,Snapchat,Snap_Privacy Policy,"To do the things you expect from our Services and as we’ve described within this Privacy Policy. For example, we maintain your list of friends until you ask us to delete them since friends are key to expressing yourself. Similarly, we keep your shared list of contacts until you ask us to remove them in our app settings (note: updating your device permissions may not remove the contacts you’ve previously shared with Snapchat). Learn more. Conversely, Snaps and Chats sent in Snapchat will be deleted by default from our servers within 24 hours after we detect they’ve been opened by all recipients or have expired, unless you’ve changed your default settings or decide to save something, in which case we will honor your choices.",DPDP_ACT-0029,Data Retention & Erasure,DPDP Act 2023,Partially Compliant,0.5,"Deletion or removal option available to the user, or retention exception for legal/business need; qualified and without a statutory timeline.",NEW_SUCCESS,False,f39b106ef73c83e5314f3c035ed11193af5b78e6f5b06df1829827adcf773596,run-c6bf936e43df-5d0fde37,qwen3:8b
S000311,Google,Google Privacy Policy,"We use information we collect, like your email address, to interact with you directly. For example, we may send you a notification if we detect suspicious activity, like an attempt to sign in to your Google Account from an unusual location. Or we may let you know about upcoming changes or improvements to our services. And if you contact Google, we’ll keep a record of your request in order to help solve any issues you might be facing.",NONE,Not Applicable,NONE,Not Addressed,0.0,"Describes what data is collected; no user right, retention limit, safeguard or grievance mechanism stated.",NEW_SUCCESS,False,e9823aca801fcdfea16fd3d717c36359615d8a513c79662a633661793f23cf91,run-c6bf936e43df-5d0fde37,qwen3:8b
S001824,WhatsApp,WhatsApp Business Data Processing Terms,Controller to respond to requests from Data Subjects regarding the exercise of their Data Subject rights;,DPDP_ACT-0040,Data Principal Rights,DPDP Act 2023,Partially Compliant,0.5,"Self-service way to view, manage or update personal data; access/correction is offered but without a stated request procedure or timeline.",NEW_SUCCESS,False,b8962c791f8d8d3fdf4e7c487f71055bb5e51df6cfef21514a47662365158146,run-c6bf936e43df-5d0fde37,qwen3:8b
S002369,WhatsApp,WhatsAppPrivacyPolicy,"(d) protect the rights, property, and safety of our users, WhatsApp, the other Meta Companies, or others, including to prevent death or imminent bodily harm.",NONE,Not Applicable,NONE,Not Addressed,0.0,"Describes data sharing with third parties/affiliates in general terms; no consent, safeguard or transfer control matched to a taxonomy requirement.",NEW_SUCCESS,False,4be892794d26de048a9cee38fb1d54fe4284e137d78be1aef3a50815bd1d9a5f,run-c6bf936e43df-5d0fde37,qwen3:8b
S002312,WhatsApp,WhatsappCookies,"We use cookies to understand, secure, operate, personalise and provide our Services. For example:  Site features and services. We use cookies to provide WhatsApp for web and desktop and other Services that are web-based. For example, we use the wa_lang_pref cookie to remember your choices, such as your language preferences on the website.  Analytics. We use cookies to understand how our website is being used in order to rank the FAQs on our website based on popularity, understand mobile versus desktop users of our web-based Services, or understand popularity and effectiveness of certain of our web pages. For example, we use the wa_ul cookie to count visitors to FAQs so we can rank the FAQs based on popularity.  Security. We use cookies to protect the WhatsApp website. For example, we use the wa_csrf cookie to prevent attacks from bad actors.",NONE,Not Applicable,NONE,Not Addressed,0.0,"Describes advertising, cookies or personalisation practice; no consent-withdrawal, rights or safeguard mechanism stated.",NEW_SUCCESS,False,63de688e96b35bb3dbf233211e5bf27df69b0534bacad7909e66ce3b0b364ce1,run-c6bf936e43df-5d0fde37,qwen3:8b
S000824,Meta,MetaPrivacyPolicy,"You can contact us or by post at: online Meta Platforms, Inc.",NONE,Not Applicable,NONE,Not Addressed,0.0,"General descriptive, definitional or navigational text; no operational mechanism matching any taxonomy requirement.",NEW_SUCCESS,False,8f6a282ade66e7b24ae5a87f7ac0c84a3d60fa38eb81a8e4228cdeac35147804,run-88abf65b56c9595b,qwen3:8b
S000295,Google,Google Privacy Policy,You can visit your Google Account to find and manage activity information that’s saved in your history.,DPDP_ACT-0040,Data Principal Rights,DPDP Act 2023,Partially Compliant,0.5,"Self-service way to view, manage or update personal data; access/correction is offered but without a stated request procedure or timeline.",NEW_SUCCESS,False,d31cf2a5b0a673d4c322c30dba28d76c87fd005e784b7bd40e8217c386e4f3e4,run-c6bf936e43df-5d0fde37,qwen3:8b
S001574,Telegram,Telegram Privacy Policy,"When you enter shipping information in the process of placing an order, we send it directly to the merchant bot developer. We can store your shipping information for you if you choose to save it for future purchases. We will delete this information immediately if you ask us to.",NONE,Not Applicable,NONE,Not Addressed,0.0,Describes purposes of use of data; no actionable compliance mechanism mapped to a taxonomy requirement.,NEW_SUCCESS,False,9dd9e0068a6084b42f231c9d95b290e8a8c8c90014318872418a8ebafebe3c81,run-88abf65b56c9595b,qwen3:8b
S001161,Snapchat,Snap_Privacy Policy,"When you use our Services, we collect information about which of those Services you’ve used and how you’ve used them. This helps us better understand the way our community uses our Services so that we can make improvements.",NONE,Not Applicable,NONE,Not Addressed,0.0,"Describes what data is collected; no user right, retention limit, safeguard or grievance mechanism stated.",NEW_SUCCESS,False,8cf0027bd49921e969c74ae1319fe9927f6cd59d2d1304fb16d469fceacf529b,run-c6bf936e43df-5d0fde37,qwen3:8b
S002431,Youtube,Google Ads policies,"We abide by local copyright laws and protect the rights of copyright holders, so we don’t allow ads that are unauthorised to use copyrighted content. If you are legally authorised to use copyrighted content, apply for certification (or here for DV360) to advertise. If you see unauthorised content, submit a copyright-related complaint.",NONE,Not Applicable,NONE,Not Addressed,0.0,Content/community-conduct or advertising-policy rule; not a data-protection obligation under the DPDP taxonomy.,NEW_SUCCESS,False,e335c20788fd0768330189a9afb805bec213be9e67d0e0496fb2b06c7314b4d6,run-88abf65b56c9595b,qwen3:8b
S000918,Meta,MetaPrivacyPolicy,"For example, we analyse information that we have about migration patterns during crises. This helps relief organisations get aid to the right places.",NONE,Not Applicable,NONE,Not Addressed,0.0,"General descriptive, definitional or navigational text; no operational mechanism matching any taxonomy requirement.",NEW_SUCCESS,False,47e9e0b2be8272c4e9692fc36892820c5f56ded3986ca2a8969b4b4231314140,run-88abf65b56c9595b,qwen3:8b
S000780,Meta,MetaPrivacyPolicy,Privacy Centre 0:00 / 1:34 How do we use your information?,NONE,Not Applicable,NONE,Not Addressed,0.0,Describes purposes of use of data; no actionable compliance mechanism mapped to a taxonomy requirement.,NEW_SUCCESS,False,b2ff9973fb0db1cb63244f3c69130214514a080192caed9ccec3b9a1bbcf5f47,run-88abf65b56c9595b,qwen3:8b
S001867,WhatsApp,WhatsApp Business Data Security Terms,WhatsApp will enforce use of appropriate protocols designed to protect the confidentiality of data in transit over public networks.,DPDP_RUL-0172,Security Safeguards,DPDP Rules 2025,Partially Compliant,0.5,Access control or credential/network safeguard described in general terms.,NEW_SUCCESS,False,c025319d96bd069c6da450883465dc75d12e9040cbd45c8ef10b3b790bd3a488,run-c6bf936e43df-5d0fde37,qwen3:8b
S002012,WhatsApp,WhatsApp Channels Supplemental Privacy Policy,"Channel Admin name, icon, picture, description or links to third party sites.  Channel Updates. Channels are public, so we collect Channel",NONE,Not Applicable,NONE,Not Addressed,0.0,"Describes what data is collected; no user right, retention limit, safeguard or grievance mechanism stated.",NEW_SUCCESS,False,160d4844aea715ea30582ae3a7d02f293930fa7ce3f569269eeaaa2ce9bb191c,run-c6bf936e43df-5d0fde37,qwen3:8b
S002045,WhatsApp,WhatsApp India Payments Privacy Policy,"Automatically Collected Information  Information About Your Use Of WhatsApp Pay. We collect information when you send, receive, or request a payment or when you register a biller, request a bill fetch, or make a bill payment. For example, we collect the date, time of the transaction, bill category, biller information, reference transaction number, and country. When the sender makes a payment to a WhatsApp contact, we collect account and transaction information, including the sender's and receiver's names and BHIM UPI IDs.  Information We Receive From Service Providers, PSP Banks, NPCI, and COU. o Service Providers. We work with and receive information from service providers, including WhatsApp Inc. and other Facebook Companies, to help us operate, provide, improve, understand, customize, support, and market WhatsApp Pay; provide customer support; and keep our system safe and secure. For example, we work with companies to assist with customer support, and we receive information from them that you provide over the phone or email. o PSP Banks and NPCI. We enable Payments by working with multiple PSP banks and the National Payments Corporation of",NONE,Not Applicable,NONE,Not Addressed,0.0,"Describes what data is collected; no user right, retention limit, safeguard or grievance mechanism stated.",NEW_SUCCESS,False,c198e6c342d97276278aa6cb416858956b6a7fa885ef0b8cf99387decf844f77,run-c6bf936e43df-5d0fde37,qwen3:8b
S001799,WhatsApp,WhatsApp Business App Privacy Policy,We allow you to connect the WhatsApp Business App to products and services offered by third parties and/or Meta. These can include for example: cloud storage and hosting services; customer,NONE,Not Applicable,NONE,Not Addressed,0.0,"Describes data sharing with third parties/affiliates in general terms; no consent, safeguard or transfer control matched to a taxonomy requirement.",NEW_SUCCESS,False,af379aed5d3b9f40eae2d8a2813eea2b2c3184e2d0de62dd5bff30f0022763b9,run-c6bf936e43df-5d0fde37,qwen3:8b
S001825,WhatsApp,WhatsApp Business Data Processing Terms,"g. To the extent required by Data Privacy Law applicable to you as the Controller, the Processor agrees to support your obligations as a Controller, in particular regarding the security of the Processing or regarding Personal Information Breaches, by providing you with reasonable assistance, taking into account the nature of the Processing and the information available to WhatsApp;",DPDP_RUL-0176,Security Safeguards,DPDP Rules 2025,Partially Compliant,0.5,"Processor terms (instruction-only processing, controller assistance, sub-processor change notice, delegated data handling to trusted parties).",NEW_SUCCESS,False,63ee0d3c110f4cf090589c6776e19ca91a8f6e619530ce4702b8d73c963b6375,run-c6bf936e43df-5d0fde37,qwen3:8b
S002048,WhatsApp,WhatsApp India Payments Privacy Policy,"We use all the information we have to operate, provide, improve, understand, customize, support, and market our services. This includes using the information to provide WhatsApp Pay and customer support; to protect you and others using WhatsApp Pay from fraud, abuse, or other misconduct; and to review your account activity to determine whether you continue to meet the WhatsApp Terms of Service and WhatsApp India Payments Terms of Service. WhatsApp India works with the other Facebook Companies, including Facebook Inc. (""Facebook"") and WhatsApp Inc., to provide WhatsApp Pay, including to send payment",NONE,Not Applicable,NONE,Not Addressed,0.0,"Commercial/contractual term (liability, disputes, billing, licensing, service terms); no DPDP data-protection obligation or mechanism.",NEW_SUCCESS,False,aa1257196af2aed9c6bdba45f1f04d8688a30011e50011e6424f93c153429f5b,run-c6bf936e43df-5d0fde37,qwen3:8b
S000783,Meta,MetaPrivacyPolicy,"To use less information that's connected to individual users, in some cases we de-identify or aggregate information or anonymise it so that it no longer identifies you. We use this information in the same ways we use your information as described in this section. Here are the ways we use your information: We use information that we have to provide and improve our . This includes:",NONE,Not Applicable,NONE,Not Addressed,0.0,Describes purposes of use of data; no actionable compliance mechanism mapped to a taxonomy requirement.,NEW_SUCCESS,False,6773b024ef348d56ff2f3f79d5d4ae87081c07b4f710c5d483562e5b62f7e9b9,run-88abf65b56c9595b,qwen3:8b
S002200,WhatsApp,WhatsApp_TermsOfService_India,Any amendment to or waiver proposed by you of our Terms requires our express consent.,NONE,Not Applicable,NONE,Not Addressed,0.0,"General descriptive, definitional or navigational text; no operational mechanism matching any taxonomy requirement.",NEW_SUCCESS,False,3199fbb4c9d51297b5f9075dc91bb167ad5b08cd20c29db72fb445a4e6f4defa,run-c6bf936e43df-5d0fde37,qwen3:8b
S001983,WhatsApp,WhatsApp Channels Guidelines,"WhatsApp may take action against channels that violate the following Channels Guidelines:  Do not share illegal content or engage in illegal activity. This includes content that sexually exploits or endangers children (including child sexual abuse material), or that supports violent extremist or criminal organizations or individuals. Channels should not facilitate the exploitation of people, including through human trafficking, or share content that depicts, threatens, or promotes sexual violence, sexual assault, or sexual exploitation. Do not share intellectual property you do not have a right to use.  Do not share content that could cause serious harm to people. This includes content that constitutes a credible threat to public or personal safety, incitement of violence, organization or coordination of violent or criminal activities, or that encourages suicide or selfinjury.",NONE,Not Applicable,NONE,Not Addressed,0.0,Content/community-conduct or advertising-policy rule; not a data-protection obligation under the DPDP taxonomy.,NEW_SUCCESS,False,1f1d5e89785213ac910a694fce2020ddcbbf9c75d97cb2799506bb217b642feb,run-c6bf936e43df-5d0fde37,qwen3:8b
S002525,Youtube,Terms of Service,"You must be at least 13 years old to use the Service; however, children of all ages may use the Service and YouTube Kids (where available) if enabled by a parent or legal guardian.",DPDP_ACT-0034,Children/Vulnerable Groups,DPDP Act 2023,Partially Compliant,0.5,"Minimum-age rule or parent/guardian permission or supervision, without a verifiable-consent mechanism.",NEW_SUCCESS,False,0a2dbdeb762dce792a294f2f300d8399a6cbd72fea7323cb739c5877c02a99ed,run-88abf65b56c9595b,qwen3:8b
S001583,Telegram,Telegram Privacy Policy,"Some users can choose to convert a voice or video message to text by tapping on the Voice-to-Text icon (“->A”) displayed on eligible messages (to be able to use this option, users should subscribe to Telegram Premium in the Settings > Telegram Premium section of the Telegram application).",NONE,Not Applicable,NONE,Not Addressed,0.0,"General descriptive, definitional or navigational text; no operational mechanism matching any taxonomy requirement.",NEW_SUCCESS,False,5356ff61addfa575446665929f8cbc50e555a2d6e80f7a63de2d89c296db7e5f,run-88abf65b56c9595b,qwen3:8b
S001502,Telegram,Telegram Privacy Policy,what personal data we may collect from you;,NONE,Not Applicable,NONE,Not Addressed,0.0,"General descriptive, definitional or navigational text; no operational mechanism matching any taxonomy requirement.",NEW_SUCCESS,False,6dbd0b2cf4eacd2340abf4b9bdd53bb44b20372ea8dc5ab290882e6b28c16f8a,run-88abf65b56c9595b,qwen3:8b
S001520,Telegram,Telegram Privacy Policy,"When you send photos, videos or files via secret chats, before being uploaded, each item is encrypted with a separate key, not known to the server. This key and the file’s location are then encrypted again, this time with the secret chat’s key — and sent to your recipient. They can then download and decipher the file. This means that the file is technically on one of Telegram’s servers, but it looks like a piece of random indecipherable garbage to everyone except for you and the recipient. We don’t know what this random data stands for and we have no idea which particular chat it belongs to. We periodically purge this random data from our servers to save disk space.",DPDP_ACT-0025,Security Safeguards,DPDP Act 2023,Partially Compliant,0.5,"General or partial security measure (training, screening, incident/vulnerability programme, encryption feature) without full specification.",NEW_SUCCESS,False,e9aff54053361678889f1e5e11b30773ac9ab088775f4bdea5577fbcb2d8de59,run-88abf65b56c9595b,qwen3:8b
S001572,Telegram,Telegram Privacy Policy,The Payment Platform for Bots is available to users as of Telegram 4.0. Telegram does not process payments from users and instead relies on different payment providers around the world. It is the payment providers that handle and store your credit card details. Neither Telegram nor the merchants on the platform (bot developers) have access to this information. Although we work with payment providers they are completely independent from Telegram. Please study their relevant privacy policies before making your data available to them.,NONE,Not Applicable,NONE,Not Addressed,0.0,Describes purposes of use of data; no actionable compliance mechanism mapped to a taxonomy requirement.,NEW_SUCCESS,False,d10233915d842452752eba53bdd7b289d11a6d4bf6574ad7b32fac8a37a2e14e,run-88abf65b56c9595b,qwen3:8b
S000852,Meta,MetaPrivacyPolicy,"AI at Meta detail on each information category). The actual information that we use depends on your factual circumstances, but could include any of the following: that you or others create or share, such as posts, comments or audio on Meta Products Interactions with our features that are part of AI at Meta and related metadata. For example, information such as content and messages that you or others exchange with these features.",NONE,Not Applicable,NONE,Not Addressed,0.0,Describes purposes of use of data; no actionable compliance mechanism mapped to a taxonomy requirement.,NEW_SUCCESS,False,6cfd0fb904a09f08e699290fee1f474b6f372635cef1d0c08c35c0fb9df56e87,run-88abf65b56c9595b,qwen3:8b
S001175,Snapchat,Snap_Privacy Policy,"Another way we provide a personalized Service is through the ads we show. We use your interests and preferences from the information we’ve collected to personalize, target, and measure ads. We think ads are best when they’re relevant. That’s why we try to select the right ads and show them to you at the right time. For example, if you’ve interacted with ads for video games, we will infer that you like video games, and show you similar ads, but those won’t be the only ads you see. Similar to our content strategy, we try to ensure you receive a variety of ads. We also use your information to avoid showing you ads you probably won’t be interested in. For example, if a ticketing site tells us you’ve previously bought tickets for a movie — we can stop showing you ads for it. You can learn about the different types of advertising and your choices about which ads you receive here.",NONE,Not Applicable,NONE,Not Addressed,0.0,"Describes advertising, cookies or personalisation practice; no consent-withdrawal, rights or safeguard mechanism stated.",NEW_SUCCESS,False,0e939ca7392409d9b503851d2e9e11913f23b1fd58bc44e9755c6cef6f2dc8c7,run-c6bf936e43df-5d0fde37,qwen3:8b
S002340,WhatsApp,WhatsAppPrivacyPolicy,Services may provide us with information about their interactions with you. We require each of these businesses to act in accordance with applicable law when providing any information to us.,NONE,Not Applicable,NONE,Not Addressed,0.0,"General descriptive, definitional or navigational text; no operational mechanism matching any taxonomy requirement.",NEW_SUCCESS,False,4a5038f1c6c3c36709fc480e8247fa2277eeaf71e902a5b49eda601434d27480,run-c6bf936e43df-5d0fde37,qwen3:8b
S001955,WhatsApp,WhatsApp Business Terms of Service,"Company may contact WhatsApp using our complaints system at businesscomplaints@support.whatsapp.com to clarify the reasons for our termination or suspension of your account. If we are able to resolve the issue in your favor, resulting in reactivating your account, then we will reinstate our Business Services to you within a reasonable time.",DPDP_RUL-0201,Grievance Redressal,DPDP Rules 2025,Partially Compliant,0.5,"Published complaint/contact route with a promise to respond, but no stated ninety-day grievance timeline.",NEW_SUCCESS,False,3d9badc9503abbe8550bb437254ae242826a9dead65e2c6aab9063ce611ea621,run-c6bf936e43df-5d0fde37,qwen3:8b
S000798,Meta,MetaPrivacyPolicy,"Highlights We don't sell any of your information to anyone and we never will. We also require and other to follow rules about how they can and cannot use and disclose the information that we provide. partners third parties Here's more detail about who we share information with: We also share information with other in response to legal requests, to comply with applicable law or to prevent harm. . third parties",IT_ACT_2-0290,Intermediary/Platform Liability,IT Act 2000,Partially Compliant,0.5,"Non-disclosure commitment (no sale, partner rules) with qualified exceptions.",NEW_SUCCESS,False,4756f3886e6ecc5e123e7215a4b25cc1b7f38a73668129872e2faa3cca69224a,run-88abf65b56c9595b,qwen3:8b
S001190,Snapchat,Snap_Privacy Policy,"Snapchat. To provide our Services to you and our community, we may share some of your information with your friends on Snapchat or other Snapchatters. For example, the content you post to Stories, your current or recent activity status, or your status as a premium subscriber, can be viewed by your Friends if you allow it. See the Control Over Your Information section and your Settings for the controls you have over who sees what and when.",NONE,Not Applicable,NONE,Not Addressed,0.0,Describes purposes of use of data; no actionable compliance mechanism mapped to a taxonomy requirement.,NEW_SUCCESS,False,dfbcafedcb4566b218b9b2a339f7b03bfdc1fb5538d6b7e8e754e43d86cef598,run-c6bf936e43df-5d0fde37,qwen3:8b
S001088,Snapchat,Snap Group Limited Terms of Service,"We work hard to help ensure our Services offer a fun and safe experience for all users, but we can’t guarantee it. We take behaviour that threatens the safety of our community very seriously, particularly when the threat of harm is severe. If you encounter potentially harmful or unlawful content on the Services, we encourage you to report it. You can learn more about the different ways we strive to keep illegal or potentially harmful content off of the Services in our Community Guidelines. We implement safety-by-design features and system controls intended to mitigate the risks of users encountering content involving Severe Harms.",NONE,Not Applicable,NONE,Not Addressed,0.0,Content/community-conduct or advertising-policy rule; not a data-protection obligation under the DPDP taxonomy.,NEW_SUCCESS,False,a21c8b077909f972e63d3fdb6881872e31b2390044ea411b13a0c71034da0653,run-c6bf936e43df-5d0fde37,qwen3:8b
S000305,Google,Google Privacy Policy,"We use the information we collect in existing services to help us develop new ones. For example, understanding how people organized their photos in Picasa, Google’s first photos app, helped us design and launch Google Photos.We use the information we collect to tailor our services for you, including providing customized and personalized experiences and recommendations, including things like content, and search results. For example, Security Checkup provides security tips adapted to how you use Google products. And, depending on your available settings, Google Play could use information like apps you’ve already installed and videos you’ve watched on YouTube to suggest new apps you might like.",NONE,Not Applicable,NONE,Not Addressed,0.0,"Describes advertising, cookies or personalisation practice; no consent-withdrawal, rights or safeguard mechanism stated.",NEW_SUCCESS,False,a96da555e0460d79ab49435a2aa4ec247df3df823053856367f6dea636109344,run-c6bf936e43df-5d0fde37,qwen3:8b
S002335,WhatsApp,WhatsAppPrivacyPolicy,"zone, IP address, device operations information, and identifiers (including identifiers unique to Meta Company Products associated with the same device or account).  Location Information. We collect and use precise location information from your device with your permission when you choose to use location-related features, like when you decide to share your location with your contacts or view locations nearby or locations others have shared with you. There are certain settings relating to location-related information which you can find in your device settings or the in-app settings, such as location sharing. Even if you do not use our location-related features, we use IP addresses and other information like phone number area codes to estimate your general location (e.g., city and country). We also use your location information for diagnostics and troubleshooting purposes.  Cookies. We use cookies to operate and provide our Services, including to provide our Services that are web-based, improve your experiences, understand how our Services are being used, and customize them. For example, we use cookies to provide our Services for web and desktop and other web-based services. We may also use cookies to understand which of our Help Center articles are most popular and to show you relevant content related to our Services.",NONE,Not Applicable,NONE,Not Addressed,0.0,"Describes advertising, cookies or personalisation practice; no consent-withdrawal, rights or safeguard mechanism stated.",NEW_SUCCESS,False,8049dbc97466a8ed445eb6d222e441bfe663e31454f4466b8c1e314216669318,run-c6bf936e43df-5d0fde37,qwen3:8b
S001835,WhatsApp,WhatsApp Business Data Processing Terms,WhatsApp LLC to the extent such transfer is subject to the data protection laws specified in the addendum.,NONE,Not Applicable,NONE,Not Addressed,0.0,"General descriptive, definitional or navigational text; no operational mechanism matching any taxonomy requirement.",NEW_SUCCESS,False,6e5fbe002079e0babd6f9536b9aaca979807ef7ffcc46991d3880ddb9e74f6e9,run-c6bf936e43df-5d0fde37,qwen3:8b
S000288,Google,Google Privacy Policy,"We also collect the content you create, upload, or receive from others when using our services. This includes things like email you write and receive, photos and videos you save, docs and spreadsheets you create, and comments you make on YouTube videos.",NONE,Not Applicable,NONE,Not Addressed,0.0,"General descriptive, definitional or navigational text; no operational mechanism matching any taxonomy requirement.",NEW_SUCCESS,False,95928799e3359a8a3008a869c6f5913f84f73a1eba45ee07df39be2520b3e131,run-c6bf936e43df-5d0fde37,qwen3:8b
S000872,Meta,MetaPrivacyPolicy,"For more information, see the section of the Meta Privacy Policy. ""How do we transfer information?""",NONE,Not Applicable,NONE,Not Addressed,0.0,"General descriptive, definitional or navigational text; no operational mechanism matching any taxonomy requirement.",NEW_SUCCESS,False,1b9cc1186f0fd0817420d35bbe2e77f6c9fc14fccad533face8fe84eaa57072a,run-88abf65b56c9595b,qwen3:8b
S001875,WhatsApp,WhatsApp Business Data Transfer Addendum,"2. WhatsApp Ireland relies on the EU-U.S. Data Privacy Framework for transfers of European data to WhatsApp LLC in the US as set out in WhatsApp LLC’s Data Privacy Framework Disclosure and to Meta Platforms, Inc. as set out in Meta Platforms Inc.’s Data Privacy Framework Disclosure. WhatsApp Ireland reserves the right to rely on alternative transfer mechanism recognized by the",DPDP_RUL-0202,Cross-Border Transfer,DPDP Rules 2025,Partially Compliant,0.5,"Discloses cross-border transfer/processing and states safeguards (SCCs, same protections, legal frameworks) but not Indian Central-Government requirements.",NEW_SUCCESS,False,0fd5b8bffe133517f1bf96b0ade3161fb94f5c443403681d6775527e9c4378a8,run-c6bf936e43df-5d0fde37,qwen3:8b
S001504,Telegram,Telegram Privacy Policy,what we may use your personal data for;,NONE,Not Applicable,NONE,Not Addressed,0.0,"General descriptive, definitional or navigational text; no operational mechanism matching any taxonomy requirement.",NEW_SUCCESS,False,91c23d67afda6225c5627ddeddc7fd9d1ffe08a4b27cb8ee22b7abab2df57ab8,run-88abf65b56c9595b,qwen3:8b
S001131,Snapchat,Snap Group Limited Terms of Service,"To the extent that these Terms allow you or Snap to initiate litigation in a court, both you and Snap agree that all claims and disputes (whether contractual or otherwise), arising out of or relating to the Terms or the use of the Services will be litigated exclusively in the courts of England in the United Kingdom, unless this is prohibited by the laws of the country where you reside. You and Snap consent to the exclusive jurisdiction of those courts.",NONE,Not Applicable,NONE,Not Addressed,0.0,"Commercial/contractual term (liability, disputes, billing, licensing, service terms); no DPDP data-protection obligation or mechanism.",NEW_SUCCESS,False,a36de3af176e4c4e8e2ae64ed83c74415a951ebad893b286dc66d1cee2deec6a,run-c6bf936e43df-5d0fde37,qwen3:8b
S002332,WhatsApp,WhatsAppPrivacyPolicy,"Services, including copies of your messages, any other information you deem helpful, and how to contact you (e.g., an email address).",NONE,Not Applicable,NONE,Not Addressed,0.0,"General descriptive, definitional or navigational text; no operational mechanism matching any taxonomy requirement.",NEW_SUCCESS,False,6268b0711bfea22cf9b91335c72f0849c67b44e0750ec3c8cc481f9d53ec6e6b,run-c6bf936e43df-5d0fde37,qwen3:8b
S002129,WhatsApp,WhatsApp Messaging Guidelines,"WhatsApp is a simple, secure and reliable way to send messages and make calls. No one, not even WhatsApp, can see your personal messages which are end-to-end encrypted by default. These Messaging Guidelines (these “Guidelines”) apply to 1:1 chats, calls, group chats, and communities. Status updates are also subject to these Guidelines.",DPDP_ACT-0025,Security Safeguards,DPDP Act 2023,Compliant,1.0,"Concrete technical/organisational safeguard (encryption, 2-step verification, security testing) to prevent data breaches.",NEW_SUCCESS,False,ee6a2032b3e7b72603c805910285d88e014392fa2851dcadf7f881993f3c985f,run-c6bf936e43df-5d0fde37,qwen3:8b
S002391,Youtube,Child safety policy,Here are some examples of content that is not allowed on YouTube.,NONE,Not Applicable,NONE,Not Addressed,0.0,"General descriptive, definitional or navigational text; no operational mechanism matching any taxonomy requirement.",NEW_SUCCESS,False,4397390000ede34378c12efaae63eff2233e68c9149ad053ac8c619f376751d5,run-88abf65b56c9595b,qwen3:8b
S002140,WhatsApp,WhatsApp Messaging Guidelines,"When we become aware of illegal content or a violation of our terms and policies, we may take action, including the following, and depending on the nature of the content or violation:  Warning users of violations of these Guidelines  Temporarily or permanently suspending an account on our service  Preventing further activity in groups and/or communities [more info here]  Removing violating account or group profile information from our servers  Revoking or blocking use of a group or community’s invite link, and/or  Reporting child sexual abuse material to NCMEC and/or competent authorities",NONE,Not Applicable,NONE,Not Addressed,0.0,Content/community-conduct or advertising-policy rule; not a data-protection obligation under the DPDP taxonomy.,NEW_SUCCESS,False,2fa4084792418e24c7caf94d4941d118804e9ec76ca6950f5c8510b5fd01b19d,run-c6bf936e43df-5d0fde37,qwen3:8b
S002317,WhatsApp,WhatsappCookies,You can make choices about the information used to show you ads in your Ads preferences. The https://www.whatsapp.com website exclusively uses First-Party cookies.,DPDP_RUL-0208,Consent & Notice,DPDP Rules 2025,Partially Compliant,0.5,"Settings/controls let the user give, manage or review permissions or ad consent; partial coverage of a consent-management function.",NEW_SUCCESS,False,7d558f737f2576bd3593649ccbef486431427afdebdfe1e5d74f390864ed1c40,run-c6bf936e43df-5d0fde37,qwen3:8b
S001561,Telegram,Telegram Privacy Policy,"If the bot is a member of the same group with you, it may know you are a member.",NONE,Not Applicable,NONE,Not Addressed,0.0,"Describes data sharing with third parties/affiliates in general terms; no consent, safeguard or transfer control matched to a taxonomy requirement.",NEW_SUCCESS,False,aed3db79327ec7e5b709c740d5609860e2669cbe72f4473102381e8159434584,run-88abf65b56c9595b,qwen3:8b
S001515,Telegram,Telegram Privacy Policy,"Telegram Business subscribers can add a fixed location and a list of opening hours to their profile, to help clients identify and engage with their business more efficiently on Telegram. If you choose to add it to your profile, this information is always public.",NONE,Not Applicable,NONE,Not Addressed,0.0,"General descriptive, definitional or navigational text; no operational mechanism matching any taxonomy requirement.",NEW_SUCCESS,False,1618d08e629da60386ce5fd6d0ccecb9b45fb910239b3df477ddca2faef92573,run-88abf65b56c9595b,qwen3:8b
S000781,Meta,MetaPrivacyPolicy,"We use to provide a personalised experience to you, including ads, along with the other purposes that we explain in detail below. information that we collect",NONE,Not Applicable,NONE,Not Addressed,0.0,"Describes advertising, cookies or personalisation practice; no consent-withdrawal, rights or safeguard mechanism stated.",NEW_SUCCESS,False,1e7ac96b094385e7f6fb1e384e98805ca8c5085261b76e0e63c547109addb4e7,run-88abf65b56c9595b,qwen3:8b
S001919,WhatsApp,WhatsApp Business Terms of Service,"you share when it violates these Business Terms or our policies and we become aware of it. We also need and do use information reported to us by other WhatsApp users (such as when they block you or disclose your messages to us as part of a complaint) to determine whether you have breached these Business Terms or are not complying with our policies. If we determine that you have breached these Business Terms or are not complying with our policies, we have the right to limit, throttle, suspend, or terminate Company’s account, depending on the type and circumstances of the breach and within our reasonable discretion. In the event that we terminate Company’s account, Company will not create another WhatsApp business account without our express written permission. Learn more about the restrictions we may impose on the use of our Business Services, including information on how we apply our policies, procedures, measures and tools here. Complaints. You can submit a complaint to us at businesscomplaints@support.whatsapp.com regarding the following: technical or technological issues, customer service issues, suspension and termination of your account or Services, or any alleged breach by us of these Terms or the EU Regulation 2019/1150 (the “Platform Regulation”).",NONE,Not Applicable,NONE,Not Addressed,0.0,Content/community-conduct or advertising-policy rule; not a data-protection obligation under the DPDP taxonomy.,NEW_SUCCESS,False,e059971bd2d6517b706293777fcd8f21e8409700e78b5cd75a2fa638b0b6ee7d,run-c6bf936e43df-5d0fde37,qwen3:8b
S001850,WhatsApp,WhatsApp Business Data Security Terms,"e. Procedures for secure deletion and disposal of data, subject to the Business Terms; and",NONE,Not Applicable,NONE,Not Addressed,0.0,"General descriptive, definitional or navigational text; no operational mechanism matching any taxonomy requirement.",NEW_SUCCESS,False,372091a82fc8261dfdb9b3a5197f817079e80281d8c4c96837d3deeeadf75e64,run-c6bf936e43df-5d0fde37,qwen3:8b
S001848,WhatsApp,WhatsApp Business Data Security Terms,c. Systems that monitor and control the temperature and humidity for the computer equipment at the Data Processing Facility;,NONE,Not Applicable,NONE,Not Addressed,0.0,"General descriptive, definitional or navigational text; no operational mechanism matching any taxonomy requirement.",NEW_SUCCESS,False,bc430123f9238132852fe3c979102fef6007c09d2481c5e6d478911477eae257,run-c6bf936e43df-5d0fde37,qwen3:8b
S002330,WhatsApp,WhatsAppPrivacyPolicy,Payment account and transaction information includes information needed to complete the,NONE,Not Applicable,NONE,Not Addressed,0.0,"General descriptive, definitional or navigational text; no operational mechanism matching any taxonomy requirement.",NEW_SUCCESS,False,c03c1838a391d60eeeb957fc086bd69f414aaca5c10236ee0e4501cc88cf2e4a,run-c6bf936e43df-5d0fde37,qwen3:8b
S000772,Meta,MetaPrivacyPolicy,"It's important to us that you know how to control your privacy, so we also show you where you can manage your information in the settings of the Meta Products you use. You can to shape your experience. update these settings Read the full Policy below. What Products does this Policy cover?",NONE,Not Applicable,NONE,Not Addressed,0.0,"General descriptive, definitional or navigational text; no operational mechanism matching any taxonomy requirement.",NEW_SUCCESS,False,651f901d25020fc7ebca7262cbe4e8d516e5d2a7ce2aa6d1340a2289cb9ae08c,run-88abf65b56c9595b,qwen3:8b
S001538,Telegram,Telegram Privacy Policy,"We may use some aggregated data about how you use Telegram to build useful features. For example, when you open the Search menu, Telegram displays the people you are more likely to message in a box at the top of the screen. To do this, we calculate a rating that shows which people you message frequently. A similar rating is calculated for inline bots so that the app can suggest the bots you are most likely to use in the attachment menu (or when you start a new message with “@”). To turn this feature off and delete the relevant data, go to Settings > Privacy & Security > Data Settings and disable “Suggest Frequent Contacts”.",NONE,Not Applicable,NONE,Not Addressed,0.0,"Describes data sharing with third parties/affiliates in general terms; no consent, safeguard or transfer control matched to a taxonomy requirement.",NEW_SUCCESS,False,1149a94e187571938c1cd332f5c4d71cb2c8bb5e7ce99762023e13d3476affd9,run-88abf65b56c9595b,qwen3:8b
S000351,Google,Google Privacy Policy,"If Google is involved in a merger, acquisition, or sale of assets, we’ll continue to ensure the confidentiality of your personal information and give affected users notice before personal information is transferred or becomes subject to a different privacy policy.",NONE,Not Applicable,NONE,Not Addressed,0.0,"Describes data sharing with third parties/affiliates in general terms; no consent, safeguard or transfer control matched to a taxonomy requirement.",NEW_SUCCESS,False,fbfeeee156f484e08deadcb882636668f2f083c287646d64416aac0b03fdd17f,run-c6bf936e43df-5d0fde37,qwen3:8b
S002353,WhatsApp,WhatsAppPrivacyPolicy,"Services, those third-party services may receive information about what you or others share with them. For example, if you use a data backup service integrated with our Services (like iCloud or Google",NONE,Not Applicable,NONE,Not Addressed,0.0,"Describes data sharing with third parties/affiliates in general terms; no consent, safeguard or transfer control matched to a taxonomy requirement.",NEW_SUCCESS,False,b8a1cedf69020cfd2d1d92ebbd6c6168901e92ca31b7a8186651f2ec7584ea93,run-c6bf936e43df-5d0fde37,qwen3:8b
S001811,WhatsApp,WhatsApp Business Data Processing Terms,"Information, whether or not by automated means, such as collection, recording, organisation, structuring, storage, adaptation or alteration, retrieval, consultation, use, disclosure by transmission, dissemination or otherwise making available, alignment or combination, restriction, erasure or destruction. “Processed” and “Process” shall be construed in accordance with the definition of “Processing”.",NONE,Not Applicable,NONE,Not Addressed,0.0,"General descriptive, definitional or navigational text; no operational mechanism matching any taxonomy requirement.",NEW_SUCCESS,False,54f09e90f866417ea2cdd881264e3fe3d63f942dc1a75ccf8dd1652a1ac3d535,run-c6bf936e43df-5d0fde37,qwen3:8b
S002139,WhatsApp,WhatsApp Messaging Guidelines,"WhatsApp violate local law, they may request that we review the account information available to us. Personal messages and calls are always protected by end-to-end encryption. We may also receive court orders to restrict WhatsApp accounts. We always assess the legitimacy and completeness of a government request before taking any action.",IT_ACT_2-0289,Intermediary/Platform Liability,IT Act 2000,Partially Compliant,0.5,Discloses data to authorities on legal requests; legal basis stated but procedure not detailed.,NEW_SUCCESS,False,f56c633e02692eb9ef14069584791cf8bac72baff851ba4fd20a9458c8061738,run-c6bf936e43df-5d0fde37,qwen3:8b
S002027,WhatsApp,WhatsApp Channels Supplemental Privacy Policy,"Updates, Channel information and Channel Subscription information. In the ordinary course of providing Channels, we store",NONE,Not Applicable,NONE,Not Addressed,0.0,"Commercial/contractual term (liability, disputes, billing, licensing, service terms); no DPDP data-protection obligation or mechanism.",NEW_SUCCESS,False,6f40da7d31f2e77cbf52652a79aa84b5d0327bac236bace88f9ad205b4bde162,run-c6bf936e43df-5d0fde37,qwen3:8b
S002010,WhatsApp,WhatsApp Channels Supplemental Privacy Policy,"The WhatsApp Privacy Policy describes information we collect on our Services. When you use Channels, we also collect: Information from and about Channel Admins  Information to Create a Channel. To create a Channel, Admins must provide basic information, including a name for the Channel.",NONE,Not Applicable,NONE,Not Addressed,0.0,"Describes what data is collected; no user right, retention limit, safeguard or grievance mechanism stated.",NEW_SUCCESS,False,33b3650e7f602ecfa04357a40ab7fda794f5e409eb8f5d331e22bf53fafd7179,run-c6bf936e43df-5d0fde37,qwen3:8b
S001562,Telegram,Telegram Privacy Policy,When you start your message with the username of an inline bot (e.g. @gif) the interface transforms so that everything you type becomes a query to that bot. This query is sent to the bot so that it can provide its service. We will warn you about this the first time you use an inline bot.,NONE,Not Applicable,NONE,Not Addressed,0.0,"Describes data sharing with third parties/affiliates in general terms; no consent, safeguard or transfer control matched to a taxonomy requirement.",NEW_SUCCESS,False,03a92d94011cff75fba518179c25af81de6253071b4e29d3561cc3a805457e85,run-88abf65b56c9595b,qwen3:8b
S001830,WhatsApp,WhatsApp Business Data Processing Terms,"States, only by way of written agreement that shall impose obligations on the sub-processor that are no less rigorous than the obligations imposed upon WhatsApp by these Data Processing Terms. WhatsApp will remain fully liable to you for the performance of that sub-processor’s obligations. Where",DPDP_RUL-0176,Security Safeguards,DPDP Rules 2025,Compliant,1.0,Sub-processing only under written contract imposing obligations no less rigorous than the processor's own.,NEW_SUCCESS,False,c048ddaaa6e0e3be20f2712ba31bbc0cceb966fd0b775c004948078b91e55d78,run-c6bf936e43df-5d0fde37,qwen3:8b
S001183,Snapchat,Snap_Privacy Policy,"We may use automated tools to detect potential violations of our Terms or Community Guidelines including harmful or unlawful activity and confirm age-appropriate use. These tools may use signals such as account, device, usage, and content-related information described in this Policy.",NONE,Not Applicable,NONE,Not Addressed,0.0,Content/community-conduct or advertising-policy rule; not a data-protection obligation under the DPDP taxonomy.,NEW_SUCCESS,False,88fb45b45f4625107b22cf11a73339906a9927c6a3caa465105c953d2eac4454,run-c6bf936e43df-5d0fde37,qwen3:8b
S001555,Telegram,Telegram Privacy Policy,By using Telegram Business features that connect a chatbot to your account.,NONE,Not Applicable,NONE,Not Addressed,0.0,"Describes data sharing with third parties/affiliates in general terms; no consent, safeguard or transfer control matched to a taxonomy requirement.",NEW_SUCCESS,False,5d9826b8120da2fb969dfb1228f93f083fa7e32b3106cc90fdc63fef7e327042,run-88abf65b56c9595b,qwen3:8b
S001184,Snapchat,Snap_Privacy Policy,"Sometimes we’ll get in touch with you to promote new or existing features. This includes sending Snapchatters communications through Snapchat, email, SMS, or other messaging platforms, where permitted. For example, we may use the Snapchat app, email, SMS, or other messaging platforms to share information about our Services and promotional offers that we think may interest you.",NONE,Not Applicable,NONE,Not Addressed,0.0,"Describes data sharing with third parties/affiliates in general terms; no consent, safeguard or transfer control matched to a taxonomy requirement.",NEW_SUCCESS,False,91bd58a79618302bcd18c9f48032cc42cbf210820f6fe42812b6e7248f8ead42,run-c6bf936e43df-5d0fde37,qwen3:8b
S000369,Google,Google Privacy Policy,"This Privacy Policy applies to all of the services offered by Google LLC and its affiliates, including YouTube, Android, and services offered on third-party sites, such as advertising services. This Privacy Policy doesn’t apply to services that have separate privacy policies that do not incorporate this Privacy Policy.",NONE,Not Applicable,NONE,Not Addressed,0.0,"Describes advertising, cookies or personalisation practice; no consent-withdrawal, rights or safeguard mechanism stated.",NEW_SUCCESS,False,2ef28d5c91d14228168d08e4352445e214d083990e4e0bd3ed13f1e27926069f,run-c6bf936e43df-5d0fde37,qwen3:8b
S001999,WhatsApp,WhatsApp Channels Supplemental Privacy Policy,"Supplemental Privacy Policy replaces this WhatsApp Channels Supplemental Privacy Policy, and covers your use of Status and Channels.",NONE,Not Applicable,NONE,Not Addressed,0.0,"General descriptive, definitional or navigational text; no operational mechanism matching any taxonomy requirement.",NEW_SUCCESS,False,47ab7c237081b6057b90ab66cea7398c0776488b9589417ccd61c4c63792f89b,run-c6bf936e43df-5d0fde37,qwen3:8b
S001605,Telegram,Telegram Privacy Policy,"Updated 8.2 to mention Telegraph Inc., a member of the Telegram group of companies.",NONE,Not Applicable,NONE,Not Addressed,0.0,Policy changelog/table-of-contents entry; no compliance obligation or user mechanism.,NEW_SUCCESS,False,2e8e5b34289e6e56e38704d5d2538314b3732e045142646b6ef7b9415d0a2af6,run-88abf65b56c9595b,qwen3:8b
S001196,Snapchat,Snap_Privacy Policy,"Anti-Fraud Partners. We share your information, such as device and usage information, with industry partners working to prevent fraud.",NONE,Not Applicable,NONE,Not Addressed,0.0,"Describes what data is collected; no user right, retention limit, safeguard or grievance mechanism stated.",NEW_SUCCESS,False,f968fa7d84442e7573a45bc59b12b55271953a66d10a8c4581b30c29ac7690f4,run-c6bf936e43df-5d0fde37,qwen3:8b
S002310,WhatsApp,WhatsappCookies,"Cookies and other technologies are used to store and receive information (including identifiers) on or from computers, mobile phones and other devices. In this policy, we refer to cookies and these other technologies as “cookies”.",NONE,Not Applicable,NONE,Not Addressed,0.0,"Describes advertising, cookies or personalisation practice; no consent-withdrawal, rights or safeguard mechanism stated.",NEW_SUCCESS,False,3b25504f6f7afd1c3b18eb107d185221a27f9d3c9adbb499da12d9ea8f4c638e,run-c6bf936e43df-5d0fde37,qwen3:8b
S001539,Telegram,Telegram Privacy Policy,"Unlike other services, we don't use the contents of your private chats or contacts lists for ad targeting or other commercial purposes. Telegram only stores the information it needs to function as a secure and feature-rich cloud service.",NONE,Not Applicable,NONE,Not Addressed,0.0,Describes purposes of use of data; no actionable compliance mechanism mapped to a taxonomy requirement.,NEW_SUCCESS,False,91983414dd033019aafdf7dbf9d11674d84feb7e1a77449148a4e471c636d13f,run-88abf65b56c9595b,qwen3:8b
S000642,Meta,Meta_Cookies_Policy,"We use cookies if you have a Facebook or Instagram account, use the , including our website and apps, or visit other websites and apps that use the Meta Products (including the Like button). Cookies enable Meta to offer the Meta Products to you and to understand the information that we receive about you, including information about your use of other websites and apps, whether or not you are registered or logged in.",NONE,Not Applicable,NONE,Not Addressed,0.0,"Describes advertising, cookies or personalisation practice; no consent-withdrawal, rights or safeguard mechanism stated.",NEW_SUCCESS,False,f76d3daa4888416173ef74a0c6aebcbfbaccbc7817ae2c4eb109ff2602ba97bf,run-88abf65b56c9595b,qwen3:8b
S001601,Telegram,Telegram Privacy Policy,Added 8.4. Translation of Messages at the Request of the User and 8.5. Transcription of Voice Messages at the Request of the User.,NONE,Not Applicable,NONE,Not Addressed,0.0,"General descriptive, definitional or navigational text; no operational mechanism matching any taxonomy requirement.",NEW_SUCCESS,False,395df28f45ec2b3d9c89d9c7902047310f004095e9130c6df6043d90df485aaa,run-88abf65b56c9595b,qwen3:8b
S001191,Snapchat,Snap_Privacy Policy,"Family Center Participants. When you have enabled Family Center, we share information about the connected teen account to the parent or guardian to provide insight about how the account is used, for example, who your Friends are on Snapchat or which friends you may be sharing your location with. We do not share the content of private content and communications. Learn more.",DPDP_ACT-0034,Children/Vulnerable Groups,DPDP Act 2023,Partially Compliant,0.5,"Minimum-age rule or parent/guardian permission or supervision, without a verifiable-consent mechanism.",NEW_SUCCESS,False,f12676c4b1bd8f3c8c0dd813f174eebfcf8ffcaf4e919de89af13065ad81dcc7,run-c6bf936e43df-5d0fde37,qwen3:8b
S001176,Snapchat,Snap_Privacy Policy,"You can learn more about how we collect, use, and share your information for advertising purposes here.",NONE,Not Applicable,NONE,Not Addressed,0.0,"Describes advertising, cookies or personalisation practice; no consent-withdrawal, rights or safeguard mechanism stated.",NEW_SUCCESS,False,85f002d7372ae2c2df0b64dd4eac455bbe83b1c23e24c60e63cb415a5508e503,run-c6bf936e43df-5d0fde37,qwen3:8b
S001831,WhatsApp,WhatsApp Business Data Processing Terms,"WhatsApp Ireland Limited is your contracting entity, the WhatsApp Business Data Transfer Addendum applies and is incorporated by reference into these Data",NONE,Not Applicable,NONE,Not Addressed,0.0,"General descriptive, definitional or navigational text; no operational mechanism matching any taxonomy requirement.",NEW_SUCCESS,False,126fbee05f90866a5854aaaeb54d5324cca19a3155bf7eb9a06309b87bd38aa7,run-c6bf936e43df-5d0fde37,qwen3:8b
S001522,Telegram,Telegram Privacy Policy,"As of June 2024, creators are able to offer paid access to specific channel posts by accepting Telegram Stars. When users pay to unlock a channel post, a permanent copy is created which resides in the parties' transaction history. This copy remains accessible even if the post is later deleted or either party loses access to the channel.",NONE,Not Applicable,NONE,Not Addressed,0.0,"General descriptive, definitional or navigational text; no operational mechanism matching any taxonomy requirement.",NEW_SUCCESS,False,4030a769bba906600fc1ed7d1480176424894e0494a7e48db054fbddf67f44b1,run-88abf65b56c9595b,qwen3:8b
S000138,Google,Google Cloud Terms of Service,"14.3 Assignment. Neither party may assign any part of this Agreement without the written consent of the other, except to an Affiliate where (a) the assignee has agreed in writing to be bound by the terms of this Agreement, and (b) the assigning party has notified the other party of the assignment. Any other attempt to assign is void. If Customer assigns this Agreement to an Affiliate in another jurisdiction such that there is a change in the Google contracting entity as defined at https://cloud.google.com/terms/google-entity this Agreement is automatically assigned to the new Google contracting entity.",NONE,Not Applicable,NONE,Not Addressed,0.0,"Commercial/contractual term (liability, disputes, billing, licensing, service terms); no DPDP data-protection obligation or mechanism.",NEW_SUCCESS,False,12a21684c5dd9c1f23a15ad1ecb3c0ecf8d78ae63bbf3c8c1a464ad3fd97ac2f,run-c6bf936e43df-5d0fde37,qwen3:8b
S002316,WhatsApp,WhatsappCookies,Certain parts of WhatsApp Products may not work properly if you have disabled browser cookies.  Google Chrome  Internet Explorer  Firefox  Safari  Safari Mobile  Opera,NONE,Not Applicable,NONE,Not Addressed,0.0,"Describes advertising, cookies or personalisation practice; no consent-withdrawal, rights or safeguard mechanism stated.",NEW_SUCCESS,False,bb65060840b550624542b3187c47fdb473703d08c97934ea53f956849839b06e,run-c6bf936e43df-5d0fde37,qwen3:8b
S002060,WhatsApp,WhatsApp India Payments Privacy Policy,India Payments Privacy Policy before you choose to continue using WhatsApp Pay.,NONE,Not Applicable,NONE,Not Addressed,0.0,"General descriptive, definitional or navigational text; no operational mechanism matching any taxonomy requirement.",NEW_SUCCESS,False,b116605221801b9c03c015d9dac691af2134aa7130218ff52486f172fb67bfe0,run-c6bf936e43df-5d0fde37,qwen3:8b
S001791,WhatsApp,WhatsApp Business App Privacy Policy,"Users can report, submit feedback, set communication preferences, or block businesses on WhatsApp, which we associate with the business that is the subject of the report, feedback, preference, or block.",NONE,Not Applicable,NONE,Not Addressed,0.0,"General descriptive, definitional or navigational text; no operational mechanism matching any taxonomy requirement.",NEW_SUCCESS,False,effa88a8f125284ca66cb179d5a85c224c93b91f00ff650982ffff8d9cdf42d7,run-c6bf936e43df-5d0fde37,qwen3:8b
S000331,Google,Google Privacy Policy,You can export a copy of content in your Google Account if you want to back it up or use it with a service outside of Google.,DPDP_ACT-0040,Data Principal Rights,DPDP Act 2023,Compliant,1.0,"Explicit self-service tool to review/access, update or export a copy of the user's data; concrete access mechanism.",NEW_SUCCESS,False,3a84069305b39d95bd460dceda43717ebd0c5df66c16b95c10441a3927b77493,run-c6bf936e43df-5d0fde37,qwen3:8b
S000858,Meta,MetaPrivacyPolicy,"detail on each information category). The actual information that we use depends on your factual circumstances, but could include any of the following: Content that you provide through our camera feature or your camera roll settings, or through our voice-enabled features",NONE,Not Applicable,NONE,Not Addressed,0.0,Describes purposes of use of data; no actionable compliance mechanism mapped to a taxonomy requirement.,NEW_SUCCESS,False,1b68f531c345d213ca06149123538bf29172afdc371a0335dcf4a895f03083c2,run-88abf65b56c9595b,qwen3:8b
S000286,Google,Google Privacy Policy,"When you’re signed in, we also collect information that we store with your Google Account, which we treat as personal information.",NONE,Not Applicable,NONE,Not Addressed,0.0,"Describes what data is collected; no user right, retention limit, safeguard or grievance mechanism stated.",NEW_SUCCESS,False,b9dd20e1ed35578b7d3564e3bf58b344798fdb70375f9255f41eb92288331bc9,run-c6bf936e43df-5d0fde37,qwen3:8b
S001849,WhatsApp,WhatsApp Business Data Security Terms,d. Power supply and backup generators at the Data Processing Facility;,NONE,Not Applicable,NONE,Not Addressed,0.0,"General descriptive, definitional or navigational text; no operational mechanism matching any taxonomy requirement.",NEW_SUCCESS,False,fb4a6b1cfa3fb8099f2dd3b2879454cfc1662e5d964ef2eeb7e55d73d34453cf,run-c6bf936e43df-5d0fde37,qwen3:8b
S001094,Snapchat,Snap Group Limited Terms of Service,"To use certain Services, you need to create an account. You agree to provide us with accurate, complete, and updated information for your account. Except in the unlikely event that activity occurs in your account outside of your control, you are responsible for any activity that occurs in your account. So it’s important that you keep your account secure. One way to help keep your account secure is to select a strong password that you don’t use for any other account and to enable two-factor authentication. If you think that someone has gained access to your account, please immediately reach out to Support. Any software that we provide to you may automatically download and install upgrades, updates, or other new features. You may be able to adjust these automatic downloads through your device’s settings. You agree not to create any account if we have previously removed or banned you or your account from any of our Services, unless we consent otherwise.",DPDP_RUL-0172,Security Safeguards,DPDP Rules 2025,Partially Compliant,0.5,Outlines user credential security safeguards including mandatory two-factor authentication.,NEW_SUCCESS,False,c0a57ca2c5a99547b9058f1849d3b77e0cd57d23de004c21710c1f0259fb3ade,run-c6bf936e43df-5d0fde37,qwen3:8b
S000130,Google,Google Cloud Terms of Service,"(b) Any indemnified party must tender sole control of the indemnified portion of the Third-Party Legal Proceeding to the indemnifying party, subject to the following: (i) the indemnified party may appoint its own non-controlling counsel, at its own expense; and (ii) any settlement requiring the indemnified party to admit liability, pay money, or take (or refrain from taking) any action, will require the indemnified party's prior written consent, not to be unreasonably withheld, conditioned, or delayed.",NONE,Not Applicable,NONE,Not Addressed,0.0,"Commercial/contractual term (liability, disputes, billing, licensing, service terms); no DPDP data-protection obligation or mechanism.",NEW_SUCCESS,False,85e23c120fd9a645978fe0309bbbc365133ab190bb7eb1170ac926cdbea22daf,run-c6bf936e43df-5d0fde37,qwen3:8b
S002413,Youtube,Google Ads policies,"Examples of inappropriate or offensive content (non-exhaustive): Bullying or intimidation of an individual or group, racial discrimination, content promoting hate groups or hate group paraphernalia, graphic crime scene or accident images, cruelty to animals, murder, self-harm, extortion or blackmail, sale or trade of endangered species, ads using profane language and content promoting the sexual exploitation of minors.",NONE,Not Applicable,NONE,Not Addressed,0.0,Content/community-conduct or advertising-policy rule; not a data-protection obligation under the DPDP taxonomy.,NEW_SUCCESS,False,f450b58a498d82942775660316795e99370cb4bde1a1c4ed1ccee095f27246a1,run-88abf65b56c9595b,qwen3:8b
S002020,WhatsApp,WhatsApp Channels Supplemental Privacy Policy,"How We Use Information We use the information we collect in the following additional ways:  Provide Channels. We use the information we have to operate, provide, and improve Channels. For example, we may use this information to enable you to create, follow or interact with Channels, to help us to provide or develop additional Channels features, or to improve your experience on Channels such as to show or recommend to you Channels that are in your country or local language.  Understand Usage of Channels. We use the information to measure and analyze the effectiveness, performance, reliability and efficiency of Channels, to understand how people use and interact with Channels, and to determine how we can develop and improve our Services.  For Safety, Security, And Integrity. We use information we have (including Channel Content and your activity in Channels) to ensure safety, security and integrity on our Services, including to combat harmful conduct; protect users against bad or harmful experiences, detect and investigate suspicious activity or violations of our terms and policies, including our WhatsApp Channels Guidelines, and to ensure our Services, including Channels, are being used lawfully.",NONE,Not Applicable,NONE,Not Addressed,0.0,"Commercial/contractual term (liability, disputes, billing, licensing, service terms); no DPDP data-protection obligation or mechanism.",NEW_SUCCESS,False,b525bbb27876a16bb5ec224b5cf4fb0b732d0a7bbc1a8a4ba154f14bf4f7f55c,run-c6bf936e43df-5d0fde37,qwen3:8b
S000337,Google,Google Privacy Policy,"Device-level settings: Your device may have controls that determine what information we collect. For example, you can modify location settings on your Android device.",NONE,Not Applicable,NONE,Not Addressed,0.0,"Describes what data is collected; no user right, retention limit, safeguard or grievance mechanism stated.",NEW_SUCCESS,False,a216616f46abcedd8ede4ede841c483e7039fd4afaa736a8b99e64c569cfe22d,run-c6bf936e43df-5d0fde37,qwen3:8b
S001130,Snapchat,Snap Group Limited Terms of Service,In summary: Get in touch with us if you have a complaint. Disputes with business users will be settled through arbitration.,NONE,Not Applicable,NONE,Not Addressed,0.0,"Commercial/contractual term (liability, disputes, billing, licensing, service terms); no DPDP data-protection obligation or mechanism.",NEW_SUCCESS,False,75d9e9ec3be6fec4d1459bed1b06d18914937c5ade4f46e33bb77af0f4d0037a,run-c6bf936e43df-5d0fde37,qwen3:8b
S001607,Telegram,Telegram Privacy Policy,"Added information about Telegram Business chatbots to the Bot Messages section (6.2, 6.3, 6.5).",NONE,Not Applicable,NONE,Not Addressed,0.0,"Describes data sharing with third parties/affiliates in general terms; no consent, safeguard or transfer control matched to a taxonomy requirement.",NEW_SUCCESS,False,8cce77a0b817b8e7e0291e2fc822cffcbda06c1b49336e46b35a457432c9d650,run-88abf65b56c9595b,qwen3:8b
S001815,WhatsApp,WhatsApp Business Data Processing Terms,"Business Terms, these Data Processing Terms will govern solely to the extent of the conflict.",NONE,Not Applicable,NONE,Not Addressed,0.0,"General descriptive, definitional or navigational text; no operational mechanism matching any taxonomy requirement.",NEW_SUCCESS,False,675d2531bfb08eb5d54a1a054674f3b037d9909c16144fd7c50edf09b2d0880b,run-c6bf936e43df-5d0fde37,qwen3:8b
S002336,WhatsApp,WhatsAppPrivacyPolicy,"Additionally, we may use cookies to remember your choices, like your language preferences, to provide a safer experience, and otherwise to customize our Services for you. Learn more about how we use cookies to provide you our Services.",NONE,Not Applicable,NONE,Not Addressed,0.0,"Describes advertising, cookies or personalisation practice; no consent-withdrawal, rights or safeguard mechanism stated.",NEW_SUCCESS,False,33b861340122272b2cc190fff37d57792283c3ed01d27b8f9be28fd50b65b726,run-c6bf936e43df-5d0fde37,qwen3:8b
S002156,WhatsApp,WhatsApp_TermsOfService_India,"others in using) our Services in ways that: (a) violate, misappropriate, or infringe the rights of WhatsApp, our users, or others, including privacy, publicity, intellectual property, or other proprietary rights; (b) are illegal, obscene, defamatory, threatening, intimidating, harassing, hateful, racially or ethnically offensive, or instigate or encourage conduct that would be illegal or otherwise inappropriate, such as promoting violent crimes, endangering or exploiting children or others, or coordinating harm; (c) involve publishing falsehoods, misrepresentations, or misleading statements; (d) impersonate someone; (e) involve sending illegal or impermissible communications such as bulk messaging, auto-messaging, auto-dialing, and the like; or (f) involve any non-personal use of our Services unless otherwise authorized by us. Harm To WhatsApp Or Our Users.",NONE,Not Applicable,NONE,Not Addressed,0.0,"Commercial/contractual term (liability, disputes, billing, licensing, service terms); no DPDP data-protection obligation or mechanism.",NEW_SUCCESS,False,ce80c049de86fe82bb44e4deb6b608adef151b6d4eab41e99c5b32691643c462,run-c6bf936e43df-5d0fde37,qwen3:8b
S000801,Meta,MetaPrivacyPolicy,"We are part of the that provide Meta Company Products. include all of the covered by this Policy, plus other products, such as WhatsApp and more.",NONE,Not Applicable,NONE,Not Addressed,0.0,"Describes data sharing with third parties/affiliates in general terms; no consent, safeguard or transfer control matched to a taxonomy requirement.",NEW_SUCCESS,False,63fae27dea295532dabf63d82b0852ff4cf975e9fa119d24c8bece7d586a641d,run-88abf65b56c9595b,qwen3:8b
S001600,Telegram,Telegram Privacy Policy,Expanded 5.6. No Ads Based on User Data with information about sponsored messages in public channels.,NONE,Not Applicable,NONE,Not Addressed,0.0,"Describes advertising, cookies or personalisation practice; no consent-withdrawal, rights or safeguard mechanism stated.",NEW_SUCCESS,False,f8bbe836c25d9329f4e67a2eeb9fb33a38ba4886c170bf91af40cca91f151935,run-88abf65b56c9595b,qwen3:8b
S001587,Telegram,Telegram Privacy Policy,"You can control how your data is used (e.g., delete synced contacts) in Settings > Privacy & Security > Data Settings (using one of our mobile apps).",DPDP_RUL-0208,Consent & Notice,DPDP Rules 2025,Partially Compliant,0.5,"Settings/controls let the user give, manage or review permissions or ad consent; partial coverage of a consent-management function.",NEW_SUCCESS,False,47945fdf79d3e053a1bc48ae7daa9d53b962f822346205b17c5640b446d7d737,run-88abf65b56c9595b,qwen3:8b
S001503,Telegram,Telegram Privacy Policy,how we keep your personal data safe;,NONE,Not Applicable,NONE,Not Addressed,0.0,"General descriptive, definitional or navigational text; no operational mechanism matching any taxonomy requirement.",NEW_SUCCESS,False,48508b674bd9eefd21fc83641705c0dc25a45efcc3b1f4faf564255267ac2cc9,run-88abf65b56c9595b,qwen3:8b
S002204,WhatsApp,WhatsApp_TermsOfService_India,• If you created a parent-managed account for a user under 13 (or the minimum age required in your country) and allow them to use our,DPDP_ACT-0034,Children/Vulnerable Groups,DPDP Act 2023,Compliant,1.0,Age gate with concrete consequence (cease service/lock or delete account) or parent-managed account flow.,NEW_SUCCESS,False,bff4e0c5dbdccc11440ea19eccd8be2db0a2f8330794a343ccccb9ff56d5130e,run-c6bf936e43df-5d0fde37,qwen3:8b
S001826,WhatsApp,WhatsApp Business Data Processing Terms,"h. Upon your request, WhatsApp will make available to you all information and provide all assistance that is reasonably necessary to demonstrate WhatsApp’s compliance with its",NONE,Not Applicable,NONE,Not Addressed,0.0,"General descriptive, definitional or navigational text; no operational mechanism matching any taxonomy requirement.",NEW_SUCCESS,False,8ffc7896e35f7325dbf72a12d3fc66b904f5f4c37547b6c414aa1ccc9f271e3e,run-c6bf936e43df-5d0fde37,qwen3:8b
S001521,Telegram,Telegram Privacy Policy,"In addition to private messages, Telegram also supports public channels and public groups. All public chats are cloud chats (see section 3.3.1 above). Like everything on Telegram, the data you post in public communities is encrypted, both in storage and in transit — but everything you post in public will be accessible to everyone.",NONE,Not Applicable,NONE,Not Addressed,0.0,"General descriptive, definitional or navigational text; no operational mechanism matching any taxonomy requirement.",NEW_SUCCESS,False,e5ddbf339e35b8f1cd38f21e7a35c49a7cb3dc13bf361c8f357a5def24d3eaa5,run-88abf65b56c9595b,qwen3:8b
S002054,WhatsApp,WhatsApp India Payments Privacy Policy,"WhatsApp, as this information is required to fetch your bill and process the payment.The COU and payment aggregator can receive your name, phone number, email address, date of birth, or government ID number, depending on the specific bill payment category as well as your IP address, device identifier, or other persistent identifier.  Compliance with Law. Notwithstanding anything to the contrary,",NONE,Not Applicable,NONE,Not Addressed,0.0,"General descriptive, definitional or navigational text; no operational mechanism matching any taxonomy requirement.",NEW_SUCCESS,False,dc100553176fb4aed3a634cb10c2b1ed85adef675bfb7eb9384f7713c043093a,run-c6bf936e43df-5d0fde37,qwen3:8b
S001879,WhatsApp,WhatsApp Business Data Transfer Addendum,5. In this Data Transfer Addendum: a. “SCCs” means the European Commission's Standard,NONE,Not Applicable,NONE,Not Addressed,0.0,"General descriptive, definitional or navigational text; no operational mechanism matching any taxonomy requirement.",NEW_SUCCESS,False,fcb451cbc01b40c12f6f80b90628ec9f1715c93570bf53019160751cc871437b,run-c6bf936e43df-5d0fde37,qwen3:8b
S001201,Snapchat,Snap_Privacy Policy,detect and resolve any fraud or security concerns.,NONE,Not Applicable,NONE,Not Addressed,0.0,"General descriptive, definitional or navigational text; no operational mechanism matching any taxonomy requirement.",NEW_SUCCESS,False,8471c1b9dfb63575390dedc257fc6b321c10d4f9878e999e8d385ddbf1cdc14e,run-c6bf936e43df-5d0fde37,qwen3:8b
S001903,WhatsApp,WhatsApp Business Terms of Service,"Business Services are not intended for intra-company usage. We make no representations or warranties that our Business Services meet the needs of entities regulated by laws and regulations with heightened confidentiality requirements for personal data, such as healthcare, financial, or legal services entities. Company must provide all necessary data disclosures and notices (such as maintaining a privacy policy or labelling marketing messages). Company must also secure all necessary rights, consents, and permissions (for example, opt-in) to share its customers’ contact and other personal data with WhatsApp, and to communicate with its customers via the WhatsApp service using this information. WhatsApp is not liable for any acts or omissions by Company that breach any applicable laws. Company must also honor and comply with all WhatsApp user requests to stop or opt-out of receiving certain or all types of WhatsApp messages from Company. WhatsApp users may block Company, mark Company’s messages as spam, or report Company’s actions or messages to us to notify us that Company is violating our terms and policies. WhatsApp will then take appropriate action, which could result in WhatsApp suspending or terminating Company’s use of our Business Services. Security Responsibilities.",NONE,Not Applicable,NONE,Not Addressed,0.0,"Commercial/contractual term (liability, disputes, billing, licensing, service terms); no DPDP data-protection obligation or mechanism.",NEW_SUCCESS,False,00ac191196ca2b531f29f18049e8a519f4c1209bd5376981e0aa74246badbf4b,run-c6bf936e43df-5d0fde37,qwen3:8b
S001800,WhatsApp,WhatsApp Business App Privacy Policy,"relationship management tools; ad and message creation, delivery and management services; business analytics services; and AI tools.",NONE,Not Applicable,NONE,Not Addressed,0.0,"Describes advertising, cookies or personalisation practice; no consent-withdrawal, rights or safeguard mechanism stated.",NEW_SUCCESS,False,03fcd3370f27836c9abefd25f5ed1f6dfd574bfafe76baaf60321be9d00392e0,run-c6bf936e43df-5d0fde37,qwen3:8b
S000260,Google,Google Play Terms of Service,"(d)Price Increases. When you purchase a subscription, you will initially be charged at the rate applicable at the time of your agreement to subscribe. If the price of the subscription increases later, Google will notify you. The increase will apply to the next payment due from you after the notice, provided that you have been given at least 30 days' prior notice before the charge is made. If you are given less than 30 days' prior notice, the price increase will not apply until the payment after the next payment due. If you do not wish to pay the increased price for a subscription, you may cancel the subscription as described in the Cancellations section of these Terms, and you will not be charged further amounts for the subscription, provided you have notified us before the end of the current billing period. Where the Provider increases the price of a subscription and consent is required, Google may cancel your subscription unless you agree to the new price. If your subscription is cancelled and you later decide to re-subscribe, you will be charged at the then current subscription rate.",NONE,Not Applicable,NONE,Not Addressed,0.0,"Commercial/contractual term (liability, disputes, billing, licensing, service terms); no DPDP data-protection obligation or mechanism.",NEW_SUCCESS,False,dc48ce8cf0e4195eb651e47a30f17beeb704ba7d25efd0bf0539f5bb883f7d45,run-c6bf936e43df-5d0fde37,qwen3:8b
S000823,Meta,MetaPrivacyPolicy,"You can learn more about how privacy works on and on , and in the . If you have any questions about this policy or have any questions, complaints or requests regarding your information, you can contact us as described below.",DPDP_RUL-0201,Grievance Redressal,DPDP Rules 2025,Partially Compliant,0.5,"Published complaint/contact route with a promise to respond, but no stated ninety-day grievance timeline.",NEW_SUCCESS,False,c6a55171d340af9dc10cef2dcd601b10a775f3f3bdc70e628776bcd6d416db6d,run-88abf65b56c9595b,qwen3:8b
S001828,WhatsApp,WhatsApp Business Data Processing Terms,"i. WhatsApp may subcontract its Processing obligations under these Data Processing Terms to a sub-processor, who may be based in a country other than the one in which you or",DPDP_RUL-0176,Security Safeguards,DPDP Rules 2025,Partially Compliant,0.5,"Processor terms (instruction-only processing, controller assistance, sub-processor change notice, delegated data handling to trusted parties).",NEW_SUCCESS,False,ab9078f45613d3bc2b45d20a63bfaaee4f9a00ca4f3c087f3cac91f506570e02,run-c6bf936e43df-5d0fde37,qwen3:8b
S001576,Telegram,Telegram Privacy Policy,"Due to the fact that Telegram doesn't store any credit card details or transaction information, it is impossible for us to handle complaints or cashbacks – any disputed payments are the responsibility of the bot developers, payment providers, and banks that participated in the exchange.",NONE,Not Applicable,NONE,Not Addressed,0.0,"Commercial/contractual term (liability, disputes, billing, licensing, service terms); no DPDP data-protection obligation or mechanism.",NEW_SUCCESS,False,00915607aa20f64cb42dfab0459c4c0a1ac40f707a9e654599c731ba1b05e616,run-88abf65b56c9595b,qwen3:8b
S000768,Meta,MetaPrivacyPolicy,We've updated our Privacy Policy with details about agentic AI capabilities and how we personalise your AI experiences.,NONE,Not Applicable,NONE,Not Addressed,0.0,"Describes advertising, cookies or personalisation practice; no consent-withdrawal, rights or safeguard mechanism stated.",NEW_SUCCESS,False,9507da90042a7696af57f0b67f2db42558c6737760a2d649c7b0a35a660ae86d,run-88abf65b56c9595b,qwen3:8b
S001589,Telegram,Telegram Privacy Policy,"If you would like to delete your account, you can do this on the deactivation page. Deleting your account removes all messages, media, contacts and every other piece of data you store in the Telegram cloud. This action must be confirmed via your Telegram account and cannot be undone.",DPDP_ACT-0029,Data Retention & Erasure,DPDP Act 2023,Compliant,1.0,"Concrete deletion mechanism (delete data/account or clear stored data) that the user can trigger directly, with defined effect.",NEW_SUCCESS,False,fbc93ef446cea393248598d0511f9fb66cf3cdbb65df55c43151e2259fd5b37a,run-88abf65b56c9595b,qwen3:8b
S001069,Snapchat,Snap Group Limited Terms of Service,use or develop any third-party applications that interact with the Services or other users’ content or information without our written consent;,NONE,Not Applicable,NONE,Not Addressed,0.0,Describes purposes of use of data; no actionable compliance mechanism mapped to a taxonomy requirement.,NEW_SUCCESS,False,50a72fdc02cf388cd1776621b2b18a41b32f260677ec23e68a44312bfbf045ff,run-c6bf936e43df-5d0fde37,qwen3:8b
S000837,Meta,MetaPrivacyPolicy,"For WhatsApp users, about what information is shared with Meta. learn more",NONE,Not Applicable,NONE,Not Addressed,0.0,"Describes data sharing with third parties/affiliates in general terms; no consent, safeguard or transfer control matched to a taxonomy requirement.",NEW_SUCCESS,False,92d3328acd017b4e7e2d737a0f7adaf3a35fc26120fe1be391dc22e8dc0e56d3,run-88abf65b56c9595b,qwen3:8b
S002009,WhatsApp,WhatsApp Channels Supplemental Privacy Policy,"In the future, we may introduce additional Channels features, such as new ways to search for Channels and Channel Content, additional audience and privacy settings for Channels, and end-to-end encrypted Channels. If you are already using Channels when we update features and settings, we will inform you of such features as appropriate.",NONE,Not Applicable,NONE,Not Addressed,0.0,"General descriptive, definitional or navigational text; no operational mechanism matching any taxonomy requirement.",NEW_SUCCESS,False,a5fc672560624801e589d55493b2c06e789775fb743f93e3992bc3b3ce4f7c5a,run-c6bf936e43df-5d0fde37,qwen3:8b
S002395,Youtube,Child safety policy,"Remember, these are just some examples. Don't post content if you think that it might violate this policy.",NONE,Not Applicable,NONE,Not Addressed,0.0,Content/community-conduct or advertising-policy rule; not a data-protection obligation under the DPDP taxonomy.,NEW_SUCCESS,False,383b95b392dad8c1023934665597083b2542b2b6c2096d1d42e9edfd7dac453c,run-88abf65b56c9595b,qwen3:8b
S001531,Telegram,Telegram Privacy Policy,"If you signed up for Telegram from the UK or the EEA, your data is stored in data centers in the Netherlands. These are third-party provided data centers in which Telegram rents a designated space. However, the servers and networks that sit inside these data centers and on which your personal data is stored are owned by Telegram. As such, we do not share your personal data with such data centers. All data is stored heavily encrypted so that local Telegram engineers or physical intruders cannot get access.",DPDP_RUL-0202,Cross-Border Transfer,DPDP Rules 2025,Partially Compliant,0.5,"Discloses cross-border transfer/processing and states safeguards (SCCs, same protections, legal frameworks) but not Indian Central-Government requirements.",NEW_SUCCESS,False,97051af3ca8cae12027ef90beae4958f356961add70aea732309fba2b5847e81,run-88abf65b56c9595b,qwen3:8b
S000795,Meta,MetaPrivacyPolicy,People and accounts that you share and communicate with Content that others share or reshare about you.,NONE,Not Applicable,NONE,Not Addressed,0.0,"Describes data sharing with third parties/affiliates in general terms; no consent, safeguard or transfer control matched to a taxonomy requirement.",NEW_SUCCESS,False,b6b8afbccdb63c902660f45f6ad2ff8f086c802a54948a36f295f84002dd7be9,run-88abf65b56c9595b,qwen3:8b
S000895,Meta,MetaPrivacyPolicy,"Providing a seamless experience Why and how we process your information: Sharing of information across the Meta Companies: Meta Company Products to enable cross app interactions, sharing, viewing and engaging with content, including posts and videos. detail on each information category). The actual information that we use depends on your factual circumstances, but could include any of the following:",NONE,Not Applicable,NONE,Not Addressed,0.0,Describes purposes of use of data; no actionable compliance mechanism mapped to a taxonomy requirement.,NEW_SUCCESS,False,5d748374a935df02598607ff65ba4e804ac59eda8b32926c84d922bbf095660b,run-88abf65b56c9595b,qwen3:8b
S000344,Google,Google Privacy Policy,"We provide personal information to our affiliates and other trusted businesses or persons to process it for us, based on our instructions and in compliance with our Privacy Policy and any other appropriate confidentiality and security measures. For example, we use service providers to help operate our data centers, deliver our products and services, improve our internal business processes, and offer additional support to customers and users. We also use service providers to help review YouTube video content for public safety and analyze and listen to samples of saved user audio to help improve Google’s audio recognition technologies.",DPDP_RUL-0176,Security Safeguards,DPDP Rules 2025,Partially Compliant,0.5,"Processor terms (instruction-only processing, controller assistance, sub-processor change notice, delegated data handling to trusted parties).",NEW_SUCCESS,False,8e66c9588c7c2c63b9541373206cfdad65818e82f82eabd59c7b63115fe1a166,run-c6bf936e43df-5d0fde37,qwen3:8b
S002346,WhatsApp,WhatsAppPrivacyPolicy,"Services and let you know about our terms, policies, and other important updates. We may provide you marketing for our Services and those of the Meta Companies.  No Third-Party Banner Ads. We still do not allow third-party banner ads on our Services. We have no intention to introduce them, but you may see other types of ads in Status and Channels.  Business Interactions. We enable you and third parties, like businesses, to communicate and interact with each other using our",NONE,Not Applicable,NONE,Not Addressed,0.0,"Describes advertising, cookies or personalisation practice; no consent-withdrawal, rights or safeguard mechanism stated.",NEW_SUCCESS,False,e18c015ce6fb735dac731deb9ff04e75c738c7af948b7fd35250b7993ddcb8d3,run-c6bf936e43df-5d0fde37,qwen3:8b
S000294,Google,Google Privacy Policy,"If you use our services to make and receive calls or send and receive messages, we may collect call and message log information like your phone number, calling-party number, receiving-party number, forwarding numbers, sender and recipient email address, time and date of calls and messages, duration of calls, routing information, and types and volumes of calls and messages.",NONE,Not Applicable,NONE,Not Addressed,0.0,"General descriptive, definitional or navigational text; no operational mechanism matching any taxonomy requirement.",NEW_SUCCESS,False,03d45b12e0365f6c9991b1dcb54d436e255c212263bff124c432f6e85dcf7ac9,run-c6bf936e43df-5d0fde37,qwen3:8b
S000862,Meta,MetaPrivacyPolicy,"Communicating with you Why and how we process your information: We use information that you've given us (such as contact information on your profile) to send you a communication, such as an email or in-product notice, for example:",NONE,Not Applicable,NONE,Not Addressed,0.0,Describes purposes of use of data; no actionable compliance mechanism mapped to a taxonomy requirement.,NEW_SUCCESS,False,7e81b6de447567107d049dce71d0b0eaae0a649de596e26973b5041ec8ca60a9,run-88abf65b56c9595b,qwen3:8b
S002477,Youtube,Harassment and cyberbullying policies,"Content that contains prolonged insults or slurs based on someone's intrinsic attributes. These attributes include their protected group status, physical attributes or their status as a survivor of sexual assault, non-consensual intimate imagery distribution, domestic abuse, child abuse and more.",NONE,Not Applicable,NONE,Not Addressed,0.0,Content/community-conduct or advertising-policy rule; not a data-protection obligation under the DPDP taxonomy.,NEW_SUCCESS,False,d0bad79bd2d5db1dbb6692dcbc2afd1906ec751cc23d8718cad062c6e165dfb4,run-88abf65b56c9595b,qwen3:8b
S000844,Meta,MetaPrivacyPolicy,"See if our Products are working correctly, such as troubleshooting and fixing it when it's not working",NONE,Not Applicable,NONE,Not Addressed,0.0,"General descriptive, definitional or navigational text; no operational mechanism matching any taxonomy requirement.",NEW_SUCCESS,False,0ed88735317fba458bf7be8b188b504c60d8a71deffb84e6aceda6d4b10418a9,run-88abf65b56c9595b,qwen3:8b
S002327,WhatsApp,WhatsAppPrivacyPolicy,"Information You Provide  Your Account Information. You must provide your mobile phone number and basic information (including a profile name of your choice) to create a WhatsApp account. If you don’t provide us with this information, you will not be able to create an account to use our Services. You can add other information to your account, such as a profile picture and ""about"" information.  Your Messages. We do not retain your messages in the ordinary course of providing our Services to you. Instead, your messages are stored on your device and not typically stored on our servers. Once your messages are delivered, they are deleted from our servers. The following scenarios describe circumstances where we may store your messages in the course of delivering them: o Undelivered Messages. If a message cannot be delivered immediately (for example, if the recipient is offline), we keep it in encrypted form on our servers for up to 30 days as we try to deliver it. If a message is still undelivered after 30 days, we delete it. o Media Forwarding. When a user forwards media within a message, we store that media temporarily in encrypted form on our servers to aid in more efficient delivery of additional forwards.",NONE,Not Applicable,NONE,Not Addressed,0.0,"Describes what data is collected; no user right, retention limit, safeguard or grievance mechanism stated.",NEW_SUCCESS,False,5bf08664da072931d23f857ed883d29a99de4edd6a536cc8894e630601d378e9,run-c6bf936e43df-5d0fde37,qwen3:8b
S001859,WhatsApp,WhatsApp Business Data Security Terms,a. Password Management. WhatsApp has established and will maintain procedures for password management for its,NONE,Not Applicable,NONE,Not Addressed,0.0,"General descriptive, definitional or navigational text; no operational mechanism matching any taxonomy requirement.",NEW_SUCCESS,False,b551bdcc37fd1735de09d9512d0e872a173a2751d1cda5cf08d6518d41013314,run-c6bf936e43df-5d0fde37,qwen3:8b
S001853,WhatsApp,WhatsApp Business Data Security Terms,b. Confidentiality. WhatsApp will contractually bind personnel with access to Covered Data to appropriate confidentiality requirements.,DPDP_ACT-0025,Security Safeguards,DPDP Act 2023,Partially Compliant,0.5,"General or partial security measure (training, screening, incident/vulnerability programme, encryption feature) without full specification.",NEW_SUCCESS,False,969880ce269bcc73603b8b38fc94224096ee598a4763b3054c5e96bbbcd5bd42,run-c6bf936e43df-5d0fde37,qwen3:8b
S002018,WhatsApp,WhatsApp Channels Supplemental Privacy Policy,"Channel Subscriptions Information  Admin Information for Subscriptions. For Channel Subscriptions, we additionally collect information when Admins set up and manage their channel subscription, such as subscription pricing, billing and renewal periods, cancellations and terminations, or payout methods.",NONE,Not Applicable,NONE,Not Addressed,0.0,"Commercial/contractual term (liability, disputes, billing, licensing, service terms); no DPDP data-protection obligation or mechanism.",NEW_SUCCESS,False,ca01eade48ad7b58106d276892e0b704fd7f2dc5dbb57112e8f126ee3974d847,run-c6bf936e43df-5d0fde37,qwen3:8b
S000370,Google,Google Privacy Policy,"This Privacy Policy doesn’t apply to: Services offered by other companies or individuals, including products or sites they offer that may include Google services to which the policy applies, or products or sites displayed to you in search results, or linked from our services",NONE,Not Applicable,NONE,Not Addressed,0.0,"General descriptive, definitional or navigational text; no operational mechanism matching any taxonomy requirement.",NEW_SUCCESS,False,258bc3127ec60340bf3c78f91a568fc6d479a36f9a8e92f4b1ed2b3fbd61eef2,run-c6bf936e43df-5d0fde37,qwen3:8b
S000291,Google,Google Privacy Policy,"We collect this information when a Google service on your device contacts our servers — for example, when you install an app from the Play Store or when a service checks for automatic updates. If you’re using an Android device with Google apps, your device periodically contacts Google servers to provide information about your device and connection to our services. This information includes things like your device type and carrier name, crash reports, which apps you've installed, and, depending on your device settings, other information about how you’re using your Android device.",NONE,Not Applicable,NONE,Not Addressed,0.0,"Describes what data is collected; no user right, retention limit, safeguard or grievance mechanism stated.",NEW_SUCCESS,False,e0c7120cacc0121ab0e66102196442e92a4ec2dd214ab67ca0c11100753f1234,run-c6bf936e43df-5d0fde37,qwen3:8b
S001164,Snapchat,Snap_Privacy Policy,"If you’ve explicitly granted device-level permissions, device information may also include information about your device phonebook (contacts and related information), images and other information from your device’s camera, photos, and microphone (like the ability to take photos, videos, view stored photos and videos, and access the microphone to record audio while recording video), and precise location information (precise location through methods like GPS signals).",NONE,Not Applicable,NONE,Not Addressed,0.0,"Describes what data is collected; no user right, retention limit, safeguard or grievance mechanism stated.",NEW_SUCCESS,False,67b401fb1f31e01d48a284ea33d58ea1755ae6c828a35129934e0daa013156ad,run-c6bf936e43df-5d0fde37,qwen3:8b
S000833,Meta,MetaPrivacyPolicy,"Learn more detail on each information category). The actual information that we use depends on your factual circumstances, but could include any of the following: Content that you provide through our camera feature or your camera roll settings, or through our voice-enabled features about content and messages, subject to applicable law Interactions with our features that are part of AI at Meta and related metadata. For example, information such as content and messages that you or others exchange with these features",NONE,Not Applicable,NONE,Not Addressed,0.0,Describes purposes of use of data; no actionable compliance mechanism mapped to a taxonomy requirement.,NEW_SUCCESS,False,5b37941d4eb5b19816b72222af260fdb9a52066f9db143ad7520dfd199cc836c,run-88abf65b56c9595b,qwen3:8b
S002046,WhatsApp,WhatsApp India Payments Privacy Policy,"India (""NPCI"") to facilitate the movement of funds between the sender's and receiver's bank accounts. They provide us information about you, your financial institution and accounts, and your Payments transactions. For example, we may receive information about you or your transactions from a PSP bank, including information to confirm your registration, the payment sender's or receiver's name, account information and status, balance sufficiency, transaction and account identifiers, risk or fraud alerts, and the like. BHIM UPI transaction information is stored in encrypted format. Please note that the PSP bank's or",NONE,Not Applicable,NONE,Not Addressed,0.0,"General descriptive, definitional or navigational text; no operational mechanism matching any taxonomy requirement.",NEW_SUCCESS,False,850b519a58a7af7b1f3649e82130f942b6feb1ec6d703abfc93da16ac3868f03,run-c6bf936e43df-5d0fde37,qwen3:8b
S002370,Youtube,Child safety policy,"YouTube does not allow unauthorised impersonation of a person, entity or channel that may mislead viewers in a way that could harm the YouTube community. Impersonation may include deceptively copying the branding, content or usernames of individuals, channels or entities. It may also include using AI to copy the voice or likeness of an individual, to make it appear as if the channel is owned or authorised by that individual. YouTube also enforces trademark holder rights.",NONE,Not Applicable,NONE,Not Addressed,0.0,Content/community-conduct or advertising-policy rule; not a data-protection obligation under the DPDP taxonomy.,NEW_SUCCESS,False,a3460eb6ecfb04af86acbd0d8297e2ae4cf6d8492a8bf521af1b14c09cc0645b,run-88abf65b56c9595b,qwen3:8b
S002361,WhatsApp,WhatsAppPrivacyPolicy,"You can access or port your information using our in-app Request Account Info feature (available under Settings > Account). For iPhone users, you can learn how to access, manage, and delete your information through our iPhone Help Center articles. For Android users, you can learn how to access, manage, and delete your information through our Android Help Center articles.",DPDP_ACT-0040,Data Principal Rights,DPDP Act 2023,Compliant,1.0,"Explicit self-service tool to review/access, update or export a copy of the user's data; concrete access mechanism.",NEW_SUCCESS,False,2a993fa28b0a37f9010d24b74e2a62796e3895441ae9f755a351bf284b646062,run-c6bf936e43df-5d0fde37,qwen3:8b
S000292,Google,Google Privacy Policy,"We collect information about your activity in our services, which we use to do things like recommend a YouTube video you might like. The activity information we collect may include: Chrome browsing history you’ve synced with your Google Account",NONE,Not Applicable,NONE,Not Addressed,0.0,"Describes advertising, cookies or personalisation practice; no consent-withdrawal, rights or safeguard mechanism stated.",NEW_SUCCESS,False,4bea5c1c856c1d1781f4cf9702f5f5ae2a5e43d2cedb5e62b557347d608117a3,run-c6bf936e43df-5d0fde37,qwen3:8b
S001827,WhatsApp,WhatsApp Business Data Processing Terms,legal obligations as a Processor under these Data Processing Terms;,NONE,Not Applicable,NONE,Not Addressed,0.0,"General descriptive, definitional or navigational text; no operational mechanism matching any taxonomy requirement.",NEW_SUCCESS,False,5eae13708f2a80cc349cbfb5b9af4c696a3bc90dc5030026c9ac47dc72cabb51,run-c6bf936e43df-5d0fde37,qwen3:8b
S002594,Youtube,Terms of Service,"California law will govern all disputes arising out of or relating to these terms or the Service, regardless of conflict of laws rules. These disputes will be resolved exclusively in the federal or state courts of Santa Clara County, California, USA, and you and YouTube consent to personal jurisdiction in those courts.",NONE,Not Applicable,NONE,Not Addressed,0.0,"Commercial/contractual term (liability, disputes, billing, licensing, service terms); no DPDP data-protection obligation or mechanism.",NEW_SUCCESS,False,594c5d9bce8c806b33584e6ed0f020f683f7b3e6844bb0bb98ea3ced19c5d209,run-88abf65b56c9595b,qwen3:8b
S001617,Telegram,Telegram Privacy Policy,Protocol at: https://core.telegram.org/mtproto; and,NONE,Not Applicable,NONE,Not Addressed,0.0,"General descriptive, definitional or navigational text; no operational mechanism matching any taxonomy requirement.",NEW_SUCCESS,False,084b6485b573efa08ddf1d0ab05bceae06a8a4fa121f8a1b4bc34455a16b711c,run-88abf65b56c9595b,qwen3:8b
S002038,WhatsApp,WhatsApp India Payments Privacy Policy,"WhatsApp Privacy Policy, the India Payments Privacy Policy will control solely with respect to your use of WhatsApp Pay, and only to the extent of the conflict.",NONE,Not Applicable,NONE,Not Addressed,0.0,"General descriptive, definitional or navigational text; no operational mechanism matching any taxonomy requirement.",NEW_SUCCESS,False,c1cc4d7442431e1f06f5115b021aeff81248341f114e651270cf68a54a49fc06,run-c6bf936e43df-5d0fde37,qwen3:8b
S001154,Snapchat,Snap_Privacy Policy,"Set advertising preferences. We try to show you ads that we think will be relevant to your interests, but if you’d like to have a less personalized experience, you can change your advertising settings in the Snapchat app. Learn more here.",DPDP_RUL-0208,Consent & Notice,DPDP Rules 2025,Partially Compliant,0.5,"Settings/controls let the user give, manage or review permissions or ad consent; partial coverage of a consent-management function.",NEW_SUCCESS,False,7a4d704bcd5e05458bc0c1f3551fbe4306e5ddb7b2dd2479645b446a65d036b6,run-c6bf936e43df-5d0fde37,qwen3:8b
S002341,WhatsApp,WhatsAppPrivacyPolicy,"When you message with a business on WhatsApp, keep in mind that the content you share may be visible to several people in that business. In addition, some businesses might be working with thirdparty service providers (which may include Meta) to help manage their communications with their customers. For example, a business may give such third-party service provider access to its communications to send, store, read, manage, or otherwise process them for the business. To understand how a business processes your information, including how it might share your information with third parties or Meta, you should review that business’ privacy policy or contact the business directly.  Third-Party Service Providers. We work with third-party service providers and other Meta Companies to help us operate, provide, improve, understand, customize, support, and market our Services. For example, we work with them to distribute our apps; provide our",NONE,Not Applicable,NONE,Not Addressed,0.0,Describes purposes of use of data; no actionable compliance mechanism mapped to a taxonomy requirement.,NEW_SUCCESS,False,7f2ba45096730949b4203c9f82bb714a4d14dc91066b7599152adb1ae887beac,run-c6bf936e43df-5d0fde37,qwen3:8b
S001498,Telegram,Telegram Privacy Policy,We only store the data that Telegram needs to function as a secure and feature-rich messaging service.,NONE,Not Applicable,NONE,Not Addressed,0.0,"General descriptive, definitional or navigational text; no operational mechanism matching any taxonomy requirement.",NEW_SUCCESS,False,b114710f5106560f4e23e3a469b9d0881b8d360c28ca5c8e7270ef2219c4463d,run-88abf65b56c9595b,qwen3:8b
S001842,WhatsApp,WhatsApp Business Data Security Terms,"October 29, 2020 These WhatsApp Business Data Security Terms (“Data Security Terms”) apply in respect of WhatsApp’s provision of Business Services to you in accordance with the Business Terms. Capitalized terms used but not defined in these Data Security Terms have the meanings given in the Business Terms. These Data Security Terms describe the minimum security standards that WhatsApp maintains applicable to the Business",NONE,Not Applicable,NONE,Not Addressed,0.0,"General descriptive, definitional or navigational text; no operational mechanism matching any taxonomy requirement.",NEW_SUCCESS,False,12662709b9f5934b6714b92af52eb8099843383f14e2fc0aab72730b5fe3ac4d,run-c6bf936e43df-5d0fde37,qwen3:8b
S001200,Snapchat,Snap_Privacy Policy,"protect the rights, property, or safety of us, our users, or others.",NONE,Not Applicable,NONE,Not Addressed,0.0,"General descriptive, definitional or navigational text; no operational mechanism matching any taxonomy requirement.",NEW_SUCCESS,False,f2663808d69389f2a78d3f9ac7f47ed40bb4fe04a2469184db7fd25675e409a3,run-c6bf936e43df-5d0fde37,qwen3:8b
S001152,Snapchat,Snap_Privacy Policy,Download your data. You can make a request in our Download My Data tool to export a copy of your Snapchat information.,DPDP_ACT-0040,Data Principal Rights,DPDP Act 2023,Compliant,1.0,"Explicit self-service tool to review/access, update or export a copy of the user's data; concrete access mechanism.",NEW_SUCCESS,False,13c7497953b7303331ff89d2870663a1e2f35aeb1c87f3e2af4028dfcdf94cb7,run-c6bf936e43df-5d0fde37,qwen3:8b
S000857,Meta,MetaPrivacyPolicy,"For more information on safety, integrity and security generally on Meta Products, visit the and .",NONE,Not Applicable,NONE,Not Addressed,0.0,"General descriptive, definitional or navigational text; no operational mechanism matching any taxonomy requirement.",NEW_SUCCESS,False,24319df63f0df78548a4a2cc24e01c834f0762c216e2dad7a24b04c71b2271c4,run-88abf65b56c9595b,qwen3:8b
S001559,Telegram,Telegram Privacy Policy,Bots will obviously get your messages when you send them something.,NONE,Not Applicable,NONE,Not Addressed,0.0,"Describes data sharing with third parties/affiliates in general terms; no consent, safeguard or transfer control matched to a taxonomy requirement.",NEW_SUCCESS,False,06b373ebee25010959d70538cd87dc1be788568d2433694daae86ad538183f0d,run-88abf65b56c9595b,qwen3:8b
S001578,Telegram,Telegram Privacy Policy,8.2. Telegram’s Group Companies,NONE,Not Applicable,NONE,Not Addressed,0.0,"General descriptive, definitional or navigational text; no operational mechanism matching any taxonomy requirement.",NEW_SUCCESS,False,9c40d5a7a71efac0519084f77498c0f94eaaca0dda868efb2bf9b87df3fbc086,run-88abf65b56c9595b,qwen3:8b
S001216,Snapchat,Snap_Privacy Policy,"In some cases we need to comply with legal requirements to store your data which stops us from deleting your information. For example, if we receive a notice from a court asking us to keep a copy of your content. Other reasons we may keep a copy of your data are if we get reports of abuse or other Terms or policy violations, or if your account, content created by you, or content created with other Snapchatters is flagged by others or our systems for abuse or other Terms or policy violations. Finally, we may also keep certain information in backup for a limited period of time or as required by law.",DPDP_ACT-0029,Data Retention & Erasure,DPDP Act 2023,Partially Compliant,0.5,"Deletion or removal option available to the user, or retention exception for legal/business need; qualified and without a statutory timeline.",NEW_SUCCESS,False,782bd257e26326b1416d02a33f292feb7564a84e0991cae00da2b4fd44e2f705,run-c6bf936e43df-5d0fde37,qwen3:8b
S001795,WhatsApp,WhatsApp Business App Privacy Policy,"In addition to the safety, security and integrity purposes described in the WhatsApp Privacy Policy, we also use the information we have to maintain safety, security and integrity on our WhatsApp Business",NONE,Not Applicable,NONE,Not Addressed,0.0,Describes purposes of use of data; no actionable compliance mechanism mapped to a taxonomy requirement.,NEW_SUCCESS,False,cf395e3afd3d8bd94fcfdb613094887dc7cf72874a7b4c579f8d324a21e567ae,run-c6bf936e43df-5d0fde37,qwen3:8b
S001566,Telegram,Telegram Privacy Policy,"Your usage of the Bot and Mini App features is governed by the Terms of Service for Bots and the Terms of Services for Mini Apps, respectively.",NONE,Not Applicable,NONE,Not Addressed,0.0,"Commercial/contractual term (liability, disputes, billing, licensing, service terms); no DPDP data-protection obligation or mechanism.",NEW_SUCCESS,False,238b3ff7b55086127487d24bcbcb85743a09de31c3271f04e694fd091cf866aa,run-88abf65b56c9595b,qwen3:8b
S002658,Youtube,YoutubePrivacyPolicy,"We adhere to Google's privacy principles, which means that we build products that are private by design and are thoughtful about the data we use, how we use it and how we protect it. Any data that we collect to customise our services for users, including personalised recommendations, search results that help them more easily discover creators that they love, content that meets their needs and serving relevant ads are all controlled by a user within their privacy settings.",DPDP_ACT-0025,Security Safeguards,DPDP Act 2023,Partially Compliant,0.5,"Describes advertising, cookies or personalisation practice; no consent-withdrawal, rights or safeguard mechanism stated.",NEW_SUCCESS,False,001ca76b3d58d7bb142c83b9088ab328f67652c5c578e46fe990a85e7d7d27ee,run-88abf65b56c9595b,qwen3:8b
S002058,WhatsApp,WhatsApp India Payments Privacy Policy,"WhatsApp account, your bank account will be deregistered from your BHIM UPI ID automatically.",NONE,Not Applicable,NONE,Not Addressed,0.0,"General descriptive, definitional or navigational text; no operational mechanism matching any taxonomy requirement.",NEW_SUCCESS,False,30201202854a8346d8f7d32325aade1f16a21745d0f50adc245c4e8f716edabc,run-c6bf936e43df-5d0fde37,qwen3:8b
S001840,WhatsApp,WhatsApp Business Data Processing Terms,WhatsApp has a right or obligation to use the Personal Information independent of the Business Terms.,NONE,Not Applicable,NONE,Not Addressed,0.0,"General descriptive, definitional or navigational text; no operational mechanism matching any taxonomy requirement.",NEW_SUCCESS,False,a5aaffecf9cc64cccbe9bf2779d3aabacf8299418c121316e56baba495db9e83,run-c6bf936e43df-5d0fde37,qwen3:8b
S002324,WhatsApp,WhatsAppPrivacyPolicy,"The types of information we receive and collect depend on how you use our Services. We require certain information to deliver our Services and without this we will not be able to provide our Services to you. For example, you must provide your mobile phone number to create an account to use our Services.",NONE,Not Applicable,NONE,Not Addressed,0.0,"Describes what data is collected; no user right, retention limit, safeguard or grievance mechanism stated.",NEW_SUCCESS,False,bbdccac035fb699f896bb5f5011a2c7b7d986632ee4b97b393b0da221b1a8d51,run-c6bf936e43df-5d0fde37,qwen3:8b
S002427,Youtube,Google Ads policies,"Ads should respect user preferences and comply with legal regulations. We restrict certain kinds of sexual content in ads and destinations, which will only show in limited scenarios based on user search queries, user age and local laws where the ad is being served. Ads must not target minors.",DPDP_RUL-0227,Children/Vulnerable Groups,DPDP Rules 2025,Partially Compliant,0.5,Content/community-conduct or advertising-policy rule; not a data-protection obligation under the DPDP taxonomy.,NEW_SUCCESS,False,0bbf4b48559fb8ba02240f9d1e55a47078a44667265eb0b6fc9214eb6fcac154,run-88abf65b56c9595b,qwen3:8b
S001550,Telegram,Telegram Privacy Policy,By using an inline bot.,NONE,Not Applicable,NONE,Not Addressed,0.0,"Describes data sharing with third parties/affiliates in general terms; no consent, safeguard or transfer control matched to a taxonomy requirement.",NEW_SUCCESS,False,26f6712cb00fbba76d2f7f9dcb310eb0381dfec6eedf234e1c07d2581dbaeba0,run-88abf65b56c9595b,qwen3:8b
S002254,WhatsApp,WhatsappBusinessTermsOfService,"• You must ensure – through technical and organizational measures – that messages are gated per legal age, geographic requirements, and regulatory requirements.",DPDP_RUL-0227,Children/Vulnerable Groups,DPDP Rules 2025,Compliant,1.0,"Concrete restriction keeping child-unsuitable services/ads from minors (age gating, no personalised ads under 18).",NEW_SUCCESS,False,b744da8cdf518184117db7afc58c7fefa823a916e48744e6d7257134674c5afe,run-c6bf936e43df-5d0fde37,qwen3:8b
S000316,Google,Google Privacy Policy,"We’ll ask for your consent before using your information for a purpose that isn’t covered in this Privacy Policy.This section describes key controls for managing your privacy across our services. You can also visit the Privacy Checkup, which provides an opportunity to review and adjust important privacy settings. In addition to these tools, we also offer specific privacy settings in our products — you can learn more in our Product Privacy Guide.",NONE,Not Applicable,NONE,Not Addressed,0.0,"General descriptive, definitional or navigational text; no operational mechanism matching any taxonomy requirement.",NEW_SUCCESS,False,9b0a8f7f8b1ea2f4ba57a4bf951b58eff702b56e55fdd4981cfa1f179ade2efa,run-c6bf936e43df-5d0fde37,qwen3:8b
S001803,WhatsApp,WhatsApp Business App Privacy Policy,"In the event that we are involved in a merger, acquisition, restructuring, bankruptcy, or sale of all or some of our assets, we will share your information with the successor entities or new owners in connection with the transaction in accordance with applicable data protection laws.",NONE,Not Applicable,NONE,Not Addressed,0.0,"Describes data sharing with third parties/affiliates in general terms; no consent, safeguard or transfer control matched to a taxonomy requirement.",NEW_SUCCESS,False,6cc412ca855d0ea75ed5055c43136c562ea5d12da9a2a33b0801fd821ca62811,run-c6bf936e43df-5d0fde37,qwen3:8b
S002044,WhatsApp,WhatsApp India Payments Privacy Policy,"WhatsApp messages sent with Payments are delivered once the transaction has processed and are treated as described in the WhatsApp Privacy Policy.  Bill Payments Information.When you decide to use Bill Payments, you may be required to provide your name, phone number, email address, date of birth, or government ID number, depending on the specific bill payment category. This information is required to fetch your bill and process the payment.",NONE,Not Applicable,NONE,Not Addressed,0.0,Describes purposes of use of data; no actionable compliance mechanism mapped to a taxonomy requirement.,NEW_SUCCESS,False,d7d1dece9177c742a1680de07d1e18bd4c8d65eb627d70caf1780e2de73db968,run-c6bf936e43df-5d0fde37,qwen3:8b
S000318,Google,Google Privacy Policy,"We also built a place for you to review and control information saved in your Google Account. Your Google Account includes: Across many of our services, you can adjust history and personalization controls to make choices about whether we save some types of data in your Google Account and how we use it to personalize your experience. For example, if you have YouTube History turned on, the videos you watch and the things you search for are saved in your account so you can get better recommendations and remember where you left off. Saving activity from services like Search, Maps, and Shopping to your Search Services History lets you do things like resume an AI Mode interaction where you left off or see past searches as Autocomplete suggestions. When Personalized Recommendations in Search services is on, these services can provide results, curated feeds, and AI responses that are personalized to you based on info in your Google Account, including Search Services History. And if you have Web & App Activity turned on, your activity from some other Google services are saved in your account so you can get more personalized experiences. Web & App Activity also has a subsetting that lets you control whether some information about your activity on other sites, apps, and devices that use Google services is saved with Web & App Activity in your Google Account and used to improve Google services.",DPDP_RUL-0208,Consent & Notice,DPDP Rules 2025,Partially Compliant,0.5,"Settings/controls let the user give, manage or review permissions or ad consent; partial coverage of a consent-management function.",NEW_SUCCESS,False,5aa7c679b1d2921a75b2185c77b42293224517d2cb7ac6b5fc90fa2b6ec50976,run-c6bf936e43df-5d0fde37,qwen3:8b
S001813,WhatsApp,WhatsApp Business Data Processing Terms,Other capitalized terms used but not defined herein have the meanings set forth in the Business Terms or are otherwise defined contextually within these Data Processing Terms.,NONE,Not Applicable,NONE,Not Addressed,0.0,"General descriptive, definitional or navigational text; no operational mechanism matching any taxonomy requirement.",NEW_SUCCESS,False,9c303b20eacf8fce6925e5be8dac4dd67c268f4594f3367f34dcf67a4744d513,run-c6bf936e43df-5d0fde37,qwen3:8b
S002320,WhatsApp,WhatsAppPrivacyPolicy,"Key Updates Respect for your privacy is coded into our DNA. Since we started WhatsApp, we’ve built our services with a set of strong privacy principles in mind. In our updated Terms of Service and Privacy Policy you’ll find:  Additional Information On How We Handle Your Data. Our updated Terms and Privacy Policy provide more information on how we process your data, and our commitment to privacy. For example, we’ve added more information about more recent product features and functionalities, how we process your data for safety, security, and integrity, and added more direct links to user settings, Help Center articles and how you can manage your information.  Better Communication With Businesses. Many businesses rely on WhatsApp to communicate with their customers and clients. We work with businesses that use Meta or third parties to help store and better manage their communications with you on WhatsApp.",NONE,Not Applicable,NONE,Not Addressed,0.0,"Commercial/contractual term (liability, disputes, billing, licensing, service terms); no DPDP data-protection obligation or mechanism.",NEW_SUCCESS,False,a59182388df826afb31169b9085fe120c416795f79d7382fd695a79a2a53adce,run-c6bf936e43df-5d0fde37,qwen3:8b
S001059,Snapchat,Snap Group Limited Terms of Service,In summary: Most content on the Services is owned or controlled by others and we don't have any control or responsibility over that content. We have content moderation policies and processes in place that apply to content on the Services. You may be able to appeal our decisions or make a complaint if you believe we have failed to comply with these Terms or laws that may apply to you depending on where you live.,NONE,Not Applicable,NONE,Not Addressed,0.0,"General descriptive, definitional or navigational text; no operational mechanism matching any taxonomy requirement.",NEW_SUCCESS,False,aeb0cb53fe2c6dba77000482935edd8a4414ce6722bbc5aa63982e9b8f38cfa2,run-c6bf936e43df-5d0fde37,qwen3:8b
S000813,Meta,MetaPrivacyPolicy,"How long we need to retain the information for to comply with certain legal obligations. . If we need it for other legitimate purposes, such as to prevent harm; investigate possible violations of our terms or policies; promote safety, security and integrity; or protect ourselves, including our rights, property or products",DPDP_RUL-0184,Data Retention & Erasure,DPDP Rules 2025,Partially Compliant,0.5,"Retention limited to 'as long as necessary' / defined period or auto-deletion described, but periods are generic or partly unspecified.",NEW_SUCCESS,False,1b5f2f41d1a105aff58f26e08946b8363632c18007bff95bb553d7313ee280c3,run-88abf65b56c9595b,qwen3:8b
S001806,WhatsApp,WhatsApp Business App Privacy Policy,Review the WhatsApp Privacy Policy to understand how our global operations impact how your information is processed.,NONE,Not Applicable,NONE,Not Addressed,0.0,"General descriptive, definitional or navigational text; no operational mechanism matching any taxonomy requirement.",NEW_SUCCESS,False,b375c8a06ec962dc25a01f91d5afb74b1ec1f301160838e4aab05c8fed8a7fa2,run-c6bf936e43df-5d0fde37,qwen3:8b
S001873,WhatsApp,WhatsApp Business Data Security Terms,conflict. WhatsApp may update these Data Security Terms from time to time to reflect evolving security standards.,NONE,Not Applicable,NONE,Not Addressed,0.0,"General descriptive, definitional or navigational text; no operational mechanism matching any taxonomy requirement.",NEW_SUCCESS,False,36a72159130929b7187a985d1a587c9ae62bebb3af351dfd68f84d8e0f9017fb,run-c6bf936e43df-5d0fde37,qwen3:8b
S001226,Snapchat,Snap_Privacy Policy,"We may update our Privacy Policy from time to time, and will give you a heads up if we make any changes we think you should know about.",NONE,Not Applicable,NONE,Not Addressed,0.0,"Describes advertising, cookies or personalisation practice; no consent-withdrawal, rights or safeguard mechanism stated.",NEW_SUCCESS,False,57d581111fd426452fb0de1129a0187cfda916f6f3b9977e95666e8b03480441,run-c6bf936e43df-5d0fde37,qwen3:8b
S000775,Meta,MetaPrivacyPolicy,"Marketplace than if you ask to write a joke for you. When you use our products, we collect some information about you .",NONE,Not Applicable,NONE,Not Addressed,0.0,"Describes what data is collected; no user right, retention limit, safeguard or grievance mechanism stated.",NEW_SUCCESS,False,32e8110cdddf736b0d5ba518cb0913675440d3d28793f3a27320c124fed5aec6,run-88abf65b56c9595b,qwen3:8b
S000296,Google,Google Privacy Policy,"We collect location information when you use our services, which helps us offer features like driving directions, search results for things near you, and ads based on your location.",NONE,Not Applicable,NONE,Not Addressed,0.0,"Describes advertising, cookies or personalisation practice; no consent-withdrawal, rights or safeguard mechanism stated.",NEW_SUCCESS,False,f08abda8be6461e9b1fcbdfb7eb62126d9b8f8e1c185abd0641431a2e443d877,run-c6bf936e43df-5d0fde37,qwen3:8b
S002425,Youtube,Google Ads policies,"Our child and teen ads policies, along with other Google Ads policies (including but not limited to those for alcohol, gambling and high fat, sugar and salt food and beverages), work together to provide strong protections that include: We require all our advertisers to follow local legal requirements when using our products, including any regulations on advertising to users under age 18, as well as all Google Ads policies. Learn more about our Ad protections for children and teens and relevant ad policies, where they apply, and what they mean for advertisers.",DPDP_RUL-0227,Children/Vulnerable Groups,DPDP Rules 2025,Partially Compliant,0.5,Enforces age-restricted advertising policies and safeguards for minors under 18.,NEW_SUCCESS,False,dc5bdb943807d4eeebbe44e343f25c81843235294824bf98bf0b0f66630dbad7,run-88abf65b56c9595b,qwen3:8b
S002051,WhatsApp,WhatsApp India Payments Privacy Policy,"In addition to what is described in the WhatsApp Privacy Policy, you share your information when you use WhatsApp Pay, and we share your information in the following ways:  Payment Senders And Recipients. You and people with whom you send or receive Payments may store or reshare your BHIM UPI ID, name, or transaction information with others on or off Payments.  Service Providers. In conformance with our relationship with PSP banks, WhatsApp India works with service providers, including WhatsApp Inc. and other Facebook Companies, to provide WhatsApp Pay to you. We may share information collected under this",NONE,Not Applicable,NONE,Not Addressed,0.0,Describes purposes of use of data; no actionable compliance mechanism mapped to a taxonomy requirement.,NEW_SUCCESS,False,3bf2d1b436e63de7e8a15fba8b564cb3d7560ea22c95380ff1750d7d5a631085,run-c6bf936e43df-5d0fde37,qwen3:8b
S002386,Youtube,Child safety policy,"Make sure that your titles, descriptions and tags match the audience that you're targeting. In addition, ensure that your audience selection accurately represents the audience that your content is suitable for. You can also age restrict your content upon upload if it's intended for mature audiences.",NONE,Not Applicable,NONE,Not Addressed,0.0,"General descriptive, definitional or navigational text; no operational mechanism matching any taxonomy requirement.",NEW_SUCCESS,False,422c7dbd7343fb451b4d1a52c6b95ce545bc44bfb5bc7eeca232798c4e47220c,run-88abf65b56c9595b,qwen3:8b
S002362,WhatsApp,WhatsAppPrivacyPolicy,"We store information for as long as necessary for the purposes identified in this Privacy Policy, including to provide our Services or for other legitimate purposes, such as complying with legal obligations, enforcing and preventing violations of our Terms, or protecting or defending our rights,",DPDP_RUL-0184,Data Retention & Erasure,DPDP Rules 2025,Partially Compliant,0.5,"Retention limited to 'as long as necessary' / defined period or auto-deletion described, but periods are generic or partly unspecified.",NEW_SUCCESS,False,42a17e68ef5843f645348ba5a38d3b455e1230cdbab9bc37177d67d86f9252c1,run-c6bf936e43df-5d0fde37,qwen3:8b
S002347,WhatsApp,WhatsAppPrivacyPolicy,"Services, such as Catalogs for businesses on WhatsApp through which you can browse products and services and place orders.",NONE,Not Applicable,NONE,Not Addressed,0.0,"General descriptive, definitional or navigational text; no operational mechanism matching any taxonomy requirement.",NEW_SUCCESS,False,2fbb168b0c2dfd2f5db6731550547b78b4f70894994659290927a4e0cb9dd7ef,run-c6bf936e43df-5d0fde37,qwen3:8b
S001595,Telegram,Telegram Privacy Policy,"By default, if you stop using Telegram and do not come online for at least 18 months, your account will be deleted along with all messages, media, contacts and every other piece of data you store in the Telegram cloud. You can go to Settings to change the exact period after which your inactive account will self-destruct.",DPDP_RUL-0184,Data Retention & Erasure,DPDP Rules 2025,Compliant,1.0,States a concrete post-termination or inactivity period after which data is deleted automatically.,NEW_SUCCESS,False,07335b9b11a630639201f4b53164fee93e99e0d11946a1fe0a8e478441b3800a,run-88abf65b56c9595b,qwen3:8b
S001193,Snapchat,Snap_Privacy Policy,"Third-Party Apps. Sometimes we provide features that allow you to connect with third-party apps. If you decide to connect your Snapchat account with a third-party app, we will share any additional information associated with your account that you direct us to for the purpose of fulfilling the connection request.",NONE,Not Applicable,NONE,Not Addressed,0.0,"Describes data sharing with third parties/affiliates in general terms; no consent, safeguard or transfer control matched to a taxonomy requirement.",NEW_SUCCESS,False,0948e2a86a916c15387b74dd0f5c2f340da1bc0372db74627a9703cc617c0109,run-c6bf936e43df-5d0fde37,qwen3:8b
S001575,Telegram,Telegram Privacy Policy,"You can clear all payment information associated with your account at any time by going to Telegram Settings > Privacy & Security > Data Settings and selecting ‘Clear Payment & Shipping Info’. If you choose to remove your payment information, we will delete your stored shipping info and payment tokens from all providers and ask the payment providers to remove your credit card information that they store.",DPDP_ACT-0029,Data Retention & Erasure,DPDP Act 2023,Compliant,1.0,"Concrete deletion mechanism (delete data/account or clear stored data) that the user can trigger directly, with defined effect.",NEW_SUCCESS,False,9df916d18542f2898fca073d90a9840e8c23781b380729480b642f285895f278,run-88abf65b56c9595b,qwen3:8b
S002657,Youtube,YoutubePrivacyPolicy,"At YouTube and Google, we understand that when people use our services, they are trusting us with their information.",NONE,Not Applicable,NONE,Not Addressed,0.0,"General descriptive, definitional or navigational text; no operational mechanism matching any taxonomy requirement.",NEW_SUCCESS,False,b3b3f344fd50c22a988b0f7027dabf7be56c4d9345d9595849478faef0d6f085,run-88abf65b56c9595b,qwen3:8b
S001904,WhatsApp,WhatsApp Business Terms of Service,Company may only allow authorized individuals acting on behalf of Company to access and use its WhatsApp business account for purposes authorized under these Business Terms. Company is responsible for all activities occurring under its account. Company must: (a) maintain the security of its account credentials; (b) keep its devices and WhatsApp account safe and secure; (c) prevent unauthorized use of or access to our Business Services; and (d) immediately notify us if Company discovers or suspects any security breaches related to our Business,DPDP_RUL-0172,Security Safeguards,DPDP Rules 2025,Partially Compliant,0.5,Access control or credential/network safeguard described in general terms.,NEW_SUCCESS,False,b020f6310e8c9a13055d08873bb7762f2e1af126e725ef0f6a4cec8904e4de1c,run-c6bf936e43df-5d0fde37,qwen3:8b
S000855,Meta,MetaPrivacyPolicy,"Verify accounts and activity Find and address violations of our terms or policies. In some cases, the decisions that we make about violations are reviewed by the",NONE,Not Applicable,NONE,Not Addressed,0.0,Content/community-conduct or advertising-policy rule; not a data-protection obligation under the DPDP taxonomy.,NEW_SUCCESS,False,240f5d3e8a26e71eeee73f366da37e3ebe7d0ecbacc464ecf946a1592b91f5be,run-88abf65b56c9595b,qwen3:8b
S001604,Telegram,Telegram Privacy Policy,"Updated 1.4, 9.2 and 12 to update the details of Telegram’s EEA representative for GDPR matters.",NONE,Not Applicable,NONE,Not Addressed,0.0,"General descriptive, definitional or navigational text; no operational mechanism matching any taxonomy requirement.",NEW_SUCCESS,False,483b3df2070664da6d0e22f68aea3bd453b2dbb21f4e37667881dc9e54028cb2,run-88abf65b56c9595b,qwen3:8b
S002661,Youtube,YoutubePrivacyPolicy,"Your data in YouTube is a feature that makes it easier for users to understand and control what data is saved, and how it is used on the platform and across Google. It gives them quick access to YouTube privacy controls, such as allowing signed-in users to clear their search history, remove individual search entries from search suggestions or pause search history using the YouTube history settings. This allows users to optimise their experience on the platform and decide what personal information is used to influence recommendations.",DPDP_ACT-0040,Data Principal Rights,DPDP Act 2023,Partially Compliant,0.5,"Self-service way to view, manage or update personal data; access/correction is offered but without a stated request procedure or timeline.",NEW_SUCCESS,False,0907abb140396117813197b984b9c6ea30eeffd56bdd14fbb5f7a09b5a17fa2b,run-88abf65b56c9595b,qwen3:8b
S000770,Meta,MetaPrivacyPolicy,"We at Meta want you to understand what information we collect, and how we use and share it. That's why we encourage you to read our Privacy Policy. This helps you use in the way that's right for you.",NONE,Not Applicable,NONE,Not Addressed,0.0,"Describes what data is collected; no user right, retention limit, safeguard or grievance mechanism stated.",NEW_SUCCESS,False,1721be2326d9892fa0c8c6603ea1bfaceebdb67f576c389e6311fc13bd7d2d0d,run-88abf65b56c9595b,qwen3:8b
S001863,WhatsApp,WhatsApp Business Data Security Terms,a. Network Security,NONE,Not Applicable,NONE,Not Addressed,0.0,"General descriptive, definitional or navigational text; no operational mechanism matching any taxonomy requirement.",NEW_SUCCESS,False,0d305076e1f692de78dc773670e7053a46fb8f02f14449b90ea760817c871400,run-c6bf936e43df-5d0fde37,qwen3:8b
S002318,WhatsApp,WhatsAppPrivacyPolicy,"WhatsApp Legal Info Our Privacy Policy (""Privacy Policy"") helps explain our data practices, including the information we process to provide our Services.",NONE,Not Applicable,NONE,Not Addressed,0.0,Describes purposes of use of data; no actionable compliance mechanism mapped to a taxonomy requirement.,NEW_SUCCESS,False,26e42be21a6271ea6b7ff35f5b9a41fb0dde2acd5d72ae9e105d99cc62a16b54,run-c6bf936e43df-5d0fde37,qwen3:8b
S001159,Snapchat,Snap_Privacy Policy,"Of course, you’ll also provide us with information you send through or save within our Services, including content and information about that content, and content you share and generate with our AI Features (content, or “Inputs,” including text, images, video, audio, precise location, and engagement, including content you share with My AI, used to generate content and responses, or “Outputs,”). We consider some of this information to be private content and communications (like Snaps and Chats with your friends, voice and video calls, and content that is saved in My Eyes Only). Or content you share with a particular audience like private & friend stories (My Story set to Friends, Private Stories). On the other end of the spectrum, some of the information you send through or save within our Services may be public content that is accessible to everyone (such as Public Story content, including My Story set to Everyone, Shared Stories, and Community Stories, Spotlight or Snap Map submissions, and Public Profile information). Keep in mind that Snapchatters who view your Snaps, Chats, and any other content, can always screenshot that content, save it, or copy it outside the Snapchat app. So please don’t send messages or share content that you wouldn’t want someone to save or share.",NONE,Not Applicable,NONE,Not Addressed,0.0,"Describes data sharing with third parties/affiliates in general terms; no consent, safeguard or transfer control matched to a taxonomy requirement.",NEW_SUCCESS,False,f40c498b497b8a81bf863d2cc2a4b873cc77590dd1d74d80b9aff8d22b20b797,run-c6bf936e43df-5d0fde37,qwen3:8b
S001542,Telegram,Telegram Privacy Policy,Non-intrusive advertising models help us sustain our Services. The data relied upon to serve ads is processed on the basis of Telegram’s legitimate interest of delivering effective and innovative Services to you. This data cannot be disclosed to any third parties – advertisers included.,NONE,Not Applicable,NONE,Not Addressed,0.0,"Describes advertising, cookies or personalisation practice; no consent-withdrawal, rights or safeguard mechanism stated.",NEW_SUCCESS,False,4538f99f967f70078e4f6bb022325656038092ba8368a515caac27ad8bb0a59e,run-88abf65b56c9595b,qwen3:8b
S001586,Telegram,Telegram Privacy Policy,"If you wish to exercise any of these rights, kindly use the contact details in section 12 below.",DPDP_RUL-0223,Data Principal Rights,DPDP Rules 2025,Compliant,1.0,"Clear, direct pointer (Help Centre/settings or named contact) through which the user exercises data rights.",NEW_SUCCESS,False,3dead28e5ed7d032ae94e643ee917b0dd91d38e161087cc19045ce26771c231f,run-88abf65b56c9595b,qwen3:8b
S001618,Telegram,Telegram Privacy Policy,Source Code at: https://telegram.org/apps#source-code.,NONE,Not Applicable,NONE,Not Addressed,0.0,"General descriptive, definitional or navigational text; no operational mechanism matching any taxonomy requirement.",NEW_SUCCESS,False,599d2dbab829278fc3e5346876a0ee68bf9d3dd1e128c8f196c5cbd8195f6876,run-88abf65b56c9595b,qwen3:8b
S000285,Google,Google Privacy Policy,"Google also collects and uses data that is not associated with your account. For example, when you’re not signed in to a Google Account, we store the information we collect with unique identifiers tied to the browser, application, or device you’re using. This allows us to do things like maintain your preferences across browsing sessions, such as your preferred language or whether to show you more relevant search results or ads based on your activity.",NONE,Not Applicable,NONE,Not Addressed,0.0,"Describes advertising, cookies or personalisation practice; no consent-withdrawal, rights or safeguard mechanism stated.",NEW_SUCCESS,False,3e03a1ffdf426488550ea9393337e2e86b12f5986bf0b929c6ad890f7502704a,run-c6bf936e43df-5d0fde37,qwen3:8b
S001581,Telegram,Telegram Privacy Policy,"Users can choose to translate a specific text message into a different language by tapping “Translate” in the action menu of the message (to enable this option, a user should first turn on Translation services in the Settings > Languages section of the Telegram application). Telegram Premium users can also optionally enable automatic live translation on any chat, group or channel.",NONE,Not Applicable,NONE,Not Addressed,0.0,"General descriptive, definitional or navigational text; no operational mechanism matching any taxonomy requirement.",NEW_SUCCESS,False,73b9d7d4e23e59e1ce8d5510ac00d21355017f16c75edc9b1f6a3d68dca33ec4,run-88abf65b56c9595b,qwen3:8b
S001556,Telegram,Telegram Privacy Policy,By opening a chat with a Telegram Business account controlled by a chatbot (see section 6.5 below).,NONE,Not Applicable,NONE,Not Addressed,0.0,"Describes data sharing with third parties/affiliates in general terms; no consent, safeguard or transfer control matched to a taxonomy requirement.",NEW_SUCCESS,False,bdff450ab3028396b4c68ae9aaa5400e8bcd43f0f6bfcebcc59a6a3d550a5d7d,run-88abf65b56c9595b,qwen3:8b
S001168,Snapchat,Snap_Privacy Policy,"Keep Things Up & Running (i.e., operate, deliver, and maintain our Services)",NONE,Not Applicable,NONE,Not Addressed,0.0,"General descriptive, definitional or navigational text; no operational mechanism matching any taxonomy requirement.",NEW_SUCCESS,False,a4f4fb37b1da33fddde7e53d3048c86c679a5fe905f2024594dacf32a8bcefc3,run-c6bf936e43df-5d0fde37,qwen3:8b
S000347,Google,Google Privacy Policy,"Enforce applicable Terms of Service, including investigation of potential violations.",NONE,Not Applicable,NONE,Not Addressed,0.0,"Commercial/contractual term (liability, disputes, billing, licensing, service terms); no DPDP data-protection obligation or mechanism.",NEW_SUCCESS,False,babac4a271a339e525acb2f36e7fb558075c27772202c5c9e1cc2c7bed048bb3,run-c6bf936e43df-5d0fde37,qwen3:8b
S001885,WhatsApp,WhatsApp Business Data Transfer Addendum,"d. “Processor to Processor SCCs” means, as applicable to the transfer: (a) module 3 (processor to processor) of the standard contractual clauses or (b) such other (processor to processor) standard contractual clauses for the transfer of personal data to third countries that are recognised under the applicable data protection laws in the EEA or Switzerland (in either case with any optional clauses as chosen by WhatsApp Ireland).",NONE,Not Applicable,NONE,Not Addressed,0.0,"General descriptive, definitional or navigational text; no operational mechanism matching any taxonomy requirement.",NEW_SUCCESS,False,d6f1bd9cd92187cfb228828d6b8effa0ddbf5b3190829da0ccce1dc454684eaf,run-c6bf936e43df-5d0fde37,qwen3:8b
S000885,Meta,MetaPrivacyPolicy,"The type of third party and categories of information shared depend on the circumstances of what you ask us to share. For example: We share your email address (or other contact information) or other information you might choose when you direct us to share it with an advertiser so they can contact you with additional information about a promoted product, and",NONE,Not Applicable,NONE,Not Addressed,0.0,"Describes advertising, cookies or personalisation practice; no consent-withdrawal, rights or safeguard mechanism stated.",NEW_SUCCESS,False,c1131420f2bb3d7bd57f61f7ec475d6d9df024fa4d657f408b06894fed2375ed,run-88abf65b56c9595b,qwen3:8b
S000362,Google,Google Privacy Policy,"We keep some data until you delete your Google Account, such as information about how often you use our services.",DPDP_ACT-0029,Data Retention & Erasure,DPDP Act 2023,Partially Compliant,0.5,Specifies retention window bounded by account deletion action.,NEW_SUCCESS,False,53d658effd592409b7f7e645c00ceb31e3b439fa5f9289e3916a92f28960b9ed,run-c6bf936e43df-5d0fde37,qwen3:8b
S001585,Telegram,Telegram Privacy Policy,"Under applicable data protection legislation, in certain circumstances, you have rights concerning your personal data. You have a right to: (1) request a copy of all your personal data that we store and to transmit that copy to another data controller; (2) delete (see section 10 below) or amend your personal data; (3) restrict, or object to, the processing of your personal data; (4) correct any inaccurate or incomplete personal data we hold on you; and (5) lodge a complaint with national data protection authorities regarding our processing of your personal data.",DPDP_ACT-0040,Data Principal Rights,DPDP Act 2023,Compliant,1.0,"Explicit self-service tool to review/access, update or export a copy of the user's data; concrete access mechanism.",NEW_SUCCESS,False,d3a85ff94fd0d8646dbb64c05b19cd7d4a0de7f78380ac4e29464347da1b7439,run-88abf65b56c9595b,qwen3:8b
S001839,WhatsApp,WhatsApp Business Data Processing Terms,"k. Upon termination of the Business Terms, WhatsApp shall cease Processing Personal Information and shall delete it within the time period set forth in the Business Terms unless applicable law requires further storage or to the extent that",DPDP_RUL-0184,Data Retention & Erasure,DPDP Rules 2025,Compliant,1.0,States a concrete post-termination or inactivity period after which data is deleted automatically.,NEW_SUCCESS,False,1c961560b94bf22bfe733c395b4f65def0d87b4e4d0b666f5d818a3c5162dee4,run-c6bf936e43df-5d0fde37,qwen3:8b
S001897,WhatsApp,WhatsApp Business Terms of Service,"services, surveys, events, news, and promotions offered by WhatsApp or the other Meta Companies where permitted by applicable law. If you do not wish for WhatsApp to communicate with you regarding (c) above, you may opt-out of future communications by writing to WhatsApp as specified in the Notices section below, or by clicking the “unsubscribe” link in any such communication. Devices and Software. You must provide certain devices, software, and data connections, which we do not otherwise supply, to use our Business Services. You agree to manually or automatically download and install updates to our Business Services. Fees and Taxes. You are responsible for all carrier data plans, Internet fees, and other fees and taxes associated with your use of our Business Services. Linking to Facebook. To use all or certain features of our Business",DPDP_ACT-0016,Consent & Notice,DPDP Act 2023,Partially Compliant,0.5,Opt-out / stop-processing option offered for a specific data flow or communication.,NEW_SUCCESS,False,a7d8c97f778cf4218d40f3bb2ad5a7262882de163fe440c32c6816d0a716dded,run-c6bf936e43df-5d0fde37,qwen3:8b
S002359,WhatsApp,WhatsAppPrivacyPolicy,Learn more about the other Meta Companies and their privacy practices by reviewing their privacy policies.,NONE,Not Applicable,NONE,Not Addressed,0.0,"Describes data sharing with third parties/affiliates in general terms; no consent, safeguard or transfer control matched to a taxonomy requirement.",NEW_SUCCESS,False,72b7d9e2de23c8f785dd756324bb9ba2408619d6dc8fb34decc861c701247b3f,run-c6bf936e43df-5d0fde37,qwen3:8b
S001977,WhatsApp,WhatsApp Business Terms of Service,"Terms to anyone else without our prior written consent, and any attempt to do so is void.",NONE,Not Applicable,NONE,Not Addressed,0.0,"General descriptive, definitional or navigational text; no operational mechanism matching any taxonomy requirement.",NEW_SUCCESS,False,818bba4c7c4e5f7f03e69fd0b48e2650bebe1b3fbe8abc62aae0080d596ded37,run-c6bf936e43df-5d0fde37,qwen3:8b
S001211,Snapchat,Snap_Privacy Policy,"The information itself. For example, we store location information (IP-address based or precise, depending on your permissions) for different lengths of time based on how precise it is and which Services you use. If location information is associated with a Snap — like those saved to Memories or posted to Snap Map or Spotlight — we’ll retain that location as long as we store the Snap. Pro tip: You can see the location data we retain about you by downloading your data.",DPDP_RUL-0184,Data Retention & Erasure,DPDP Rules 2025,Partially Compliant,0.5,"Retention limited to 'as long as necessary' / defined period or auto-deletion described, but periods are generic or partly unspecified.",NEW_SUCCESS,False,fd378f7022a3396965accbabefd4f5eeefae114e690fda1eeb0a07a45a44af91,run-c6bf936e43df-5d0fde37,qwen3:8b
S002399,Youtube,Child safety policy,We may terminate your channel or account for repeated violations of the Community Guidelines or Terms of Service. We may also terminate your channel or account after a single case of severe abuse or when the channel is dedicated to a policy violation. We may prevent repeat offenders from taking policy training in the future. Learn more about channel or account terminations.,NONE,Not Applicable,NONE,Not Addressed,0.0,"Commercial/contractual term (liability, disputes, billing, licensing, service terms); no DPDP data-protection obligation or mechanism.",NEW_SUCCESS,False,bfe7e970570d538329a652cec1957936a62d1b98c4ca63bf2c9c89e53a8b1724,run-88abf65b56c9595b,qwen3:8b
S000312,Google,Google Privacy Policy,"We use information to help improve the safety and reliability of our services. This includes detecting, preventing, and responding to fraud, abuse, security risks, and technical issues that could harm Google, our users, or the public.",NONE,Not Applicable,NONE,Not Addressed,0.0,"Commercial/contractual term (liability, disputes, billing, licensing, service terms); no DPDP data-protection obligation or mechanism.",NEW_SUCCESS,False,fac8715aaa4e9fa6bdaccb4952746712c01b4a3e9bc41a0ad1f6a983b54ce041,run-c6bf936e43df-5d0fde37,qwen3:8b
S001789,WhatsApp,WhatsApp Business App Privacy Policy,"Automatically Collected Information  Usage and Log Information. We collect information about your use of the Business Functions. For example, we collect information about your business profile settings; how you use Business Functions like catalogs, labels and quick replies; purchases and transactions with your business; and metrics related to how customers interact with your business.",NONE,Not Applicable,NONE,Not Addressed,0.0,"Describes what data is collected; no user right, retention limit, safeguard or grievance mechanism stated.",NEW_SUCCESS,False,f5f5dad573a9fe44098c09df0399f3e3e3badf306789c3defc563fe5eac4e790,run-c6bf936e43df-5d0fde37,qwen3:8b
S002396,Youtube,Child safety policy,"If your content violates this policy, we will remove the content and send you an email to let you know. If we can't verify that a link that you post is safe, we may remove the link. Note that violative URLs posted within the video itself or in the video's metadata may result in the video being removed.",NONE,Not Applicable,NONE,Not Addressed,0.0,Content/community-conduct or advertising-policy rule; not a data-protection obligation under the DPDP taxonomy.,NEW_SUCCESS,False,27eb4cf4db827c47532cc73edd3b23d51830b1b74327197053a3a225550c0117,run-88abf65b56c9595b,qwen3:8b
S001579,Telegram,Telegram Privacy Policy,"To provide, improve and support our Services, we may share your personal data with: (1) our parent company, Telegram Group Inc, located in the British Virgin Islands, (2) Telegraph Inc., a group member also located in the BVI; and (3) Telegram FZ-LLC, a group member located in Dubai. We will implement appropriate safeguards to protect the security and integrity of that personal data. This will take the form of standard contract clauses approved by the European Commission in an agreement between us and our relevant group companies. If you would like more information regarding these clauses, please contact our EEA representative using the details in section 1.4 above.",DPDP_RUL-0202,Cross-Border Transfer,DPDP Rules 2025,Partially Compliant,0.5,"Discloses cross-border transfer/processing and states safeguards (SCCs, same protections, legal frameworks) but not Indian Central-Government requirements.",NEW_SUCCESS,False,7f9614e0d5c648bc00b5ada7512fc95465feaa505d55511a980072352cd25d73,run-88abf65b56c9595b,qwen3:8b
S000324,Google,Google Privacy Policy,"My Activity allows you to review and control data that’s saved to your Google Account when you’re signed in and using Google services, like searches you’ve done or your visits to Google Play. You can browse by date and by topic, and delete part or all of your activity.",DPDP_ACT-0040,Data Principal Rights,DPDP Act 2023,Compliant,1.0,"Explicit self-service tool to review/access, update or export a copy of the user's data; concrete access mechanism.",NEW_SUCCESS,False,395bf892b5c477ce980e3d582181e71e8680ce1ef8d5ce6e258f2dc46e474cc0,run-c6bf936e43df-5d0fde37,qwen3:8b
S000360,Google,Google Privacy Policy,"Some data you can delete whenever you like, such as your personal info or the content you create or upload, like photos and documents. You can also delete activity information saved in your account, or choose to have it deleted automatically after a set period of time. We’ll keep this data in your Google Account until you remove it or choose to have it removed.",DPDP_ACT-0029,Data Retention & Erasure,DPDP Act 2023,Compliant,1.0,"Concrete deletion mechanism (delete data/account or clear stored data) that the user can trigger directly, with defined effect.",NEW_SUCCESS,False,1a41070b57b7a5814dd605eb5100082de1e66c299b9f1c96b2fcc88a9536458d,run-c6bf936e43df-5d0fde37,qwen3:8b
S001462,Snapchat,SnapchatCommunity Guidelines,"While we prohibit all content or behavior that violates our Community Guidelines, we are especially concerned with violations that pose a risk of severe harm to Snapchatters. Severe harms include child sexual exploitation, terrorism, and violent extremism, as well as other illegal content and conduct. When we identify accounts engaging in severe harm on Snapchat, we disable those accounts. Guidance about how we reduce the time that this content is visible on Snapchat and how we take action against it can be found in the Severe Harm explainer and relevant explainers linked throughout these guidelines.",NONE,Not Applicable,NONE,Not Addressed,0.0,Content/community-conduct or advertising-policy rule; not a data-protection obligation under the DPDP taxonomy.,NEW_SUCCESS,False,ca9fe9a7c83cac8467e9cc890b69029051f3499b6f080302d3fa11d875611f7c,run-c6bf936e43df-5d0fde37,qwen3:8b
S001606,Telegram,Telegram Privacy Policy,Added 3.1.1. Optional Data.,NONE,Not Applicable,NONE,Not Addressed,0.0,Policy changelog/table-of-contents entry; no compliance obligation or user mechanism.,NEW_SUCCESS,False,a890a5af4bbb93f32b499ba29c88d15f874118aaa25e4312ee3bc64bfb95ce32,run-88abf65b56c9595b,qwen3:8b
S002345,WhatsApp,WhatsAppPrivacyPolicy,"understand how people use our Services; evaluate and improve our Services; research, develop, and test new services and features; and conduct troubleshooting activities. We also use your information to respond to you when you contact us.  Safety, Security, And Integrity. Safety, security, and integrity are an integral part of our Services. We use information we have to verify accounts and activity; combat harmful conduct; protect users against bad experiences and spam; and promote safety, security, and integrity on and off our Services, such as by investigating suspicious activity or violations of our Terms and policies, and to ensure our Services are being used legally. Please see the Law, Our Rights and Protection section below for more information.  Communications About Our Services And The Meta Companies.",NONE,Not Applicable,NONE,Not Addressed,0.0,Content/community-conduct or advertising-policy rule; not a data-protection obligation under the DPDP taxonomy.,NEW_SUCCESS,False,3274a8804cea9878486d86cc45162eb4b220687eb2a88027463e10c6e7b276c8,run-c6bf936e43df-5d0fde37,qwen3:8b
S002326,WhatsApp,WhatsAppPrivacyPolicy,"For example, you cannot share your location with your contacts if you do not permit us to collect your location data from your device. Permissions can be managed through your Settings menu on both Android and iOS devices.",DPDP_RUL-0208,Consent & Notice,DPDP Rules 2025,Partially Compliant,0.5,"Settings/controls let the user give, manage or review permissions or ad consent; partial coverage of a consent-management function.",NEW_SUCCESS,False,a3e5c3c9ee0e4436da12fb757e20d5e176a0369958ca599a18e82cc2f38c9f8f,run-c6bf936e43df-5d0fde37,qwen3:8b
S002367,WhatsApp,WhatsAppPrivacyPolicy,"We access, preserve, and share your information described in the ""Information We Collect"" section of this Privacy Policy above if we have a good-faith belief that it is necessary to: (a) respond pursuant to applicable law or regulations, legal process, or government requests; (b) enforce our",IT_ACT_2-0289,Intermediary/Platform Liability,IT Act 2000,Partially Compliant,0.5,Discloses data to authorities on legal requests; legal basis stated but procedure not detailed.,NEW_SUCCESS,False,6c00e8a6ce67763794e22e2028d426d819acc289bf11e9d5c1e85cc4a5548799,run-c6bf936e43df-5d0fde37,qwen3:8b
S000322,Google,Google Privacy Policy,"Choose whether your name and photo appear next to your activity, like reviews and recommendations, that appear in ads.",NONE,Not Applicable,NONE,Not Addressed,0.0,"Describes advertising, cookies or personalisation practice; no consent-withdrawal, rights or safeguard mechanism stated.",NEW_SUCCESS,False,597b399f5c77adb6a45e860584917c911fb4378b19e64b6a5f85f8c04a7ee99e,run-c6bf936e43df-5d0fde37,qwen3:8b
S001467,Snapchat,SnapchatCommunity Guidelines,"Our Community Guidelines apply to all content and behavior on Snapchat's platform and products, and cover the following topics: We prohibit any activity that involves sexual exploitation or abuse, or sexualization, of a minor, including sharing child sexual exploitation or abuse imagery, grooming for sexual purposes, sexual extortion (sextortion), or attempts to persuade, trick, or coerce a minor with the intent of sexual abuse or exploitation. Never post, save, send, forward, distribute, or ask for nude or sexually explicit content involving anyone under the age of 18 (this includes sending or saving such images of yourself). We prohibit any engagement with child sexual exploitation or abuse imagery, regardless of intention, even the sharing of such content is to raise awareness or express concern. We report all identified instances of child sexual exploitation and attempts to engage in such conduct to the appropriate authorities, including the National Center for Missing and Exploited Children (NCMEC), in line with legal requirements.",NONE,Not Applicable,NONE,Not Addressed,0.0,Content/community-conduct or advertising-policy rule; not a data-protection obligation under the DPDP taxonomy.,NEW_SUCCESS,False,e9bb3d22549691c4a1b95fac52d6ae3efcf5e3d546ec3f4a73b545358f551a4d,run-c6bf936e43df-5d0fde37,qwen3:8b
S001558,Telegram,Telegram Privacy Policy,Bots can also receive the following data when you interact with them.,NONE,Not Applicable,NONE,Not Addressed,0.0,"Describes data sharing with third parties/affiliates in general terms; no consent, safeguard or transfer control matched to a taxonomy requirement.",NEW_SUCCESS,False,1500b4918308ce982041333fc26a39d33c94af9b88edc30c00f2d3bc593b72ca,run-88abf65b56c9595b,qwen3:8b
S000877,Meta,MetaPrivacyPolicy,"Processing information with special protections Why and how we process your information: Processing information subject to special protections under applicable laws that you provide so that we can share it with those you choose, to provide, personalise and improve our Products and to undertake analytics. We'll collect, store, publish and apply automated, or sometimes manual (human), processing for these purposes.",NONE,Not Applicable,NONE,Not Addressed,0.0,"Describes advertising, cookies or personalisation practice; no consent-withdrawal, rights or safeguard mechanism stated.",NEW_SUCCESS,False,ab05fc04c62cff569780b4fdf984a1e998bf210f0d82c0846ed10946f22059e6,run-88abf65b56c9595b,qwen3:8b
S002527,Youtube,Terms of Service,"If you are a parent or legal guardian of a minor in your country, by allowing your child to use the Service, you are subject to the terms of this Agreement and responsible for your child’s activity on the Service. You can find tools and resources to help you manage your family’s experience on YouTube (including how to enable a child under the age of 13 to use the Service and YouTube Kids) in our Help Center and through Google’s Family Link.",DPDP_ACT-0034,Children/Vulnerable Groups,DPDP Act 2023,Partially Compliant,0.5,"Minimum-age rule or parent/guardian permission or supervision, without a verifiable-consent mechanism.",NEW_SUCCESS,False,9be5b31c2e15e53388b8d730b6346f7db29088c543e7fe5d790b87221c65ea4b,run-88abf65b56c9595b,qwen3:8b
S000845,Meta,MetaPrivacyPolicy,"We also use information to develop, research and test improvements to Meta Products. We use information that we have to: Conduct surveys and other research about what you like about our Products and brands and on what we can do better for Meta Products and brands detail on each information category). The actual information that we use depends on your factual circumstances, but could include any of the following:",NONE,Not Applicable,NONE,Not Addressed,0.0,Describes purposes of use of data; no actionable compliance mechanism mapped to a taxonomy requirement.,NEW_SUCCESS,False,a5c72bbd92fd7bddf166b5697a4c0a7ca577225878765928dca03a9f10ee59fa,run-88abf65b56c9595b,qwen3:8b
S001786,WhatsApp,WhatsApp Business App Privacy Policy,"In addition to the information described in the applicable WhatsApp Privacy Policy, we collect the following information.",NONE,Not Applicable,NONE,Not Addressed,0.0,"Describes what data is collected; no user right, retention limit, safeguard or grievance mechanism stated.",NEW_SUCCESS,False,0b837c1c4b115bcee0f328a5639acc74938f3475faa9d729e3a9481936cf03de,run-c6bf936e43df-5d0fde37,qwen3:8b
S002026,WhatsApp,WhatsApp Channels Supplemental Privacy Policy,"Managing And Retaining Your Information You can access, manage or port your Channels information using our inapp settings set out in the WhatsApp Privacy Policy.  Retaining your public Channel Content, Channel Subscription",DPDP_ACT-0040,Data Principal Rights,DPDP Act 2023,Compliant,1.0,"Explicit self-service tool to review/access, update or export a copy of the user's data; concrete access mechanism.",NEW_SUCCESS,False,c5b16b553ee099e3bef751e689ed1738fcf40b4c3193551761575ddaca96bdb9,run-c6bf936e43df-5d0fde37,qwen3:8b
S002323,WhatsApp,WhatsAppPrivacyPolicy,"WhatsApp must receive or collect some information to operate, provide, improve, understand, customize, support, and market our Services, including when you install, access, or use our Services.",NONE,Not Applicable,NONE,Not Addressed,0.0,Describes purposes of use of data; no actionable compliance mechanism mapped to a taxonomy requirement.,NEW_SUCCESS,False,7181480db2c3af7dc0c131d3e742cec0d57000a0fb0ab4b7071a56129f9e950b,run-c6bf936e43df-5d0fde37,qwen3:8b
S001214,Snapchat,Snap_Privacy Policy,Take a look at our Privacy by Product page and support page for details on the specific retention periods for products.,DPDP_RUL-0184,Data Retention & Erasure,DPDP Rules 2025,Partially Compliant,0.5,Directs users to product-specific data retention schedules and deletion timelines.,NEW_SUCCESS,False,a550b2a8b3086e08a137f74d29637c5f8ff22cdbb97f6bdba713c98bd705c525,run-c6bf936e43df-5d0fde37,qwen3:8b
S001814,WhatsApp,WhatsApp Business Data Processing Terms,2. Applicability. These Data Processing Terms apply to the extent that the Business Terms state that WhatsApp Processes Personal Information in your Customer Data as your Processor. In the case of an express conflict between these Data Processing Terms and the,NONE,Not Applicable,NONE,Not Addressed,0.0,"General descriptive, definitional or navigational text; no operational mechanism matching any taxonomy requirement.",NEW_SUCCESS,False,411b2a8f22c5fb4eff779cadd56389cf7556b2893ad56664bec640e69814416a,run-c6bf936e43df-5d0fde37,qwen3:8b
S001186,Snapchat,Snap_Privacy Policy,"When you ask for help, we want to get you support as quickly as possible. In order to provide you, the Snapchatter community, and our business partners with the help needed to resolve issues with our Services, we often need to use the information we have collected to respond.",NONE,Not Applicable,NONE,Not Addressed,0.0,Describes purposes of use of data; no actionable compliance mechanism mapped to a taxonomy requirement.,NEW_SUCCESS,False,e2281696452d8cb71e4880524ae147dc2c3a4670fcb120bd3dfa51b52ad381be,run-c6bf936e43df-5d0fde37,qwen3:8b
S002016,WhatsApp,WhatsApp Channels Supplemental Privacy Policy,"Channels features you use and how you use them, and time, frequency, and duration of your activities on Channels.  User Reports. Users or third-parties can report to us your Channel, or specific Channel Content or Channel Subscription Updates - for example, to report possible violations of our terms or policies or local law. When a report is made, we collect information about the reporting party and reported user(s) (e.g., Channel Admin), and other information that may help us in investigating the report, such as associated Channels or Channel Content, user interactions and activity on Channels, and other information, such as the number of",NONE,Not Applicable,NONE,Not Addressed,0.0,"Commercial/contractual term (liability, disputes, billing, licensing, service terms); no DPDP data-protection obligation or mechanism.",NEW_SUCCESS,False,6cc1c9a51ebd74cab766be4ed01c6058cebccad87c6ce210dcfd98a3bc487c34,run-c6bf936e43df-5d0fde37,qwen3:8b
S002478,Youtube,Harassment and cyberbullying policies,"Content uploaded with the intent to shame, deceive or insult a minor. This means intending to make a minor feel unpleasant emotions, like distress, shame or worthlessness; intending to trick them into behaving in ways that may harm themselves or their property; or engaging in name-calling towards them. We also prohibit content that incites bullying against a minor. A minor is someone under 18 years old.",NONE,Not Applicable,NONE,Not Addressed,0.0,Content/community-conduct or advertising-policy rule; not a data-protection obligation under the DPDP taxonomy.,NEW_SUCCESS,False,df9f5f933626877a8f6343b9cdefb09d3efd75846561f8e30c7db0bd7e140dbe,run-88abf65b56c9595b,qwen3:8b
S002013,WhatsApp,WhatsApp Channels Supplemental Privacy Policy,"Content and Channel Subscription Updates that Admins create or share, such as text, videos, photos, images, documents, links, gifs, stickers, audio content, or other types of content in their Channel for others to view.",NONE,Not Applicable,NONE,Not Addressed,0.0,"Commercial/contractual term (liability, disputes, billing, licensing, service terms); no DPDP data-protection obligation or mechanism.",NEW_SUCCESS,False,df42a6e93c55199680bef4e1382e19166b208e62203ddc30c9b29647279e73a6,run-c6bf936e43df-5d0fde37,qwen3:8b
S000821,Meta,MetaPrivacyPolicy,Learn more We may access or preserve your information for an extended amount of time. .,NONE,Not Applicable,NONE,Not Addressed,0.0,"General descriptive, definitional or navigational text; no operational mechanism matching any taxonomy requirement.",NEW_SUCCESS,False,e6aeaf7eb5a30ab9089fcebba3171c99b7f0745b2c3fce44e650d96dd67e1ef5,run-88abf65b56c9595b,qwen3:8b
S001546,Telegram,Telegram Privacy Policy,Your rights described in section 9 below remain unaffected.,NONE,Not Applicable,NONE,Not Addressed,0.0,"General descriptive, definitional or navigational text; no operational mechanism matching any taxonomy requirement.",NEW_SUCCESS,False,dacc69b5bc51249d6f377e608fb33c8137a04a44c4efd2eb5cf4f608fdbeb880,run-88abf65b56c9595b,qwen3:8b
S001792,WhatsApp,WhatsApp Business App Privacy Policy,"WhatsApp Privacy Policy, and also to operate, provide, improve, understand, customize, support, and market our WhatsApp Business App and Business Functions.  Our WhatsApp Business App.",NONE,Not Applicable,NONE,Not Addressed,0.0,Describes purposes of use of data; no actionable compliance mechanism mapped to a taxonomy requirement.,NEW_SUCCESS,False,d55c76620c4da95b45cc14b757d21d1190ef4cdafd81cfd710d40e6d9e97b729,run-c6bf936e43df-5d0fde37,qwen3:8b
S000306,Google,Google Privacy Policy,"Depending on your settings, we may also show you personalized ads based on your interests and activity across Google services. For example, if you search for “mountain bikes,” you may see ads for sports equipment on YouTube. You can control what information we use to show you ads by visiting your ad settings in My Ad Center.",NONE,Not Applicable,NONE,Not Addressed,0.0,"Describes advertising, cookies or personalisation practice; no consent-withdrawal, rights or safeguard mechanism stated.",NEW_SUCCESS,False,ce49e5493e2fb450bba946492a53984a5e64427ae3a922a2026167f38f398685,run-c6bf936e43df-5d0fde37,qwen3:8b
S002203,WhatsApp,WhatsApp_TermsOfService_India,• You will not transfer any of your rights or obligations under our Terms to anyone else without our prior written consent. Children on parentmanaged accounts are permitted to manage their own account when they reach 13 (or the minimum age required in their country or territory).,DPDP_ACT-0034,Children/Vulnerable Groups,DPDP Act 2023,Partially Compliant,0.5,"Minimum-age rule or parent/guardian permission or supervision, without a verifiable-consent mechanism.",NEW_SUCCESS,False,de82fdd92aa632f3d123815f3f8c87d9834a4a0bd45b4051e95c18f2ed069e22,run-c6bf936e43df-5d0fde37,qwen3:8b
S002008,WhatsApp,WhatsApp Channels Supplemental Privacy Policy,"Importantly, your use of WhatsApp Channels does not impact the privacy of your WhatsApp personal messages, which continue to be end-to-end encrypted as described in the WhatsApp Privacy Policy.",NONE,Not Applicable,NONE,Not Addressed,0.0,"General descriptive, definitional or navigational text; no operational mechanism matching any taxonomy requirement.",NEW_SUCCESS,False,6986fcb3ea7eed901ee1f71597af634fbaed57c960391af132e9f54062007ba9,run-c6bf936e43df-5d0fde37,qwen3:8b
S001149,Snapchat,Snap_Privacy Policy,"Control who can contact you. Snapchat is intended for close friends and family, that’s why we’ve built controls that help you decide who can contact you. If you receive unwanted communications, you can always block and report that person. Go here to learn more.",NONE,Not Applicable,NONE,Not Addressed,0.0,"General descriptive, definitional or navigational text; no operational mechanism matching any taxonomy requirement.",NEW_SUCCESS,False,21375f5fe0c1a264be714ff27f5bf99538850a7cd5ae471d00c70961fbfe33f8,run-c6bf936e43df-5d0fde37,qwen3:8b
S002325,WhatsApp,WhatsAppPrivacyPolicy,"Our Services have optional features which, if used by you, require us to collect additional information to provide such features. You will be notified of such collection, as appropriate. If you choose not to provide the information needed to use a feature, you will be unable to use the feature.",NONE,Not Applicable,NONE,Not Addressed,0.0,Describes purposes of use of data; no actionable compliance mechanism mapped to a taxonomy requirement.,NEW_SUCCESS,False,efa06e59e4cc9d9c8ba6018112f65f89191bc5649f3696a1a23e22c2ecbee3f2,run-c6bf936e43df-5d0fde37,qwen3:8b
S001272,Snapchat,SnapChatAdPolicy,"Examples: an educational PSA about sexual consent, or positive references to sexual orientation or gender identity.",NONE,Not Applicable,NONE,Not Addressed,0.0,Content/community-conduct or advertising-policy rule; not a data-protection obligation under the DPDP taxonomy.,NEW_SUCCESS,False,ebe1dba7c9e38b405695555b83d9db6c5d56476553878434d704dba5735878fd,run-c6bf936e43df-5d0fde37,qwen3:8b
S000771,Meta,MetaPrivacyPolicy,"In the Privacy Policy, we explain how we collect, use, share, retain and transfer information. We also let you know your rights. Each section of this Policy includes helpful examples and simpler language to make our practices easier to understand. We've also added links to resources where you can learn more about the privacy topics that interest you.",NONE,Not Applicable,NONE,Not Addressed,0.0,"Describes what data is collected; no user right, retention limit, safeguard or grievance mechanism stated.",NEW_SUCCESS,False,3d10ff381f7cf913bbf0772805ee5c8d9dee0195c0d5ab5cac746f46a930e7fe,run-88abf65b56c9595b,qwen3:8b
S001597,Telegram,Telegram Privacy Policy,"Expanded 10.2. Deleting Messages with data on the new features in version 5.5, which allow both participants to remove any messages from one-on-one chats for both sides without a time limit.",NONE,Not Applicable,NONE,Not Addressed,0.0,"General descriptive, definitional or navigational text; no operational mechanism matching any taxonomy requirement.",NEW_SUCCESS,False,7776a9d27b5c958fa08cd6f30ada3adeb4dee3341e614e0ebb071605b1e2a0b7,run-88abf65b56c9595b,qwen3:8b
S001766,WhatsApp,Supplemental Terms of Service for WhatsApp Channels,"Privacy Policy and explains how we collect, use, and share information when you use Channels. You can also go to your settings at any time to review your privacy choices. Your use of Channels does not impact the privacy of your personal WhatsApp messages, which continue to be endto-end encrypted as described in the WhatsApp Privacy Policy.",NONE,Not Applicable,NONE,Not Addressed,0.0,"Describes what data is collected; no user right, retention limit, safeguard or grievance mechanism stated.",NEW_SUCCESS,False,ae1bc6ae4cc62d7006973e3ef0d13a5853556a02ca1d8230afae3ae27a6f663d,run-c6bf936e43df-5d0fde37,qwen3:8b
S002057,WhatsApp,WhatsApp India Payments Privacy Policy,"With your Payments settings, you may register additional bank account(s), deregister existing bank account(s) from your BHIM UPI ID, change the PSP bank, and clear your transaction history. When you delete your",DPDP_ACT-0029,Data Retention & Erasure,DPDP Act 2023,Partially Compliant,0.5,"Deletion or removal option available to the user, or retention exception for legal/business need; qualified and without a statutory timeline.",NEW_SUCCESS,False,b48da28da7f4ce8a946f71755defdec4cec08dcf042475bef9553f51f58dc3e5,run-c6bf936e43df-5d0fde37,qwen3:8b
S002281,WhatsApp,WhatsappBusinessTermsOfService,"• WhatsApp may use both technology and human review teams to detect and review reported messages and unencrypted account, group, and business profile information for potential violations.",NONE,Not Applicable,NONE,Not Addressed,0.0,Content/community-conduct or advertising-policy rule; not a data-protection obligation under the DPDP taxonomy.,NEW_SUCCESS,False,926946471508b14a02df9d55fcd6bd4a1ff808c6389ce3486dd7433d37938935,run-c6bf936e43df-5d0fde37,qwen3:8b
S000889,Meta,MetaPrivacyPolicy,"Our systems automatically, as well as with some manual (human) processing, process information that we've collected and stored about you and others. We use this information to: Provide insights and measurement reports to businesses, advertisers and other partners to help them measure the effectiveness and distribution of their or their clients' ads, content and services, to understand the kinds of people who are seeing their content and ads, and how their content and ads are performing on and off Meta Products, and",NONE,Not Applicable,NONE,Not Addressed,0.0,"Describes advertising, cookies or personalisation practice; no consent-withdrawal, rights or safeguard mechanism stated.",NEW_SUCCESS,False,96fea134cc80b8f3e6b167dc8e9a8e42fa4e97b533f95c5fa1c5227c20161293,run-88abf65b56c9595b,qwen3:8b
S001014,Snapchat,Snap Group Limited Terms of Service,"Our Services are not directed to children under the age of 13 or those below the applicable minimum age at which you may use the Services in your state, province, or country if older than 13. You must confirm that you are older than that applicable minimum age to create an account and use the Services. If we have actual knowledge that you are not, we will cease providing the Services to you and lock or delete your account and your data. We may require you to verify your age before you are allowed to use our Services.",DPDP_ACT-0034,Children/Vulnerable Groups,DPDP Act 2023,Compliant,1.0,Age gate with concrete consequence (cease service/lock or delete account) or parent-managed account flow.,NEW_SUCCESS,False,0d8874a225fad9357d6db01b3183fa98d3fae2bfac391b465a4e0421d1b7d910,run-c6bf936e43df-5d0fde37,qwen3:8b
S000901,Meta,MetaPrivacyPolicy,"Business intelligence and analytics Why and how we process your information: To understand, in aggregate, your usage of and across our Products, to accurately count people and businesses; and",NONE,Not Applicable,NONE,Not Addressed,0.0,"Describes advertising, cookies or personalisation practice; no consent-withdrawal, rights or safeguard mechanism stated.",NEW_SUCCESS,False,bdb7a14bbf24f42c9063eb73172353a3df5195967fd8c7cb22589684ff5eb2ba,run-88abf65b56c9595b,qwen3:8b
S001881,WhatsApp,WhatsApp Business Data Transfer Addendum,"Contractual Clauses for the transfer of personal data to third countries pursuant to Regulation (EU) 2016/679 as set out in annex to Commission Decision 2021/914 which, as of the last updated date, are available at the link https://eurlex.europa.eu/eli/dec_impl/2021/914/oj, and which are incorporated herein by reference.",DPDP_RUL-0202,Cross-Border Transfer,DPDP Rules 2025,Partially Compliant,0.5,"Discloses cross-border transfer/processing and states safeguards (SCCs, same protections, legal frameworks) but not Indian Central-Government requirements.",NEW_SUCCESS,False,20e417a363cabf120a59ded37a3581951a723ec027c2b23401969a947338dbd9,run-c6bf936e43df-5d0fde37,qwen3:8b
S001571,Telegram,Telegram Privacy Policy,"You can alter or revoke the bot’s permissions, including the list of chats it can access, at any time from Settings > Telegram Business > Chatbots on official Telegram clients.",DPDP_ACT-0016,Consent & Notice,DPDP Act 2023,Compliant,1.0,"Unambiguous user control to withdraw consent/opt out (unsubscribe, revoke bot access) as easily as it was given.",NEW_SUCCESS,False,0d45c9724aa829027f3dca777545ce65eb49818067de9debf6ec13b2f871ce78,run-88abf65b56c9595b,qwen3:8b
S000287,Google,Google Privacy Policy,"When you create a Google Account, you provide us with personal information that includes your name and a password. You can also choose to add a phone number or payment information to your account. Even if you aren’t signed in to a Google Account, you might choose to provide us with information — like an email address to communicate with Google or receive updates about our services.",NONE,Not Applicable,NONE,Not Addressed,0.0,Describes purposes of use of data; no actionable compliance mechanism mapped to a taxonomy requirement.,NEW_SUCCESS,False,b780fb4192899904c365659b0fbec5092c2c882b7a5cb0be7ecb8860ce7c0fb8,run-c6bf936e43df-5d0fde37,qwen3:8b
S001510,Telegram,Telegram Privacy Policy,"We process your personal data on the ground that such processing is necessary to further our legitimate interests (including: (1) providing effective and innovative Services to our users; and (2) to detect, prevent or otherwise address fraud or security issues in respect of our provision of Services), unless those interests are overridden by your interest or fundamental rights and freedoms that require protections of personal data.",NONE,Not Applicable,NONE,Not Addressed,0.0,Describes purposes of use of data; no actionable compliance mechanism mapped to a taxonomy requirement.,NEW_SUCCESS,False,cc1acb657bf5bdc6d02db5eaa1a72f21f5458fd134f19479300f8192127c8bea,run-88abf65b56c9595b,qwen3:8b
S001145,Snapchat,Snap_Privacy Policy,"We want you to be in control of your information, so we provide you with a range of tools, including: Access and update your information. You can access and edit most of your basic information, including account details (information about you, like your name, username, email address, birthday, and phone number), right in our Services. Just navigate to your settings and you will see the options available to you.",DPDP_ACT-0040,Data Principal Rights,DPDP Act 2023,Compliant,1.0,"Explicit self-service tool to review/access, update or export a copy of the user's data; concrete access mechanism.",NEW_SUCCESS,False,82d335edfe40afaffbc5a3035a08385339e129a9ca2297f915e1c5941df28a18,run-c6bf936e43df-5d0fde37,qwen3:8b
S001203,Snapchat,Snap_Privacy Policy,"For the purposes of a Merger or Acquisition. If we were to sell or negotiate to sell our business to a buyer or possible buyer, we may transfer your information to a successor or affiliate as part of that transaction.",NONE,Not Applicable,NONE,Not Addressed,0.0,Describes purposes of use of data; no actionable compliance mechanism mapped to a taxonomy requirement.,NEW_SUCCESS,False,069348114198fc881ad2cdeb613d971a9cecbfa89807cc06e47cf3f4967d0c97,run-c6bf936e43df-5d0fde37,qwen3:8b
S001883,WhatsApp,WhatsApp Business Data Transfer Addendum,c. “European Data” means Personal Data which is Processed by WhatsApp Ireland as your Processor pursuant to the,NONE,Not Applicable,NONE,Not Addressed,0.0,"General descriptive, definitional or navigational text; no operational mechanism matching any taxonomy requirement.",NEW_SUCCESS,False,68ff044cb2ef601c6d78e2c2a17b8a45804bfc941067a59b84d76a0bf42600f1,run-c6bf936e43df-5d0fde37,qwen3:8b
S002043,WhatsApp,WhatsApp India Payments Privacy Policy,"authorize every payment you make, you need to use your BHIM UPI PIN. This payment transaction information is handled securely.",NONE,Not Applicable,NONE,Not Addressed,0.0,"General descriptive, definitional or navigational text; no operational mechanism matching any taxonomy requirement.",NEW_SUCCESS,False,98e911294153b6bd560e2104dfb49cfa6960987cbf039bb8d579ba7c9b4a61e6,run-c6bf936e43df-5d0fde37,qwen3:8b
S000283,Google,Google Privacy Policy,"To help explain things as clearly as possible, we’ve added examples, explanatory videos, and definitions for key terms. And if you have any questions about this Privacy Policy, you can contact us.",DPDP_RUL-0223,Data Principal Rights,DPDP Rules 2025,Partially Compliant,0.5,"Points the user to a settings page/contact route for exercising data rights, but without a fully specified rights-request channel.",NEW_SUCCESS,False,9bb80fc2d7f46f2eb4e60424aea1888a71d761221e015f700b42ac55b1137a15,run-c6bf936e43df-5d0fde37,qwen3:8b
S001990,WhatsApp,WhatsApp Channels Guidelines,WhatsApp reviews and responds to valid legal orders from authorities in countries where we operate. We may also receive court orders to restrict WhatsApp Channels. We always assess the legitimacy and completeness of a government request before taking any action.,IT_ACT_2-0285,Intermediary/Platform Liability,IT Act 2000,Compliant,1.0,States it reviews and complies with valid legal orders from authorities to restrict content.,NEW_SUCCESS,False,bdf21d57c365b3db448a800fd2b081a619c25fc2a104c59df851f8375a72f663,run-c6bf936e43df-5d0fde37,qwen3:8b
S000891,Meta,MetaPrivacyPolicy,"Provide aggregated user analytics and insights reports that help users, businesses, advertisers and other partners better understand the audiences with whom they may want to connect, as well as the types of people who use their services and how people interact with their content, websites, apps and services. detail on each information category). The actual information that we use depends on your factual circumstances, but could include any of the following: Content that you provide through our camera feature or your camera roll settings, or through our voice-enabled features",NONE,Not Applicable,NONE,Not Addressed,0.0,"Describes advertising, cookies or personalisation practice; no consent-withdrawal, rights or safeguard mechanism stated.",NEW_SUCCESS,False,2743a7b92b9c3c4cc1de51ad4883b2a02735fe47994bff6872353e44b09cb527,run-88abf65b56c9595b,qwen3:8b
S001596,Telegram,Telegram Privacy Policy,"We will review and may update this Privacy Policy from time to time. Any changes to this Privacy Policy will become effective when we post the revised Privacy Policy on this page www.telegram.org/privacy. Please check our website frequently to see any updates or changes to our Privacy Policy, a summary of which we will set out below.",NONE,Not Applicable,NONE,Not Addressed,0.0,"General descriptive, definitional or navigational text; no operational mechanism matching any taxonomy requirement.",NEW_SUCCESS,False,1e8a560a828b761f5ddba70728e3439b275bdcea2a562deb62a0987e507ea198,run-88abf65b56c9595b,qwen3:8b
S000652,Meta,Meta_Cookies_Policy,"For example, other companies' cookies help tailor ads off Meta Products, measure their performance and effectiveness and support marketing and analytics. Certain features on the Meta Products use cookies from other companies to function, for example, certain maps, payment and security features. about the companies that use cookies on the Meta Products.",NONE,Not Applicable,NONE,Not Addressed,0.0,"Describes advertising, cookies or personalisation practice; no consent-withdrawal, rights or safeguard mechanism stated.",NEW_SUCCESS,False,4db3ea8aa9a1a3f7fc271dcb14fb93d07425d69f70ada6c780387c18dda68994,run-88abf65b56c9595b,qwen3:8b
S000769,Meta,MetaPrivacyPolicy,View details What is the Privacy Policy and what does it cover? Effective from 23 July 2026 | |,NONE,Not Applicable,NONE,Not Addressed,0.0,"General descriptive, definitional or navigational text; no operational mechanism matching any taxonomy requirement.",NEW_SUCCESS,False,748a7984dfe65a7738e6eeb3900ac7b9907126b80e990401354dc41d6b60166b,run-88abf65b56c9595b,qwen3:8b
S001609,Telegram,Telegram Privacy Policy,Updated 10.4 to reflect the new default time period for Account Self-Destruction.,NONE,Not Applicable,NONE,Not Addressed,0.0,Policy changelog/table-of-contents entry; no compliance obligation or user mechanism.,NEW_SUCCESS,False,99d047c961488defbd23399d4c296876b48bb2fba333bdd09f24c3e521463067,run-88abf65b56c9595b,qwen3:8b
S000651,Meta,Meta_Cookies_Policy,"Yes, other companies use cookies on the Meta Products to provide advertising, measurement, marketing and analytics services to us, and to provide certain features and improve our services for you.",NONE,Not Applicable,NONE,Not Addressed,0.0,"Describes advertising, cookies or personalisation practice; no consent-withdrawal, rights or safeguard mechanism stated.",NEW_SUCCESS,False,17337cea82ab103518361f9ebc5294ecdb4cdd936825dd10839234226cb6e607,run-88abf65b56c9595b,qwen3:8b
S001534,Telegram,Telegram Privacy Policy,"Telegram is a cloud service. We will process your data to deliver your cloud chat history, including messages, media and files, to any devices of your choosing without a need for you to use third-party backups or cloud storage.",NONE,Not Applicable,NONE,Not Addressed,0.0,Describes purposes of use of data; no actionable compliance mechanism mapped to a taxonomy requirement.,NEW_SUCCESS,False,fc95b90203aeb852b813edd17db276ff153d430d019541d2560c6775b476b286,run-88abf65b56c9595b,qwen3:8b
S001219,Snapchat,Snap_Privacy Policy,"We do our best to keep our policies as simple as possible, but depending on where you live, you have some additional rights or there may be specific information that you should be aware of. Please take a look at the list below to see if any apply to you!",NONE,Not Applicable,NONE,Not Addressed,0.0,"General descriptive, definitional or navigational text; no operational mechanism matching any taxonomy requirement.",NEW_SUCCESS,False,174287a41feb32839b2b7abea518b384c501c737e52e09779cb7987b0ae834ac,run-c6bf936e43df-5d0fde37,qwen3:8b
S000290,Google,Google Privacy Policy,"The information we collect includes unique identifiers, browser type and settings, device type and settings, operating system, mobile network information including carrier name and phone number, and application version number. We also collect information about the interaction of your apps, browsers, and devices with our services, including IP address, crash reports, system activity, and the date, time, and referrer URL of your request.",NONE,Not Applicable,NONE,Not Addressed,0.0,"Describes what data is collected; no user right, retention limit, safeguard or grievance mechanism stated.",NEW_SUCCESS,False,ce944b63f10b33322557bd9b3f9db011817795750f65a8d5962a53f03db1396e,run-c6bf936e43df-5d0fde37,qwen3:8b
S000329,Google,Google Privacy Policy,YouTube settings: Pause and delete your YouTube Search History and your YouTube Watch History.,DPDP_ACT-0029,Data Retention & Erasure,DPDP Act 2023,Partially Compliant,0.5,"Deletion or removal option available to the user, or retention exception for legal/business need; qualified and without a statutory timeline.",NEW_SUCCESS,False,aa9e4502641b1550353f1005f6f48451f3260b1cc363e419aca3a63aa71e1c22,run-c6bf936e43df-5d0fde37,qwen3:8b
S000787,Meta,MetaPrivacyPolicy,"We use that you choose to provide for these purposes, but not to show you ads. information with special protections",NONE,Not Applicable,NONE,Not Addressed,0.0,Describes purposes of use of data; no actionable compliance mechanism mapped to a taxonomy requirement.,NEW_SUCCESS,False,86ca939cf495cf6392b72f970284963dbc35cf2c22d443b92a1591cabdebb122,run-88abf65b56c9595b,qwen3:8b
S002338,WhatsApp,WhatsAppPrivacyPolicy,"you. We require each of these users to have lawful rights to collect, use, and share your information before providing any information to us.",NONE,Not Applicable,NONE,Not Addressed,0.0,"Describes data sharing with third parties/affiliates in general terms; no consent, safeguard or transfer control matched to a taxonomy requirement.",NEW_SUCCESS,False,503c1859ae871c51ce8096514a575901745c414012a03945d66faa448f17ad41,run-c6bf936e43df-5d0fde37,qwen3:8b
S001499,Telegram,Telegram Privacy Policy,"This Privacy Policy forms part of our Terms of Service, which describes the terms under which you use our Services and which are available at https://telegram.org/tos. This Privacy Policy should therefore be read in conjunction with those terms.",NONE,Not Applicable,NONE,Not Addressed,0.0,"Commercial/contractual term (liability, disputes, billing, licensing, service terms); no DPDP data-protection obligation or mechanism.",NEW_SUCCESS,False,d3fcc83d981d928ed62961de031d7bfab71bee728212c43142993dea8181b9f4,run-88abf65b56c9595b,qwen3:8b
S000367,Google,Google Privacy Policy,"We maintain servers around the world and your information may be processed on servers located outside of the country where you live. Data protection laws vary among countries, with some providing more protection than others. Regardless of where your information is processed, we apply the same protections described in this policy. We also comply with certain legal frameworks relating to the transfer of data.",DPDP_RUL-0202,Cross-Border Transfer,DPDP Rules 2025,Partially Compliant,0.5,"Discloses cross-border transfer/processing and states safeguards (SCCs, same protections, legal frameworks) but not Indian Central-Government requirements.",NEW_SUCCESS,False,de7211a5c916257e8bea98469f904e37e4a973a6238afeba505870bce0e0b827,run-c6bf936e43df-5d0fde37,qwen3:8b
S002472,Youtube,Harassment and cyberbullying policies,"We also don't allow other harmful behaviours, like threats or doxxing. Bear in mind that we take a stricter approach on content that targets minors. For example, we don't allow sharing a minor's school name or school ID for malicious purposes. Third parties should not share someone else's personal contact information, such as email, phone number or home address, or a minor's social media handle or private-messaging details. We also don't allow minors to share their own contact information. We may make exceptions for extracurricular activities for the purposes of school recruitment or applications, such as university sports.",DPDP_ACT-0034,Children/Vulnerable Groups,DPDP Act 2023,Partially Compliant,0.5,"Prohibits sharing personal identifiers, school IDs, or contact details of minors.",NEW_SUCCESS,False,7fdbe71ed00e65e9e8714d80101abc291f0050397f4addc668f941df2abc3347,run-88abf65b56c9595b,qwen3:8b
S000300,Google,Google Privacy Policy,"In some circumstances, Google also collects information about you from publicly accessible sources. For example, if your name appears in your local newspaper, Google’s Search engine may index that article and display it to other people if they search for your name. We may also collect information about you from trusted partners, such as directory services who provide us with business information to be displayed on Google’s services, marketing partners who provide us with information about potential customers of our business services, and security partners who provide us with information to protect against abuse. We also receive information from partners to provide advertising and research services on their behalf.",NONE,Not Applicable,NONE,Not Addressed,0.0,"Describes advertising, cookies or personalisation practice; no consent-withdrawal, rights or safeguard mechanism stated.",NEW_SUCCESS,False,d16f628087e5399c01f5a2064362c5c0854f421144567a78e7bd552d385d6fa4,run-c6bf936e43df-5d0fde37,qwen3:8b
S002379,Youtube,Child safety policy,"Examples include content that shows minors: Inflicting or advocating for the infliction of physical, sexual or emotional maltreatment or neglect of a child, including inflicting emotional distress on minors.",NONE,Not Applicable,NONE,Not Addressed,0.0,Content/community-conduct or advertising-policy rule; not a data-protection obligation under the DPDP taxonomy.,NEW_SUCCESS,False,f825cf667f0e0312493edfa6dfb99214362b76039361a35f842b946859603478,run-88abf65b56c9595b,qwen3:8b
S002260,WhatsApp,WhatsappBusinessTermsOfService,• Messaging about any Regulated Vertical using the WhatsApp Business Platform may not be sent to people under 18 years of age.,DPDP_RUL-0227,Children/Vulnerable Groups,DPDP Rules 2025,Compliant,1.0,"Concrete restriction keeping child-unsuitable services/ads from minors (age gating, no personalised ads under 18).",NEW_SUCCESS,False,44ad8c23b557dfb590391173d704eababe1ff15daa89010c5110388283c844ac,run-c6bf936e43df-5d0fde37,qwen3:8b
S001212,Snapchat,Snap_Privacy Policy,How long we need to retain the information to comply with certain legal obligations.,NONE,Not Applicable,NONE,Not Addressed,0.0,"General descriptive, definitional or navigational text; no operational mechanism matching any taxonomy requirement.",NEW_SUCCESS,False,73535c0a957c5bc3363467f647c8115ff55c6a42b3e0158a72feb9dcaec1e6b9,run-c6bf936e43df-5d0fde37,qwen3:8b
S002656,Youtube,YoutubeCopyrightPolicy,"Of the more than 2 billion Content ID claims made in 2024, fewer than 1% have been disputed. Over 70% of those disputes succeeded, because claimants either voluntarily released the claim or did not respond within the 30-day window, resulting in the claim's release. (Source)",NONE,Not Applicable,NONE,Not Addressed,0.0,"Commercial/contractual term (liability, disputes, billing, licensing, service terms); no DPDP data-protection obligation or mechanism.",NEW_SUCCESS,False,1bab4cdcf4b2306b90d84437c6369b738e25cc57bc8637fd95b065ea4adc2268,run-88abf65b56c9595b,qwen3:8b
S000368,Google,Google Privacy Policy,"When we receive formal written complaints, we respond by contacting the person who made the complaint. We work with the appropriate regulatory authorities, including local data protection authorities, to resolve any complaints regarding the transfer of your data that we cannot resolve with you directly.",DPDP_RUL-0201,Grievance Redressal,DPDP Rules 2025,Partially Compliant,0.5,"Published complaint/contact route with a promise to respond, but no stated ninety-day grievance timeline.",NEW_SUCCESS,False,846489f4c612f751caffdb2e2014f5dc506d0e37f4fdbccb1df5de903bd6233d,run-c6bf936e43df-5d0fde37,qwen3:8b
S002357,WhatsApp,WhatsAppPrivacyPolicy,"Company Products, such as Portal, by connecting your WhatsApp account.",NONE,Not Applicable,NONE,Not Addressed,0.0,"General descriptive, definitional or navigational text; no operational mechanism matching any taxonomy requirement.",NEW_SUCCESS,False,c634b2812942483dd32a0d533ee92ed9451e6c62ca3a7fc8ce6f180299a34050,run-c6bf936e43df-5d0fde37,qwen3:8b
S001823,WhatsApp,WhatsApp Business Data Processing Terms,"f. Taking into account the nature of the Processing and the information available to WhatsApp, WhatsApp will assist you in your role as a Controller, by appropriate technical and organisational measures, insofar as this is possible, in fulfilling any obligations under Data Privacy Law applicable to you as a",NONE,Not Applicable,NONE,Not Addressed,0.0,"General descriptive, definitional or navigational text; no operational mechanism matching any taxonomy requirement.",NEW_SUCCESS,False,3e29acc9d14b29cbc23e200d055ff988be9a93333cf3511420b7e55d04a64870,run-c6bf936e43df-5d0fde37,qwen3:8b
S001053,Snapchat,Snap Group Limited Terms of Service,"We hope you’ll understand any decisions we make about content or user accounts, but in some cases you can appeal our decisions. More information about appeals is available on our Support Site. You must submit any complaints within six months of the actions being taken against your content or account.",NONE,Not Applicable,NONE,Not Addressed,0.0,"General descriptive, definitional or navigational text; no operational mechanism matching any taxonomy requirement.",NEW_SUCCESS,False,12faa8829feee952af7375ab819c9e0932f7dca9b4a589e3031ff1531a94924d,run-c6bf936e43df-5d0fde37,qwen3:8b
S001114,Snapchat,Snap Group Limited Terms of Service,"You agree, to the extent permitted by law, to indemnify, defend, and hold harmless Snap, our affiliates, directors, officers, stockholders, employees, licensors, and agents from and against any and all complaints, charges, claims, damages, losses, costs, liabilities, and expenses (including attorneys’ fees) due to, arising out of, or relating in any way to: (a) your access to or use of the Services, (b) your content, including infringement claims related to your content, (c) your breach of these Terms or any applicable law or regulation, or (d) your negligence or intentional misconduct.",NONE,Not Applicable,NONE,Not Addressed,0.0,"Commercial/contractual term (liability, disputes, billing, licensing, service terms); no DPDP data-protection obligation or mechanism.",NEW_SUCCESS,False,6b9c75d877b1058f16a4763ccb0c2118f751b072f8e0aa37cf732d3c72e54237,run-c6bf936e43df-5d0fde37,qwen3:8b
S002032,WhatsApp,WhatsApp Channels Supplemental Privacy Policy,You can learn more here about our data deletion and retention practices and about how to delete your account.,DPDP_ACT-0029,Data Retention & Erasure,DPDP Act 2023,Partially Compliant,0.5,"Deletion or removal option available to the user, or retention exception for legal/business need; qualified and without a statutory timeline.",NEW_SUCCESS,False,acf7b16523b9252f18105d9a1dee211d31c22add0de9dfcb002550e54620d291,run-c6bf936e43df-5d0fde37,qwen3:8b
S002394,Youtube,Child safety policy,"A video with tags like 'for children' or whose audience is set to 'Yes, it's Made for Kids', featuring family-friendly cartoons engaging in inappropriate acts like injecting needles.",NONE,Not Applicable,NONE,Not Addressed,0.0,"General descriptive, definitional or navigational text; no operational mechanism matching any taxonomy requirement.",NEW_SUCCESS,False,f36abb8bf65e43ffda26ccc94cb16c779f9d8422015a8c2af4e6f82bb80b2fb3,run-88abf65b56c9595b,qwen3:8b
S001594,Telegram,Telegram Privacy Policy,"Messages in Secret Chats can be ordered to self-destruct. As soon as such a message is read (2 checks appear), the countdown starts. When the timer expires, both devices participating in a secret chat are instructed to delete the message (photo, video, etc.). Media with short timers (less than a minute) are shown with blurred previews. The timer is triggered when they are viewed.",NONE,Not Applicable,NONE,Not Addressed,0.0,"General descriptive, definitional or navigational text; no operational mechanism matching any taxonomy requirement.",NEW_SUCCESS,False,bc795080898458d42d3019a751e9e107eaa36ebe2f5a32efea62063a5da111bb,run-88abf65b56c9595b,qwen3:8b
S001852,WhatsApp,WhatsApp Business Data Security Terms,a. Training. WhatsApp will ensure that all personnel with access to Covered Data undergo security training.,DPDP_ACT-0025,Security Safeguards,DPDP Act 2023,Partially Compliant,0.5,"General or partial security measure (training, screening, incident/vulnerability programme, encryption feature) without full specification.",NEW_SUCCESS,False,43a87ddaf6d4ed156540a76121ec400d35303940a7624a681c7c45cb0df28322,run-c6bf936e43df-5d0fde37,qwen3:8b
S002397,Youtube,Child safety policy,"If this is the first time that you've violated our Community Guidelines, you'll probably get a warning with no penalty to your channel. You will have the option to take policy training to allow the warning to expire after 90 days. The 90-day period starts from when the training is completed, not when the warning is issued. However, if the same policy is violated within that 90-day window, the warning may not expire and your channel may be given a strike. If you violate a different policy after completing the training, you will get another warning.",NONE,Not Applicable,NONE,Not Addressed,0.0,Content/community-conduct or advertising-policy rule; not a data-protection obligation under the DPDP taxonomy.,NEW_SUCCESS,False,fa3903c0b08512d16c4b47688b289ace0e1c089931ef9e2556edff3fba1b34a7,run-88abf65b56c9595b,qwen3:8b
S002022,WhatsApp,WhatsApp Channels Supplemental Privacy Policy,"How information is shared Channels information is shared in the following ways:  Public Information. Remember that Channel Content, Channel",NONE,Not Applicable,NONE,Not Addressed,0.0,"Describes data sharing with third parties/affiliates in general terms; no consent, safeguard or transfer control matched to a taxonomy requirement.",NEW_SUCCESS,False,b72c34936179daec9d9ef6939c72fb8042990ea3a3b2a2917eb1c84b05da7358,run-c6bf936e43df-5d0fde37,qwen3:8b
S000308,Google,Google Privacy Policy,"We don’t show you personalized ads based on your content from Drive, Gmail, or Photos.",NONE,Not Applicable,NONE,Not Addressed,0.0,"Describes advertising, cookies or personalisation practice; no consent-withdrawal, rights or safeguard mechanism stated.",NEW_SUCCESS,False,885b22621253a4146e909ee6fdd98188a3e059073a03aef0762bc1c3b722e97f,run-c6bf936e43df-5d0fde37,qwen3:8b
S001884,WhatsApp,WhatsApp Business Data Transfer Addendum,"Business Terms, to the extent that the GDPR or other data protection laws in the EEA or Switzerland apply to your Processing of such data.",NONE,Not Applicable,NONE,Not Addressed,0.0,"General descriptive, definitional or navigational text; no operational mechanism matching any taxonomy requirement.",NEW_SUCCESS,False,9625a9d7989fe8b00cdbe48620da5f9fb7189712d5902333929dd0fa08809090,run-c6bf936e43df-5d0fde37,qwen3:8b
S000225,Google,Google Cloud Terms of Service,"""Third-Party Legal Proceeding"" means any formal legal proceeding filed by an unaffiliated third party before a court or government tribunal (including any appellate proceeding).",NONE,Not Applicable,NONE,Not Addressed,0.0,"Commercial/contractual term (liability, disputes, billing, licensing, service terms); no DPDP data-protection obligation or mechanism.",NEW_SUCCESS,False,515880eae51f7468ca29c9af08abefd81f9c4197b445a4eccedbce09b5776605,run-c6bf936e43df-5d0fde37,qwen3:8b
S002205,WhatsApp,WhatsApp_TermsOfService_India,"Services, you are subject to these Terms and responsible for your child’s activity on our Services.",DPDP_ACT-0034,Children/Vulnerable Groups,DPDP Act 2023,Partially Compliant,0.5,"Minimum-age rule or parent/guardian permission or supervision, without a verifiable-consent mechanism.",NEW_SUCCESS,False,b5e62cf8ef5fd1683bc987032f4bfded24fd22c2f9968eb693e1077becea9cfd,run-c6bf936e43df-5d0fde37,qwen3:8b
S000868,Meta,MetaPrivacyPolicy,"Information about the network that you connect your device to, including your IP address Information from cookies and similar technologies.",NONE,Not Applicable,NONE,Not Addressed,0.0,"Describes advertising, cookies or personalisation practice; no consent-withdrawal, rights or safeguard mechanism stated.",NEW_SUCCESS,False,bda5ded9e896ed2f642394a8988126d8667c328194865fae0e06df080374cdf3,run-88abf65b56c9595b,qwen3:8b
S001805,WhatsApp,WhatsApp Business App Privacy Policy,"Review the WhatsApp Privacy Policy to understand how we access, preserve, and share your information in response to legal obligations.",NONE,Not Applicable,NONE,Not Addressed,0.0,"Describes data sharing with third parties/affiliates in general terms; no consent, safeguard or transfer control matched to a taxonomy requirement.",NEW_SUCCESS,False,6676a2a6a3ce386d77c692cc4926714d1ccc30d05e5cf5561ce52071a9eb958a,run-c6bf936e43df-5d0fde37,qwen3:8b
S000808,Meta,MetaPrivacyPolicy,"We offer you a variety of tools to view, manage, download and delete your information below. You can also manage your information by visiting the settings of the Products you use. You may also have other privacy rights under applicable laws.",DPDP_ACT-0040,Data Principal Rights,DPDP Act 2023,Compliant,1.0,"Explicit self-service tool to review/access, update or export a copy of the user's data; concrete access mechanism.",NEW_SUCCESS,False,f31070542311d2cf406f4c8650ef3d589598d3980ed4e9b82dc47c0033021a6c,run-88abf65b56c9595b,qwen3:8b
S000804,Meta,MetaPrivacyPolicy,Meta acts as a for other Meta Companies. We act on their behalf and in accordance with their instructions and terms. service provider,NONE,Not Applicable,NONE,Not Addressed,0.0,"Describes data sharing with third parties/affiliates in general terms; no consent, safeguard or transfer control matched to a taxonomy requirement.",NEW_SUCCESS,False,2a89a7271294aa16f805f64eab767dd9173cc88aa76cf66ddcff031259c6d593,run-88abf65b56c9595b,qwen3:8b
S000320,Google,Google Privacy Policy,"Manage your preferences about the ads shown to you on Google and on sites and apps that partner with Google to show ads. You can modify your interests, choose whether your personal information is used to make ads more relevant to you, and turn on or off certain advertising services.",DPDP_RUL-0208,Consent & Notice,DPDP Rules 2025,Partially Compliant,0.5,"Settings/controls let the user give, manage or review permissions or ad consent; partial coverage of a consent-management function.",NEW_SUCCESS,False,fb506b75f71c3e966675921df0faf357e2c367971c5037ea2c4c0e782504b6fd,run-c6bf936e43df-5d0fde37,qwen3:8b
S000790,Meta,MetaPrivacyPolicy,"To provide measurement, analytics and business services Lots of people rely on our Products to run or promote their businesses or share content.",NONE,Not Applicable,NONE,Not Addressed,0.0,"Describes advertising, cookies or personalisation practice; no consent-withdrawal, rights or safeguard mechanism stated.",NEW_SUCCESS,False,c638920aca9fbc331536b5ac10438eceec06cadd81f3cc4768e29211877752d3,run-88abf65b56c9595b,qwen3:8b
S001870,WhatsApp,WhatsApp Business Data Security Terms,"a. Security Incident Response. WhatsApp will maintain a security incident response plan for monitoring, detecting, and handling possible security incidents affecting Covered Data. The security incident response plan at least includes definitions of roles and responsibility, communication, and post-mortem reviews, including root cause analysis and remediation plans.",DPDP_RUL-0173,Security Safeguards,DPDP Rules 2025,Partially Compliant,0.5,Incident-response or monitoring plan mentioned without log-review or retention detail.,NEW_SUCCESS,False,121050418f8d1c46621840eeff6d514468295c74c0d3d34ff57a0db6657149b7,run-c6bf936e43df-5d0fde37,qwen3:8b
S001599,Telegram,Telegram Privacy Policy,"Improved structure, moving 3.3.5 to 3.4 and 3.3.6 to 3.6.",NONE,Not Applicable,NONE,Not Addressed,0.0,Policy changelog/table-of-contents entry; no compliance obligation or user mechanism.,NEW_SUCCESS,False,c0ce13f90fab372c913fb8b55d04c3ff4fc5b1ca5d08af4f5db1f9fc36230d5d,run-88abf65b56c9595b,qwen3:8b
S002034,WhatsApp,WhatsApp India Payments Privacy Policy,"Table of Contents  Information We Collect  Information You Provide  Automatically Collected Information  How We Use Information  Information You And We Share  Managing and Deleting Your Information  Updates to Our Policy This WhatsApp India Payments Privacy Policy (""India Payments Privacy Policy"") helps explain our information practices when you use WhatsApp Pay. The terms ""our,"" ""we,"" ""us,"" and ""WhatsApp India,"" refer to WhatsApp Application Services Private Limited. WhatsApp India enables you to send and receive payments (""Payments""), a service we provide through, and in coordination with, designated payment service provider (""PSP"") banks.",NONE,Not Applicable,NONE,Not Addressed,0.0,"Describes what data is collected; no user right, retention limit, safeguard or grievance mechanism stated.",NEW_SUCCESS,False,5b6e127ea686c86a2b9a681024bf8f13ef31c338d7a40538d8d2119ec124b331,run-c6bf936e43df-5d0fde37,qwen3:8b
S002377,Youtube,Child safety policy,"Sexualisation of minors: Sexually explicit content featuring minors and content that sexually exploits minors, including minor nudity posted with comedic intent. We report content containing child sexual abuse imagery to the National Center for Missing and Exploited Children, which works with global law enforcement agencies.",DPDP_RUL-0227,Children/Vulnerable Groups,DPDP Rules 2025,Partially Compliant,0.5,Age-appropriate limits or content restrictions protecting minors' well-being.,NEW_SUCCESS,False,ed6a9b81b3eb3ccc12c5f0e507dd7a65bab06d67eb00d0b188521ed3a15260dc,run-88abf65b56c9595b,qwen3:8b
S000278,Google,Google Privacy Policy,"When you use our services, you’re trusting us with your information. We understand this is a big responsibility and work hard to protect your information and put you in control.",NONE,Not Applicable,NONE,Not Addressed,0.0,"General descriptive, definitional or navigational text; no operational mechanism matching any taxonomy requirement.",NEW_SUCCESS,False,ee5bf74e97fc60a2a6a04874885209d2b70ad13b0485db9479507cdc8f7325fb,run-c6bf936e43df-5d0fde37,qwen3:8b
S001178,Snapchat,Snap_Privacy Policy,"Our teams are constantly coming up with new ideas for features and ways to improve our Services. In order to do this, we also develop and improve the algorithms and machine learning models (an expression of an algorithm that combs through significant amounts of data to find patterns or make predictions) that make our features and Services work, including through our AI features. Our AI features typically use generative AI (artificial intelligence capable of generating text, images, or other media, using generative models. Generative AI models learn the patterns and structure of their input training data and then generate new data that has similar characteristics). We use algorithms, machine learning models, and generative AI for personalization, advertising, safety and security, fairness and inclusivity, augmented reality, and to prevent abuse or other Terms or Community Guidelines violations. For example, our algorithms and machine learning models take into account the conversations Snapchatters are having with My AI to improve the responses from My AI.",NONE,Not Applicable,NONE,Not Addressed,0.0,Content/community-conduct or advertising-policy rule; not a data-protection obligation under the DPDP taxonomy.,NEW_SUCCESS,False,6e1c80c422554e4c8f2d6c39b64916984d79def7224f9f67322a20b505e12fd2,run-c6bf936e43df-5d0fde37,qwen3:8b
S001802,WhatsApp,WhatsApp Business App Privacy Policy,Review the WhatsApp Privacy Policy to understand how we work with the other Meta Companies for the WhatsApp Business App.,NONE,Not Applicable,NONE,Not Addressed,0.0,"Describes data sharing with third parties/affiliates in general terms; no consent, safeguard or transfer control matched to a taxonomy requirement.",NEW_SUCCESS,False,019c4f6f8b5f65866df25546301d84d5d8471963c7f57d0999d2fc13c2b0aaa5,run-c6bf936e43df-5d0fde37,qwen3:8b
S000149,Google,Google Cloud Terms of Service,"(b) For U.S. Federal Government Entities. If Customer is a U.S. federal government entity, then the following applies: ALL CLAIMS ARISING OUT OF OR RELATING TO THIS AGREEMENT OR THE SERVICES WILL BE GOVERNED BY THE LAWS OF THE UNITED STATES OF AMERICA, EXCLUDING ITS CONFLICT OF LAWS RULES. SOLELY TO THE EXTENT PERMITTED BY FEDERAL LAW, (I) THE LAWS OF THE STATE OF CALIFORNIA (EXCLUDING CALIFORNIA'S CONFLICT OF LAWS RULES) WILL APPLY IN THE ABSENCE OF APPLICABLE FEDERAL LAW; AND (II) FOR ALL CLAIMS ARISING OUT OF OR RELATING TO THIS AGREEMENT OR THE SERVICES, THE PARTIES CONSENT TO PERSONAL JURISDICTION IN, AND THE EXCLUSIVE VENUE OF, THE COURTS IN SANTA CLARA COUNTY, CALIFORNIA.",NONE,Not Applicable,NONE,Not Addressed,0.0,"Commercial/contractual term (liability, disputes, billing, licensing, service terms); no DPDP data-protection obligation or mechanism.",NEW_SUCCESS,False,987990d20b6af4ae198ac772dfd515dbbb6dcf24f68d0235939977ee3f0240b8,run-c6bf936e43df-5d0fde37,qwen3:8b
S000856,Meta,MetaPrivacyPolicy,"Detect, prevent and combat harmful or unlawful behaviour, such as to review and, in some cases, remove content reported to us",NONE,Not Applicable,NONE,Not Addressed,0.0,"General descriptive, definitional or navigational text; no operational mechanism matching any taxonomy requirement.",NEW_SUCCESS,False,90b018dfa9388061e460f8840e3082f490569660baec9c4233b2d1a2c69d52c7,run-88abf65b56c9595b,qwen3:8b
S001860,WhatsApp,WhatsApp Business Data Security Terms,"personnel, designed to ensure passwords are personal to each individual, and inaccessible to unauthorized persons, including at minimum: password provisioning, including procedures designed to verify the identity of the user prior to a new, replacement, or temporary password; cryptographically protecting passwords when stored in computer systems or in transit over the network; iii. altering default passwords from vendors; iv. strong passwords relative to their intended use; and v. education on good password practices.",DPDP_RUL-0172,Security Safeguards,DPDP Rules 2025,Partially Compliant,0.5,Access control or credential/network safeguard described in general terms.,NEW_SUCCESS,False,20ae8756e77a0d4edca85233207a11c28b46484dd0e36185b67b7df54a10aab6,run-c6bf936e43df-5d0fde37,qwen3:8b
S001206,Snapchat,Snap_Privacy Policy,"Our Services connect you with your friends around the world. To make that possible, we may collect your personal information from, transfer it to, and store and process it in the United States or other countries outside of where you live. Whenever we share information outside of where you live, we ensure safeguards are in place to protect the data as required by law where you live. If you want to learn more about this, see the Region Specific Information section for more details.",DPDP_RUL-0202,Cross-Border Transfer,DPDP Rules 2025,Partially Compliant,0.5,"Discloses cross-border transfer/processing and states safeguards (SCCs, same protections, legal frameworks) but not Indian Central-Government requirements.",NEW_SUCCESS,False,dfde3a80b184b370346a7516ff81688480c76b50f449454b583a553225003561,run-c6bf936e43df-5d0fde37,qwen3:8b
S001188,Snapchat,Snap_Privacy Policy,"Additionally, there may be instances when you interact with our Services that we will ask for your permission to use your information in a new, different, or otherwise specific way.",NONE,Not Applicable,NONE,Not Addressed,0.0,"General descriptive, definitional or navigational text; no operational mechanism matching any taxonomy requirement.",NEW_SUCCESS,False,c13452a750e8e9bd6d9eb4b9c0ef9d4da2c31a864d8eb1756abfa612f835dc3b,run-c6bf936e43df-5d0fde37,qwen3:8b
S002047,WhatsApp,WhatsApp India Payments Privacy Policy,"NPCI's terms and privacy policies will govern your use of their services. o COU. We enable Bill Payments by working with the Customer Operating Unit (“COU”), banks and non bank payment aggregator or any other entity authorised as an “Operating Unit” who can participate in the BBPS as COUs. COU is a category of Operating Unit, and COUs are the entities responsible for providing customers with an interface to pay the bills either directly or through agent institution(s) via the BBPS platform. The COU provides us information based on the bill category you decide to pay. For example, if you decide to pay a utility bill, we will receive bill reference ID, the amount to be paid, and bill due date.",NONE,Not Applicable,NONE,Not Addressed,0.0,"General descriptive, definitional or navigational text; no operational mechanism matching any taxonomy requirement.",NEW_SUCCESS,False,101b324da4dccf4e24504f4bd5685a353ebfcb2cd276a078bab09c5cdb0440d6,run-c6bf936e43df-5d0fde37,qwen3:8b
S000297,Google,Google Privacy Policy,"Depending on the products you’re using and settings you choose, Google may use different types of location information to help make some services and products you use more helpful. These include: Information about things near your device, such as Wi-Fi access points, cell towers, and Bluetooth-enabled devices",NONE,Not Applicable,NONE,Not Addressed,0.0,"Describes what data is collected; no user right, retention limit, safeguard or grievance mechanism stated.",NEW_SUCCESS,False,9a214352786a421a532d87772836e8ee85267544e33ffad7f22b293aafe8f366,run-c6bf936e43df-5d0fde37,qwen3:8b
S002363,WhatsApp,WhatsAppPrivacyPolicy,"property, and users. The storage periods are determined on a case-bycase basis that depends on factors like the nature of the information, why it is collected and processed, relevant legal or operational retention needs, and legal obligations.",DPDP_RUL-0184,Data Retention & Erasure,DPDP Rules 2025,Partially Compliant,0.5,"Retention limited to 'as long as necessary' / defined period or auto-deletion described, but periods are generic or partly unspecified.",NEW_SUCCESS,False,1e67378c839b944cacebae652d28d00b87a37c10699f7e670c24c4929f0dab6d,run-c6bf936e43df-5d0fde37,qwen3:8b
S001820,WhatsApp,WhatsApp Business Data Processing Terms,Personal Information under these Data Processing Terms is bound by appropriate obligations of confidentiality.,DPDP_ACT-0025,Security Safeguards,DPDP Act 2023,Partially Compliant,0.5,"General or partial security measure (training, screening, incident/vulnerability programme, encryption feature) without full specification.",NEW_SUCCESS,False,aa63c3e4e7ba9342f6afaed97f1c2901e2f46a49cb9ad746fc26b99a6f334bad,run-c6bf936e43df-5d0fde37,qwen3:8b
S001166,Snapchat,Snap_Privacy Policy,"Additionally, there may be instances when you interact with our Services that we will ask your permission to collect additional information. For example, before accessing your device’s camera roll or your device or third party contact book.",NONE,Not Applicable,NONE,Not Addressed,0.0,"Describes data sharing with third parties/affiliates in general terms; no consent, safeguard or transfer control matched to a taxonomy requirement.",NEW_SUCCESS,False,10fd6926e26f64a6e5d382b57ca77ce1ba25b0a43552ba01b680edb0a2d809fa,run-c6bf936e43df-5d0fde37,qwen3:8b
S000282,Google,Google Privacy Policy,"You can use our services in a variety of ways to manage your privacy. For example, you can sign up for a Google Account if you want to create and manage content like emails and photos, or see more relevant search results. And you can use many Google services when you’re signed out or without creating an account at all, like searching on Google or watching YouTube videos. You can also choose to browse the web in a private mode, like Chrome Incognito mode, which helps keep your browsing private from other people who use your device. And across our services, you can adjust your privacy settings (like history and personalization controls) to make choices about whether we save some types of data to your Google account and how we use it.",NONE,Not Applicable,NONE,Not Addressed,0.0,"Describes advertising, cookies or personalisation practice; no consent-withdrawal, rights or safeguard mechanism stated.",NEW_SUCCESS,False,b046c3275edb474a9b51adf94f4f84fa3cb8a9ac20b71e98fc05dca7f0dfe575,run-c6bf936e43df-5d0fde37,qwen3:8b
S001573,Telegram,Telegram Privacy Policy,"When making a purchase, you enter your credit card details into a form supplied by the payment provider that will be processing the payment, and this information goes directly to the payment provider's server. Your credit card information never reaches Telegram's servers. We do not access and do not store your credit card information. When you save your credit card info, it is saved on the respective payment provider's servers and the payment provider gives Telegram a token that you can reuse for future payments. It is not possible to reconstruct your credit card info from the token.",NONE,Not Applicable,NONE,Not Addressed,0.0,"General descriptive, definitional or navigational text; no operational mechanism matching any taxonomy requirement.",NEW_SUCCESS,False,a772891dfc5f8039f5a1b9e3b1f5e2520489845ea29cb6c44a086cf59c9ed303,run-88abf65b56c9595b,qwen3:8b
S001787,WhatsApp,WhatsApp Business App Privacy Policy,Information You Provide  Your Business Account Information.,NONE,Not Applicable,NONE,Not Addressed,0.0,"Describes what data is collected; no user right, retention limit, safeguard or grievance mechanism stated.",NEW_SUCCESS,False,d20a849080d74a7a5a4e20e5a2c0f4ac038b28d2aea869cf56b37511757c700c,run-c6bf936e43df-5d0fde37,qwen3:8b
S001812,WhatsApp,WhatsApp Business Data Processing Terms,"“Processor” means a natural or legal person, public authority, agency or other body which processes Personal Information on behalf of the Controller.",NONE,Not Applicable,NONE,Not Addressed,0.0,"General descriptive, definitional or navigational text; no operational mechanism matching any taxonomy requirement.",NEW_SUCCESS,False,e022407b717242032f526b2380befd4f5115b3556807ff915e2ddd9a647013c3,run-c6bf936e43df-5d0fde37,qwen3:8b
S002387,Youtube,Child safety policy,"Cyberbullying, harassment and doxxing of minors: Content that: Reveals a minor's personal information, such as email addresses or phone numbers, regardless of whether it is shared by others or the minor themself.",NONE,Not Applicable,NONE,Not Addressed,0.0,Content/community-conduct or advertising-policy rule; not a data-protection obligation under the DPDP taxonomy.,NEW_SUCCESS,False,ed9f1a828929336efb64b707f5781253b10e17783028f1e2174a4cb817941d53,run-88abf65b56c9595b,qwen3:8b
S002374,Youtube,Child safety policy,"Instructions for reporting violations of our Community Guidelines are available here. If you've found multiple videos or comments that you would like to report, you can report the channel.",NONE,Not Applicable,NONE,Not Addressed,0.0,Content/community-conduct or advertising-policy rule; not a data-protection obligation under the DPDP taxonomy.,NEW_SUCCESS,False,c5aaa2969ccd3d2e66ba36aff13c56904d61d662f24a398110e6a92a408627b4,run-88abf65b56c9595b,qwen3:8b
S001882,WhatsApp,WhatsApp Business Data Transfer Addendum,b. “EEA” means European Economic Area.,NONE,Not Applicable,NONE,Not Addressed,0.0,"General descriptive, definitional or navigational text; no operational mechanism matching any taxonomy requirement.",NEW_SUCCESS,False,9d5ea2d2b88bbc617337e0a7b9392e041b4dab3bf7248391962a5889cf7f0dfc,run-c6bf936e43df-5d0fde37,qwen3:8b
S002019,WhatsApp,WhatsApp Channels Supplemental Privacy Policy," Subscriber Information. If you choose to subscribe to a channel, we collect information such as the channels you subscribe to, the start date and renewal terms.  Subscription Payment Information. If you subscribe to a channel, we also collect information such as your payment method and transaction amount. We work with multiple third-party payment providers such as Apple App Store or Google Play, who will provide us with information about your transaction, to process your payment and manage your subscriptions.",NONE,Not Applicable,NONE,Not Addressed,0.0,"Commercial/contractual term (liability, disputes, billing, licensing, service terms); no DPDP data-protection obligation or mechanism.",NEW_SUCCESS,False,23630adb3062d8fcb870c8f6e96f5fdcc73c3c55c6d9f3bf580bc03b9f8309a1,run-c6bf936e43df-5d0fde37,qwen3:8b
S001569,Telegram,Telegram Privacy Policy,"If you message a Business user who connected a chatbot to their account, depending on their settings, you may be effectively communicating with a bot, and it will receive basic data about you as detailed in section 6.3 above.",NONE,Not Applicable,NONE,Not Addressed,0.0,"Describes data sharing with third parties/affiliates in general terms; no consent, safeguard or transfer control matched to a taxonomy requirement.",NEW_SUCCESS,False,cc3d97942c9cee20a73eff7aa7f340d2a0af293420990792a7d79c5d5fc576e2,run-88abf65b56c9595b,qwen3:8b
S001878,WhatsApp,WhatsApp Business Data Transfer Addendum,4. This Data Transfer Addendum takes priority over the Business Terms and the Data Processing Terms to the extent of a conflict or inconsistency.,NONE,Not Applicable,NONE,Not Addressed,0.0,"General descriptive, definitional or navigational text; no operational mechanism matching any taxonomy requirement.",NEW_SUCCESS,False,38a9a9da3db117ed979b7870a3aa1f277a94f9f1706f326d0a22d4dbc38ee808,run-c6bf936e43df-5d0fde37,qwen3:8b
S002000,WhatsApp,WhatsApp Channels Supplemental Privacy Policy,"This WhatsApp Channels Supplemental Privacy Policy helps explain our information practices when you use WhatsApp Channels (“Channels”). When we say “WhatsApp”, “our”, “we” or “us”, we are referring to WhatsApp LLC.",NONE,Not Applicable,NONE,Not Addressed,0.0,"General descriptive, definitional or navigational text; no operational mechanism matching any taxonomy requirement.",NEW_SUCCESS,False,342576e76098138486c44691311bd3feef98aa402ac35ae59f6df143b22ecb2b,run-c6bf936e43df-5d0fde37,qwen3:8b
S000043,Google,Google Cloud Terms of Service,"(i) With respect to GCP Services and their corresponding TSS, unless otherwise noted by Google, material updates to this Agreement will become effective 30 days after they are posted. Notwithstanding the preceding sentence, to the extent any updates apply to new functionality or are required to comply with applicable law, they will be effective immediately. If Customer does not agree to any update to the Agreement regarding GCP or its TSS, Customer may stop using the GCP Services or TSS. Customer may also terminate this Agreement for convenience under Section 8.5 (Termination for Convenience). Customer's continued use of the GCP Services or TSS after a material update will constitute Customer's consent to such update.",NONE,Not Applicable,NONE,Not Addressed,0.0,"General descriptive, definitional or navigational text; no operational mechanism matching any taxonomy requirement.",NEW_SUCCESS,False,fa23420c4fec953b03b91b7c2c76b71b1d531b22b27e84c20d96f13a13c04ea4,run-c6bf936e43df-5d0fde37,qwen3:8b
